<OverlayData>
	<MarkerCategory name="mow" DisplayName="Movement On The World">
		<MarkerCategory name="lwexp" DisplayName="Living World &amp; Expansions">
			<!-- LEAVING WORLDS 1 AND 2 --> 
			<MarkerCategory name="lws12" DisplayName="LW S1 &amp; S2">
				<MarkerCategory name="makers" DisplayName="LWS1-2 Markers" bh-color="&#35;3D352E" color="FF3D352E" iconFile="MoW/MoWMakerBW.png" behavior="0" bh-FadeNear="300" bh-FadeFar="500" FadeNear="700" FadeFar="1000" infoRange="7" maxSize ="96" minSize="56" autotrigger="true" mapVisibility="1" miniMapVisibility="0"/>
				<MarkerCategory name="makersstart" DisplayName="Start Markers" hide="mow.lwexp.lws12.roads" iconFile="MoW/mowstart.png" behavior="0" fadeNear="100000" fadeFar="100000" infoRange="10" autotrigger="true" minSize ="30" maxSize="200" mapVisibility="1" miniMapVisibility="0"/>
				<MarkerCategory name="roads" DisplayName="Trails" bh-color="&#35;ffffff" color="ffffffff" texture="MoW/MoWTBW.png" miniMapVisibility="0" inGameVisibility="0" mapVisibility="0" trailscale="1"/>
			</MarkerCategory>
			<!-- HoT AND LEAVING WORLD 3 --> 
			<MarkerCategory name="hotlw3" DisplayName="HoT &amp; LW S3">
				<MarkerCategory name="makers" DisplayName="HoT Markers" bh-color="&#35;62d534" color="FF62d534" iconFile="MoW/MoWMAKERBW.png" behavior="0" bh-FadeNear="300" bh-FadeFar="500" FadeNear="700" FadeFar="1000" infoRange="7" maxSize ="96" minSize="56" autotrigger="true" mapVisibility="1" miniMapVisibility="0"/>
				<MarkerCategory name="makersstart" DisplayName="Start Markers" hide="mow.lwexp.hotlw3.roads" iconFile="MoW/mowstart.png" behavior="0" fadeNear="100000" fadeFar="100000" infoRange="10" autotrigger="true" minSize ="30" maxSize="200" mapVisibility="1" miniMapVisibility="0"/>
				<MarkerCategory name="roads" DisplayName="Trails" bh-color="&#35;62d534" color="FF62d534" texture="MoW/MoWTBW.png" miniMapVisibility="0" inGameVisibility="0" mapVisibility="0" trailscale="1"/>
			</MarkerCategory>
			<!-- PoF AND LEAVING WORLD 4 --> 
			<MarkerCategory name="poflw4" DisplayName="PoF &amp; LW S4">
				<MarkerCategory name="makers" DisplayName="PoF Markers" bh-color="&#35;f44385" color="FFf44385" iconFile="MoW/MoWMAKERBW.png" behavior="0" bh-FadeNear="300" bh-FadeFar="500" FadeNear="700" FadeFar="1000" infoRange="7" maxSize ="96" minSize="56" autotrigger="true" mapVisibility="1" miniMapVisibility="0"/>
				<MarkerCategory name="makersstart" DisplayName="Start Markers" hide="mow.lwexp.poflw4.roads" iconFile="MoW/mowstart.png" behavior="0" fadeNear="100000" fadeFar="100000" infoRange="10" autotrigger="true" minSize ="30" maxSize="200" mapVisibility="1" miniMapVisibility="0"/>
				<MarkerCategory name="roads" DisplayName="Trails" bh-color="&#35;f44385" color="FFf44385" texture="MoW/MoWTBW.png" miniMapVisibility="0" inGameVisibility="0" mapVisibility="0" trailscale="1"/>
			</MarkerCategory>
			<!-- ICEBROOD SAGA --> 
			<MarkerCategory name="ibs" DisplayName="IBS">
				<MarkerCategory name="makers" DisplayName="IBS Markers" bh-color="&#35;43e9f4" color="FF43e9f4" iconFile="MoW/MoWMAKERBW.png" behavior="0" bh-FadeNear="300" bh-FadeFar="500" FadeNear="700" FadeFar="1000" infoRange="7" maxSize ="96" minSize="56" autotrigger="true" mapVisibility="1" miniMapVisibility="0"/>
				<MarkerCategory name="makersstart" DisplayName="Start Markers" hide="mow.lwexp.ibs.roads" iconFile="MoW/mowstart.png" behavior="0" fadeNear="100000" fadeFar="100000" infoRange="10" autotrigger="true" minSize ="30" maxSize="200" mapVisibility="1" miniMapVisibility="0"/>
				<MarkerCategory name="roads" DisplayName="Trails" bh-color="&#35;43e9f4" color="FF43e9f4" texture="MoW/MoWTBW.png" miniMapVisibility="0" inGameVisibility="0" mapVisibility="0" trailscale="1"/>
			</MarkerCategory>
			<!-- END OF DRAGONS --> 
			<MarkerCategory name="eod" DisplayName="EOD">
				<MarkerCategory name="makers" DisplayName="EOD Markers" bh-color="&#35;50edad" color="FF50edad" iconFile="MoW/MoWMAKERBW.png" behavior="0" bh-FadeNear="300" bh-FadeFar="500" FadeNear="700" FadeFar="1000" infoRange="7" maxSize ="96" minSize="56" autotrigger="true" mapVisibility="1" miniMapVisibility="0"/>
				<MarkerCategory name="makersstart" DisplayName="Start Markers" hide="mow.lwexp.eod.roads" iconFile="MoW/mowstart.png" behavior="0" fadeNear="100000" fadeFar="100000" infoRange="10" autotrigger="true" minSize ="30" maxSize="200" mapVisibility="1" miniMapVisibility="0" trailscale="1"/>
				<MarkerCategory name="roads" DisplayName="Trails" bh-color="&#35;50edad" color="FF50edad" texture="MoW/MoWTBW.png" miniMapVisibility="0" inGameVisibility="0" mapVisibility="0"/>
			</MarkerCategory>
		</MarkerCategory>
		<MarkerCategory name="makers" DisplayName="Core Markers" bh-color="&#35;ff8914" color="FFff8914" iconFile="MoW/MoWMakerBW.png" maxSize ="66" behavior="0" bh-FadeNear="300" bh-FadeFar="500" FadeNear="700" FadeFar="1000" infoRange="2" autotrigger="true" mapVisibility="1" miniMapVisibility="0"/>
		<MarkerCategory name="makerswaypoint" DisplayName="Pink Markers" iconFile="MoW/MoWWPMaker.png" behavior="0" fadeNear="4000" fadeFar="5000" infoRange="10" autotrigger="true" mapVisibility="1" miniMapVisibility="0"/>
		<MarkerCategory name="makersstart" DisplayName="Start Markers" iconFile="MoW/mowstart.png" hide="mow.roads" behavior="0" fadeNear="100000" fadeFar="100000" infoRange="10" autotrigger="true" minSize ="30" maxSize="200" mapVisibility="1" miniMapVisibility="0"/>
        <MarkerCategory name="roads" DisplayName="Trails" bh-color="&#35;ff8914" color="FFff8914" texture="MoW/MoWTBW.png" miniMapVisibility="0" inGameVisibility="1" mapVisibility="1" trailscale="1"/>
    </MarkerCategory>
		<MarkerCategory name="mowpp" DisplayName="MoW++">
		<MarkerCategory name="lore" DisplayName="Lore">
			<MarkerCategory name="book" DisplayName="Tyrian History" iconFile="MoW/MoWLoreHGT.png" behavior="0" fadeNear="4000" fadeFar="5000" infoRange="2" autotrigger="true" mapVisibility="1" miniMapVisibility="0"/>
		</MarkerCategory>
		<MarkerCategory name="challenge" DisplayName="Champions">
			<MarkerCategory name="champions" DisplayName="Locations" iconFile="MoW/MoWChampionMaker.png" behavior="0" infoRange="2" autotrigger="true" mapVisibility="1" miniMapVisibility="0"/>
			<MarkerCategory name="championsList" DisplayName="List" iconFile="MoW/MoWChampionListMaker.png" behavior="0" infoRange="2" autotrigger="true" mapVisibility="1" miniMapVisibility="0"/>
		</MarkerCategory>
	</MarkerCategory>
</OverlayData>