<OverlayData>
	<MarkerCategory name="mowpp" DisplayName="MoW++">
		<MarkerCategory name="lore" DisplayName="Lore">
			<MarkerCategory name="book" DisplayName="Tyrian History" iconFile="MoW/MoWLoreHGT.png" behavior="0" fadeNear="4000" fadeFar="5000" infoRange="2" autoTrigger="false" mapVisibility="1" miniMapVisibility="0"/>
		</MarkerCategory>
		<MarkerCategory name="challenge" DisplayName="Champions">
			<MarkerCategory name="champions" DisplayName="Locations" iconFile="MoW/MoWChampionMaker.png" behavior="0" infoRange="2" autoTrigger="false" mapVisibility="1" miniMapVisibility="0"/>
			<MarkerCategory name="championsList" DisplayName="List" iconFile="MoW/MoWChampionListMaker.png" behavior="0" infoRange="2" autoTrigger="false" mapVisibility="1" miniMapVisibility="0"/>
		</MarkerCategory>
	</MarkerCategory>
</OverlayData>