<OverlayData>
	<MarkerCategory name="mow" DisplayName="Movement On The World">
		<MarkerCategory name="alternative" DisplayName="Alternative">
			<MarkerCategory name="makers" DisplayName="Orange Markers" iconFile="Data/MoW/MoWAMaker.png" behavior="0" fadeNear="700" fadeFar="1000" infoRange="7" autoTrigger="false" mapVisibility="1" miniMapVisibility="0"/>
			<MarkerCategory name="makersstart" DisplayName="Start Markers" iconFile="Data/MoW/mowstart.png" behavior="0" fadeNear="100000" fadeFar="100000" infoRange="10" autoTrigger="false" minSize ="30" maxSize="200" mapVisibility="1" miniMapVisibility="0"/>
			<MarkerCategory name="roads" DisplayName="Trails" texture="Data/MoW/MoWAT.png" miniMapVisibility="0" inGameVisibility="0" mapVisibility="0"/>
		</MarkerCategory>
		<MarkerCategory name="makers" DisplayName="Orange Markers" iconFile="Data/MoW/MoWMaker.png" behavior="0" fadeNear="700" fadeFar="1000" infoRange="7" autoTrigger="false" mapVisibility="1" miniMapVisibility="0"/>
		<MarkerCategory name="makerswaypoint" DisplayName="Pink Markers" iconFile="Data/MoW/MoWWPMaker.png" behavior="0" fadeNear="4000" fadeFar="5000" infoRange="10" autoTrigger="false" mapVisibility="1" miniMapVisibility="0"/>
		<MarkerCategory name="makersstart" DisplayName="Start Markers" iconFile="Data/MoW/mowstart.png" behavior="0" fadeNear="100000" fadeFar="100000" infoRange="10" autoTrigger="false" minSize ="30" maxSize="200" mapVisibility="1" miniMapVisibility="0"/>
        <MarkerCategory name="roads" DisplayName="Trails" texture="Data/MoW/MoWT.png" miniMapVisibility="0" inGameVisibility="1" mapVisibility="1"/>
    </MarkerCategory>
</OverlayData>