<OverlayData>
	<POIs>
		<Trail trailData="Trails/Ashford_Final.trl" animSpeed="0.5" alpha="1" type="mow.roads" fadeNear="500" fadeFar="1000"/>


		<POI MapID="19" xpos="-1081.9" ypos="51.6339" zpos="236.614" type="mow.makersstart"/>
		<POI MapID="19" xpos="-1081.9" ypos="51.6339" zpos="236.614" type="mow.makers" GUID="Byq/y9SCNkaTedq3wKTO5w==" info="[1] Welcome on this map tour of the Plains of Ashford! To start with, head west and visit the Barn."
/>
		<POI MapID="19" xpos="-1133.54" ypos="41.4546" zpos="252.339" type="mow.makers" GUID="IHi/LfGmv0KbgOgxGJql4Q==" info="[2] Do the heart, and go back to the main road.

You see this dark metallic tower ? Next point is on the road towards it."
/>
		<POI MapID="19" xpos="-1071.3" ypos="39.83" zpos="345.448" type="mow.makers" GUID="3ahBrk1CCUyA2Chk6s8qgw==" info="[3] Keep going on this road, you will take a turn right as soon as possible and run on the slope down and under a bridge. Keep an eye out for a possible event at the Armory (the place with that huge tower)."
/>
		<POI MapID="19" xpos="-984.456" ypos="11.0359" zpos="506.459" type="mow.makers" GUID="Si6Ib2rnPEGSrJQ4n3ERbQ==" info="[4] Here can trigger devourers events. I advise to wait for them. You will get to kill a giant one. After that, pass through the tunner to the waterfall."
/>
		<POI MapID="19" xpos="-882.752" ypos="3.22917" zpos="551.926" type="mow.makers" GUID="/TL200L2WUqWXuGK0KDdZg==" info="[5] Here can spawn a veteran skale. But after having killed a giant devourer, this should be a walk in the plains... Sorry.

After that walk in the water towards East."
/>
		<POI MapID="19" xpos="-759.99" ypos="-0.793225" zpos="531.947" type="mow.makers" GUID="1fN4yU/jRk2shfbIQubmww==" info="[6] Continue walking east. There is an event to clear the lake of tar elementals which then chain in two other events leading you into the Facula Castrum. You can wait for the chain to reset if it has already started as this event is on a pretty low cooldown. Otherwise just take the chain from its current state.

Next point is somewhere near a chest in the Facula Castrum." />
		<POI MapID="19" xpos="-466.279" ypos="28.8961" zpos="536.94" type="mow.makers" GUID="cgTEPK6X2UaX9Vm+uN2v3A==" copy="[&amp;BJcDAAA=]" info="[7] Get out of the flamme legion's caves and walk south. You will find a passage through the cliffs which you allow you to get out of this starting area for a little while."
/>
		<POI MapID="19" xpos="-630.96" ypos="39.4829" zpos="235.172" type="mow.makers" GUID="EXXrYj5N/kCP89Vu2AcpKQ==" copy="[&amp;BH8BAAA=]" info="[8] Explore Old Duke's Estate.

I advise waiting for a super cool event that requires you stay near the Crush cubs and keep the ghosts away. After that event has ended, follow the cubs. In anycase you want to head South-West to the [Vir's Gate Waypoint], this is an entrance back to the first zone you where in a moment ago."
/>
		<POI MapID="19" xpos="-861.902" ypos="45.698" zpos="-24.2447" type="mow.makers" GUID="k9kcxY5BXEWKzTRG0Skl4g==" info="[9] An event involving Harpies might happens just near this entrance, you can wait for it.

After that, go back to Smokestead."
/>
		<POI MapID="19" xpos="-1011.32" ypos="36.9404" zpos="43.0796" type="mow.makers" GUID="AcoFb7tgUECYWB/ADTYQ0Q==" copy="[&amp;BFcBAAA=]" info="[10] An event can happen in the bar near there, it's really cool to learn about the charrs legions.

Next Marker by following the Eastern Wall of this zone."
/>
		<POI MapID="19" xpos="-816.544" ypos="45.6389" zpos="248.419" type="mow.makers" GUID="DCwDF9V5oEC0Zmm2/+GVfg==" copy="[&amp;BFwFAAA=]" info="[11] Do the heart, then continue forward. Get the vista as the end of the pipe."
/>
		<POI MapID="19" xpos="-647.759" ypos="26.868" zpos="433.214" type="mow.makers" GUID="VcOLnfE6Lk6syynZsxQUIA==" info="[12] Dive in the lake, and join the heart NPC
Strum Bassclash. It is not as dangerous as it seems, I promise" />
		<POI MapID="19" xpos="-735.066" ypos="4.7028" zpos="429.335" type="mow.makers" GUID="QNAYNR4GEU2FPEoqRiTzpA==" copy="Near [&amp;BIEBAAA=]" info="[13] Near there an escort can trigger with NPC Marik Grimeclaw. However it triggers very rarely. Instead take the stairs just West and run to the bridge." />
		<POI MapID="19" xpos="-972.154" ypos="41.6293" zpos="457.164" type="mow.makers" GUID="+eiAaE7A10OfD1jC1yAyCw==" copy="Near [&amp;BIEBAAA=]" info="[14] This is indeed the bridge. Keep going!"
/>
		<POI MapID="19" xpos="-1092.9" ypos="56.0845" zpos="492.459" type="mow.makers" GUID="yjSsFafCzkeA9MYheCeKGg==" copy="[&amp;BJUDAAA=], find a hidden passage behind the bar" info="[15] You can explore a small skritt lair north to get the point of interest. Then you only have to go back to Smokestead village. Once there, try to find a cave leading out of the area behind the Charr pub where you previously pacified the Legions." />
		<POI MapID="19" xpos="-1090.14" ypos="37.0465" zpos="-55.7677" type="mow.makers" GUID="+ESYwXU8cEWbvvYw0n1+pg==" copy="[&amp;BFkBAAA=], campfire" info="[16] Well done!

Go through and you will arrive to the Sharptail Encampment. The next point is near the camp fire."
/>
		<POI MapID="19" xpos="-898.019" ypos="44.2207" zpos="-187.739" type="mow.makers" GUID="i3rpKchRUkKPciK11smjgA==" info="[17] Wait for a charr to tell you that a scout has gone missing. Propose your help, and go fetch the missing scout. When you come back, check in the biggest tent."
/>
		<POI MapID="19" xpos="-885.91" ypos="45.3467" zpos="-221.393" type="mow.makers" GUID="w5omD5pyrkaqxZTUQpBKVQ==" info="[18] Wait again to Escort Vhes Hauntslayer and her warband. After escorting them, Protect Hauntsmash as he plants charges. The next event will be to Defend the Ash Legion's camp, do it only once as it will repeat indefinitely as long as you are successful." />
		<POI MapID="19" xpos="-873.892" ypos="26.2275" zpos="-344.341" type="mow.makers" GUID="A5rpebHmG0mlrUTZJ5CWpg==" copy="[&amp;BPgGAAA=]" info="[19] Defend this camp only once. After that go south and get the Langmar Estate Waypoint." />
		<POI MapID="19" xpos="-828.813" ypos="53.0195" zpos="-494.852" type="mow.makers" GUID="3fiuNw07F0eD7c/uTcw9xw==" copy="[&amp;BIMBAAA=], at one gate" info="[20] Then you can head north and go back to Old Duke's Estate. On the East of the Ruins is a Charr settlement. You will find the next point at its entrance."
/>
		<POI MapID="19" xpos="-522.883" ypos="51.5268" zpos="115.949" type="mow.makers" GUID="0BDRbkwW4kaug7fNN8UgnQ==" copy="[&amp;BFsBAAA=], Jenk leads you there" info="[21] If you just bombed some human's statues with the Ash legion, then you're good.

DO NOT FORGET TO GET THE TEMPERUS WAYPOINT IN THE CAMP THERE.

Wait around here for Jenk Cutspecter to start a collect event. Follow him when the collect is done. Next point is where Jenk will lead you." />
		<POI MapID="19" xpos="-569.436" ypos="59.0836" zpos="-111.303" type="mow.makers" GUID="9TV+J/OIwkuRdV+xns+d4A==" copy="[&amp;BFoBAAA=], Legionnaire leads you there" info="[22] Jenk event will now chain. Wait for a while and do it. After that, go outside and find the Iron Legion Legionnaire. Speak to him and follow him."
/>
		<POI MapID="19" xpos="-503.875" ypos="53.5869" zpos="-409.005" type="mow.makers" GUID="KtBNcjiVlEGdG8igB2q5yA==" copy="[&amp;BF4FAAA=]" info="[23] Kill the veteran lava shaman. Then stay here when this event ends and wait for the effigy to spawn. After that, Go south and along Lake Adorea. Get the hero point.

Next point at the vista south of the Lake."
/>
		<POI MapID="19" xpos="-267.282" ypos="38.1289" zpos="-517.467" type="mow.makers" GUID="i592umMSuUSiBBFrQyZrEQ==" copy="[&amp;BIQBAAA=], repair NPC" info="[24] You see some Charr construction North-East. That is where you go.

Next point at the reinforce armor NPC there."
/>
		<POI MapID="19" xpos="-100.466" ypos="50.4104" zpos="-204.641" type="mow.makers" GUID="pnGRQmfFSEy9NbYHgVr6fg==" copy="[&amp;BIUBAAA=]" info="[25] Go back to the Lake and find the Adorea Waypoint. This is where the next point will be."
/>
		<POI MapID="19" xpos="-329.903" ypos="8.52309" zpos="-308.505" type="mow.makers" GUID="CUpOXrSa5E6cRZ9qd71JEQ==" copy="[&amp;BFYBAAA=]" info="[26] If you have not seen the vista south of the Lake yet... WRONG WAY. Else, go straigth north to the statue of Pyre Fierceshot." />
		<POI MapID="19" xpos="-333.352" ypos="51.2123" zpos="-57.8536" type="mow.makers" GUID="y50GIWynUECRoiHVr4Ny4Q==" copy="[&amp;BJkDAAA=]" info="[27] Pierce is a great hero. I bet you will be one too after having completed this map tour. For that purpose, follow the road North-East and take the first turn rigth. You will reach Spirit Hunter Camp Waypoint." />
		<POI MapID="19" xpos="-79.7214" ypos="43.3397" zpos="83.1211" type="mow.makers" GUID="a4aCQBa+10ysslIzfe/kvQ==" info="[28] The Hunter Camp is just there. Get the waypoint where you will have a few more insights about what to do now." />
		<POI MapID="19" xpos="-12.0537" ypos="51.7515" zpos="159.881" type="mow.makers" GUID="kNZHuzOlFUuYml7QV55yFA==" copy="[&amp;BCMBAAA=], Bane Warband Event Chain leads you there" info="[29] This place is amazing.

You are now waiting for a defense of the camp. While you wait, speak to the Engineer, she will propose two expeditions: vote for the caverns option and follow her to the cavern then back to the camp. 

After defense of the camp, follow the Bane Warband to scout the Abbey Ruins. There you will defeat the Ascalonian ghost leader and find your next point." />
		<POI MapID="19" xpos="20.6985" ypos="31.6758" zpos="-29.3878" type="mow.makers" GUID="3x7Li8SNWk+MWCEyihH6zA==" info="[30] On the way back, do not follow the NPCs to the Hunter Camp.

Instead, head south. next point at the hero point just south. " />
		<POI MapID="19" xpos="29.8552" ypos="31.1356" zpos="-139.075" type="mow.makers" GUID="OLJodPuvo0mP69flkXYDmA==" info="[31] Continue South until you face cliffs. You should find another point between two red-leaved trees (good luck with that)." />
		<POI MapID="19" xpos="150.294" ypos="43.157" zpos="-353.393" type="mow.makers" GUID="FqFF9fVrFkWUnjJaHxLnNg==" copy="Explore [&amp;BBkBAAA=]" info="[32] You see the passage down there? Just explore the Windrock Maze a bit. You will find the next point somewhere in there." />
		<POI MapID="19" xpos="255.564" ypos="-18.4313" zpos="-320.831" type="mow.makers" GUID="YU1YNyI7eUW1YWimbvjbOw==" copy="[&amp;BJYDAAA=]" info="[33] Waypoint back to the Spirit Hunter Camp Waypoint. From the camp, walk north towards what seems to be a Giant Pink Cristal. Next point is at its foot."/>
		<POI MapID="19" xpos="75.1168" ypos="1.37502" zpos="327.471" type="mow.makers" GUID="0cgG4u7xqE+ymtkaMS64ew==" copy="[&amp;BF0BAAA=]" info="[34] The Searing is an historical event in the timeline. In your chat, use the command '/wiki Searing' to learn more about it! Then continue your walk going North-West, and find a statue to a human God.

The next point is where the sword meet the rocks." />
		<POI MapID="19" xpos="-41.9196" ypos="49.9377" zpos="385.577" type="mow.makers" GUID="5zz/ksq8qkqtMKrSGg9/gg==" copy="[&amp;BGAFAAA=]" info="[35] Balthazar, god of War. Ah... Balthazar. You can do an event chain here involving Grawls. This chain starts with the enraged Grawl and ends by driving the Grawls away.

After that, visit the Toppled Wall area east. The next point is at the vista there." />
		<POI MapID="19" xpos="119.729" ypos="62.0082" zpos="439.542" type="mow.makers" GUID="S9Na4jesWEe3lS+p6FBlEw==" info="[36] I advise you to do the heart as it is a beautiful area and next will be a huge step up in difficulty. An event can eventually trigger at the wall, involving NPC Explorer Erin, but it relies on the failing of a previous one at the Priory Camp just south.

Find the Next Marker on the wall."/>
		<POI MapID="19" xpos="152.76" ypos="78.9042" zpos="514.824" type="mow.makers" GUID="6M1Nj+1zeUS0v/uFdYqiCA==" copy="[&amp;BFwBAAA=]" info="[37] If you are doing the collect event with NPC Explorer Erin, just follow her after it ends back to the Priory Camp. Else, you will find Priory Arcanist walking down the wall, follow them to the Camp where next point will be."/>
		<POI MapID="19" xpos="230.037" ypos="58.5778" zpos="331.607" type="mow.makers" GUID="MNdo1n8BF0qCc0Vc74OXqw==" copy="[&amp;BIYBAAA=]" info="[38] Note that there is a Sylvari explorer in the tent to whom you can speak to go on an adventure with her. But depending on your current level, this might be an arduous task. When you are done, get the waypoint near the Dungeon of the Ascalonian Catacombs."/>
		<POI MapID="19" xpos="327.421" ypos="33.7074" zpos="331.361" type="mow.makers" GUID="XpkZtDgs902k8zvFY6vAKw==" copy="[&amp;BFIBAAA=]" info="[39] There is an asura Priory explorer you can speak to him to help finding artefacts. As for the Sylvari, it might be a hard task. After that, look South. There are either only ruins, or a Charr camp. Head that way, this is [Swordcross Outpost]." />
		<POI MapID="19" xpos="407.978" ypos="28.4851" zpos="182.77" type="mow.makers" GUID="3EFqOgsAD0yVZyGla3cw/w==" info="[40] You are now in the north-east area of the map. This is where The Battle for Ascalon City Meta Event takes place. You want to keep an eye out for it. Fortunately, there are a lot of things to do in the area while you wait.

There is another point in this camp, find it to know more." />
		<POI MapID="19" xpos="436.807" ypos="29.4617" zpos="167.777" type="mow.makers" GUID="hM3n8nh12k+Onwrw84JyHw==" copy="[&amp;BFMBAAA=]" info="[41] A defense event happens here that allow the camp to be settled. When it is settled other events can trigger. The one that I personnaly find fun is the one you get by speaking to Aymber Blastrock during which you have to Protect the demolition team while you cross the map to the extreme north-east.

Next point is at the Foefire's Heart. You will naturally be there at the end of the Battle for Ascalon City Meta Event. Else, ask around." />
		<POI MapID="19" xpos="817.915" ypos="39.1854" zpos="516.688" type="mow.makers" GUID="gDj8IyrqvUejq4ZzB/GJDQ==" info="[42] I hope you did the Meta. Anyway, next point is at the Hero Challenge just North-East." />
		<POI MapID="19" xpos="926.244" ypos="93.8132" zpos="579.476" type="mow.makers" GUID="tDL+Se5A7Ee6qbTbYgpIqw==" info="[43] Get down the stairs in the round room and pass through a window toward East. The next point is a few steps after the window, still on the wall." />
		<POI MapID="19" xpos="979.217" ypos="73.2098" zpos="536.6" type="mow.makers" GUID="9vylQaUQF0WgptITzfs7cA==" copy="[&amp;BGMFAAA=]" info="[44] Jump down the wall. Then head East and get the only Vista in the North-East corner of the map. This is where the next point will also be." />
		<POI MapID="19" xpos="1161.35" ypos="48.2113" zpos="544.003" type="mow.makers" GUID="6kKA25XXuEOxaxgogZd5yA==" copy="[&amp;BFgBAAA=]" info="[45] If you come from the heart of the foe fire, and have done the Meta or at least you pretend so, then great.

Now follow the road south until you reach Stonecrag Kraal." />
		<POI MapID="19" xpos="1123" ypos="40.8467" zpos="233.009" type="mow.makers" GUID="s5R3pY6xh0KwDpDRmqAY8A==" copy="[&amp;BGIFAAA=]" info="[46] You can continue to the Watchcrag Tower Waypoint. Next point is at the Vista of the Watchtower.

An event can be active here to defend Stonecrag Kraal. If so, do it!"
/>
		<POI MapID="19" xpos="993.768" ypos="40.1985" zpos="55.5662" type="mow.makers" GUID="bj1qOObSg0mttPdUheu9wg==" copy="[&amp;BB0BAAA=], at the foot of a giant tree" info="[47] There are several events involving Ogres in this area depending on the current state of the event chain. If you are lucky you will have to push the Ogres back from the watchtower to Stonecrag Kraal, but most of the time you will only have to defend Stonecrag Kraal. 

Next point is West in Lamia Mire, at the foot of a giant tree."
/>
		<POI MapID="19" xpos="756.272" ypos="0.51468" zpos="3.38041" type="mow.makers" GUID="YrtON5ahZU2Yf5BsPTbsmw==" info="[48] Continue a bit South West until you find docks.

Next Marker on the docks."
/>
		<POI MapID="19" xpos="578.176" ypos="3.56653" zpos="-218.824" type="mow.makers" GUID="pkoaBIwrJ0uExOaPqRm34Q==" info="[49] Once again, this is a very cool area!

Explore the docks and find out about top notch charr technology: submarines. Well, wait for an event to defend or repair the Iron Barracuda (which is the name of the 
submarine, do not look for such a fish in Ascalon Basin there is no point in doing that!).

Next point is on the docks."
/>
		<POI MapID="19" xpos="501.887" ypos="0.468817" zpos="-334.654" type="mow.makers" GUID="m/aBEHNSNUmipG0EqJPerw==" info="[50] After having done the defense event, go to the Next Marker on the other side of the water." />
		<POI MapID="19" xpos="509.306" ypos="0.755505" zpos="-396.325" type="mow.makers" GUID="J6pN+6Sw8kKliUiUNme7VA==" copy="[&amp;BGEFAAA=]" info="[51] If you have done the event, it should now chain on this side of the lake to destroy the separatists camp. Do it. The next point is at the vista."
/>
		<POI MapID="19" xpos="618.246" ypos="51.0777" zpos="-388.435" type="mow.makers" GUID="240no/BRgkKpauG7nkKMHw==" copy="[&amp;BMcDAAA=]" info="[52] Dive in the lake then follow on the southern shore to the East until you get the Loreclaw Waypoint."
/>
		<POI MapID="19" xpos="769.425" ypos="2.2147" zpos="-457.124" type="mow.makers" GUID="kAeTLWHj80eCVxSeat+Jjg==" info="[53] From there you can either
1) Climb the cliff, find and do the jumping puzzle. For you, next point  is in the puzzle;

or 2) Skip it strait to the south-east corner of the map. There you can do the event chain starting with the dread skale and leading to help infiltrate the separatist camp and free prisoners. For you Next point is at the Heart NPC there." />
		<POI MapID="19" xpos="879.514" ypos="25.9799" zpos="-581.056" type="mow.makers" GUID="7w67A9C550O9V+AzJ5WtqQ==" mapVisibility="0" info="[53'] Come on! How many times did you die?"/>
		<POI MapID="19" xpos="853.675" ypos="35.3942" zpos="-502.121" type="mow.makers" GUID="pY2G00kqs0eeUgkDs1uDLg==" mapVisibility="0" info="[53'] Yep! Just give up. That'll be better."/>
		<POI MapID="19" xpos="851.841" ypos="0.15686" zpos="-574.606" type="mow.makers" GUID="J2UAaKDNRESZoh/rsSQHkQ==" mapVisibility="0" info="[53'] Is it just me or have I seen you here before?"/>
		<POI MapID="19" xpos="928.4" ypos="32.2256" zpos="-574.203" type="mow.makers" GUID="SJ8E3n/DiUe58ZDl1VXIZw==" mapVisibility="0" info="[53'] Did you know you can check the total number of deaths of your character with '/deaths' command in chat?"/>
		<POI MapID="19" xpos="1004.69" ypos="48.8131" zpos="-549.275" type="mow.makers" GUID="Ur5I5yA+REWxEe8GF5hurQ==" mapVisibility="0" info="[53'] Look, I know you want to get out. But are you sure you saw everything?"
/>
		<POI MapID="19" xpos="1027.77" ypos="53.2616" zpos="-589.372" type="mow.makers" GUID="YLD/UVtR+0e//WNI8hjd4g==" mapVisibility="0" info="[53'] You are such a pro!

Next is the Heart NPC near there."
/>
		<POI MapID="19" xpos="1120.93" ypos="16.5006" zpos="-468.919" type="mow.makers" GUID="Y5o16AH05UuIxmVUv+xYkQ==" copy="[&amp;BIkBAAA=]" info="[54] Near here you can do the event chain starting with the dread skale and leading to help infiltrate the separatist camp and free  prisoners. 

After that, find Duskrend Overlook Waypoint and visit the Ash Legion camp North from here. Next point will be at the Waypoint." />
		<POI MapID="19" xpos="1097.33" ypos="33.2776" zpos="-180.715" type="mow.makers" GUID="jeWdMN7E8ESJ/pHUJ8aA5w==" copy="[&amp;BIMBAAA=], Northern Gate" info="[55] You can visit the Ash Legion camp nearby. After that, you will waypoint all the way back to Temperus Point Waypoint. You will find the next point at the Northern exit of the Charr settlement."
/>
		<POI MapID="19" xpos="-433.785" ypos="50.3055" zpos="141.479" type="mow.makers" GUID="sP5+8Z+qv0Kjn3yCT7nIqA==" copy="[&amp;BFUBAAA=]" info="[56] Check if the Meta Event is active. If not, head straigth north toward the Calhaan's point of interest." />
		<POI MapID="19" xpos="-456.586" ypos="53.8129" zpos="332.417" type="mow.makers" GUID="nBNPQX3CDkymqELAyQIHkQ==" copy="[&amp;BIIBAAA=]" info="[57] Here, you might confront Captain Calhaan's ghost. This shall now be a laughing matter. After that, continue north and then east along the wall until you find the Martyr's Waypoint."/>
		<POI MapID="19" xpos="-198.938" ypos="57.1345" zpos="469.854" type="mow.makers" GUID="Sww2ORdyL0qnV+SIX/DS9Q==" info="[58] Well that's it!!!

If you are a Charr starting on your adventure on Tyria, do not go north, it is not suitable. Instead go back to the Village of Smokestead and enter your capital city, the Black Citadel. There you will find a northern gate, this is you way to the Diessa Plateau!

-You can contact me In-Game under 'Euste Ylhes.1095' [EU server]"
/>
	</POIs>
</OverlayData>