<OverlayData>
	<POIs>
		<Trail trailData="Trails/Bloodtide_Final.trl" animSpeed="0.5" alpha="1" type="mow.roads" fadeNear="500" fadeFar="1000"/>
		
				<POI MapID="73" xpos="216.879" ypos="15.0503" zpos="964.141" type="mow.makersstart" GUID="ipKNCgom4UGUx70knveItg=="/>
		<POI MapID="73" xpos="216.879" ypos="15.0503" zpos="964.141" type="mow.makers" GUID="sThpj2VKEUyZMTOLDG0LeA==" info="[1] Welcome to the Bloodtide Coast! I hope you know how to swim. Else, take a deep breathe!

In anycase, this map will probably be a bit more challenging.
You are getting closer to Orr!

Next Marker along the road East."
/>
		<POI MapID="73" xpos="278.642" ypos="10.8903" zpos="927.553" type="mow.makers" GUID="L6EIeDT3DE6c8MB8/jTUew==" info="[2] There is a fisherman that might need some help around here. Help him, then continue East. 
Next Marker at the Vista above a waterfall." copy="at Vista [&amp;BC0GAAA=]"
/>
		<POI MapID="73" xpos="464.574" ypos="32.8756" zpos="941.586" type="mow.makers" GUID="zUqyjDTC7kuotc8MVUwsHQ==" info="[3] Go south, pass under the bridge, and find Next Marker in the swamp further South-East, on a arching root." copy="On an arching root in the swamp."
/>
		<POI MapID="73" xpos="556.186" ypos="14.6376" zpos="699.451" type="mow.makers" GUID="ZlatFZn0wEyNNXbQ+n8JCQ==" info="[4] An event can happen here. Unfortunately, it is often bugged and will never end...

Next Marker at the Haven North near the Black Lion Trader." copy="next to Black Lion Trader near [&amp;BKYBAAA=]"/>
		<POI MapID="73" xpos="603.243" ypos="47.6473" zpos="857.172" type="mow.makers" GUID="6JyfA81lG0K5q0y6feSP9A==" info="[5] Looking South-East, you should see a cavern. This is where you are going.

Next Marker in the cavern, near the Merchant NPC." copy="Next to Merchant NPC in Moriarity's Hold"/>
		<POI MapID="73" xpos="715.422" ypos="30.568" zpos="514.044" type="mow.makers" GUID="jsZWnrIxJUCeuf4V2oszvQ==" info="[6] Captain Penzan should start an event here. I advise to wait for the event.

Next Marker will be at Remanda Waypoint, which  you will find while doing the event.

If the event takes too long to start (more than 10 min), go to Remanda Waypoint further instructions there." copy="next to [&amp;BKcBAAA=], at the end of Penzan event"
/>
		<POI MapID="73" xpos="501.773" ypos="-0.244768" zpos="312.27" type="mow.makers" GUID="u5URPX2nUkWmm0oP8Ur5Xw==" info="[7] If you are doing Captain Penzan's event, do it until the end. After it has ended, go FAST straight-South from here to some tents which consitute a Priory Camp.

If you came here because the event never started, roam this swamp and you might be able to revive a Priory Team.
Do the event with the Team, then quickly come back to the cavern if you want to do Captain Penzan's event.

Next Marker at the Priory Camp South." copy="at [&amp;BC0AAAA=]"
/>
		<POI MapID="73" xpos="478.35" ypos="19.651" zpos="118.698" type="mow.makers" GUID="kidR+sXq5UiTDbcM/Qnxyw==" info="[8] Once you've done both Penzan's and the Priory's events, explore North-East. Do not enter the Hylek camp colonized by Trolls. Instead, try to find a recess, in which will perhaps be a Champion Troll and surely some Juvenile Eagles.

Next Marker near the juvenile Eagles." copy="amongst juvenile eagles in a cavern North-West of [&amp;BC0AAAA=]"
/>
		<POI MapID="73" xpos="734.634" ypos="18.2526" zpos="173.197" type="mow.makers" GUID="QCQmAtkrik2FuPftWKOfaw==" info="[9] Turn back, heading North-West. Just north of Remanda Saltmarsh is a Pirate Island where you will find some diving goggles.

Next Marker near the diving goggles." copy="near diving goggles at [&amp;BCsAAAA=]"
/>
		<POI MapID="73" xpos="351.47" ypos="53.8938" zpos="518.513" type="mow.makers" GUID="IYxpDq4USEiXIPJmwdDD/w==" info="[10] You will not come back in this area, get the Vista if you want. After that, dive in the water down there.

You will then bypass the island in front of you by the North.

Next Marker at Deadend Waypoint at the entrance of a cave, on the northern side of this island." copy="next to [&amp;BAsEAAA=]"/>
		<POI MapID="73" xpos="243.919" ypos="1.06916" zpos="692.017" type="mow.makers" GUID="xjuUgYY80kqpzJjpJh7XJQ==" info="[11] You can explore this cave.

After that, keep going West until you find a Haven named Stormbluff Beacon.

Next Marker in the Haven, at the feet of an old lighthouse." copy="at the feet of lighthouse, near [&amp;BCgAAAA=]"
/>
		<POI MapID="73" xpos="-120.463" ypos="69.8371" zpos="581.047" type="mow.makers" GUID="okSxolnMHEyqVFFBSZ0o/w==" info="[12] An event can happen in this fort with the inquest.

You will no come back on this whole island after this point, so explore freely, and get all that you want now.

Next Marker on the stone bridge North, leading to the Archen Foreland." copy="On the stone bridge, North of Stormbluff Isle"
/>
		<POI MapID="73" xpos="25.9403" ypos="2.77946" zpos="777.183" type="mow.makers" GUID="MltVbP1mR0epe640DIZ+qw==" info="[13] You will walk down the road toward West.

Next Marker at Broken Beacon point of interest down the road, Near Heart NPC Professor Maciver.

Note that an escort can happen on this road with Lionguard Schratchblade. Unfortunately, I have never seen it active..." copy="near heart NPC et [&amp;BDAAAAA=]"
/>
		<POI MapID="73" xpos="-209.939" ypos="50.7689" zpos="968.285" type="mow.makers" GUID="SXTSEN4tDkq9hwrTTwfUSQ==" info="[14] Many event can happen here. Some of them actually chain with the escort event that I've never seen... I advise to complete this heart and the heart on the beach bellow involving raising crabs.

After that, Next Marker at the bottom of the biggest building of an underwater Quaggan City, South-West at Vonooroovah point of interest." copy="at the bottom of the biggest building around [&amp;BC4AAAA=]"
/>
		<POI MapID="73" xpos="-345.895" ypos="-77.3107" zpos="815.976" type="mow.makers" GUID="6dap0QWdWkGWq8uDf6fy5Q==" info="[15] This City is sometimes threatened by a Shark. Help Quaggan!

When you're done you can go South-East to Sorrowful Waypoint, where Next Marker will be." copy="next to [&amp;BKQBAAA=]"
/>
		<POI MapID="73" xpos="-244.706" ypos="-51.1358" zpos="690.692" type="mow.makers" GUID="9WaTRIOHxkW3rqRRLjfBGg==" info="[16] You can explore this area freely. An event to destroy generators can happen. There is also an underwater labs West, which you might find interesting.

After that, Next Marker on the Island South. It will be near the Laughing Gull Waypoint." copy="next to [&amp;BKgBAAA=]"
/>
		<POI MapID="73" xpos="-148.25" ypos="1.06645" zpos="86.5999" type="mow.makers" GUID="/o38doNjgUGfKl4AqrmTAQ==" info="[17] This island hosts The Campaign Against Taidha Convington Meta Event. It is a timed Meta and you can check for Taidha Convington timer on the Wiki to get an idea of when it will start.

After the Meta ends, stay on the Island as two NPCs will start exploring the wrecks to clear them from risens. If the Meta is not active for a long time, explore the Island to familiarize yourself with this place. And get the Vista and Hero Challenge.

Next Marker at a Quaggan children's home. Exactly on Breekeelee point of interest, around this island." copy="at [&amp;BKwEAAA=]"/>
		<POI MapID="73" xpos="-462.675" ypos="-54.0447" zpos="165.035" type="mow.makers" GUID="7tfhf3N+hEqw7WoQbIIB0w==" info="[18] So cute!

You'll now go to the Merchantman's Strait, East of the laughing Gull Island. There are Whisper Agents that are prisonners there.

Next Marker where they are retained." copy="in the prison at [&amp;BCwAAAA=]"
/>
		<POI MapID="73" xpos="160.668" ypos="2.02653" zpos="213.297" type="mow.makers" GUID="VIB9ORhEHki9daSVQD1cwA==" info="[19] Keep going East. Explore Risewild Hills to find a Hylek camp that have been colonized by Jungle Trolls.

Next Marker there, among a bunch of Sugar Pumpkin." copy="amongst sugar pumpkins in Risewild Hills"
/>
		<POI MapID="73" xpos="625.331" ypos="67.7674" zpos="13.8451" type="mow.makers" GUID="UOca584aR06hZw4ElynGBQ==" info="[20] Look South, there is a huge waterfall. This is where you are going. Dive down where the waterfall lands.

Next Marker at the Lostwreck Waypoint." copy="next to [&amp;BKsBAAA=]"
/>
		<POI MapID="73" xpos="630.283" ypos="0.483376" zpos="-101.01" type="mow.makers" GUID="x9NU+8j4kkijuMF61t4t9w==" info="[21] Get out of this place by swimming West through the Firth of Revanion.

Next Marker at a Vigil Camp on the Southern shore, at Firthside Vigil Waypoint." copy="next to [&amp;BKoBAAA=]"
/>
		<POI MapID="73" xpos="150.605" ypos="8.19714" zpos="-85.5929" type="mow.makers" GUID="1wZMo+72K0uBVJF/CrE2Vw==" info="[22] There might be a lot of people here. They are all gathering for a huge event called Triple Trouble. As for you, it will be better if you do this event after you end this tour.

For Next Marker, escort Vigils into Mole's Head. The Marker will be at the end of the event chain.

The Vigil Team will be composed by Auga Shiverstep, Cale and Kallie. Who should be hanging out in this camp if they are not already in Mole's Head.

I advise waiting for reset instead of going alone in Mole's Head." copy="at the end of Vigils event"
/>
		<POI MapID="73" xpos="16.0638" ypos="34.2027" zpos="-340.871" type="mow.makers" GUID="oS5LV2Ev7kKU0NaA0pcdIg==" info="[23] You can possibly defend this camp forever. Don't do that. Instead, explore Mole's Head, you will not come back here.

Next Marker in Mole's Head, near a Rich Platinum Vein where blood Oozes gather." copy="amongst blood oozes, near a rich vein"
/>
		<POI MapID="73" xpos="24.8286" ypos="73.2792" zpos="-405.795" type="mow.makers" GUID="LoWP5XEbz0a6fuYMpfr/gw==" info="[24] Be careful! A giant blood Ooze can rampage around here!

Get out of the mines be taking a turn left when you get out of this recess.

Next Marker on your way." copy="on your way out"
/>
		<POI MapID="73" xpos="30.2082" ypos="57.7405" zpos="-450.598" type="mow.makers" GUID="sfZBzz1rVUC1x0YnUswbgg==" info="[25] Follow the trail, then take South-East, crossing a small pond.

Next Marker on a sandy trail just South of the Pond." copy="south of a small pond, on a sandy trail"/>
		<POI MapID="73" xpos="256.992" ypos="32.2699" zpos="-491.496" type="mow.makers" GUID="GUYAb921aUSw6thGDNTo0g==" info="[26] Looking South, you see there is an arm of water that pass between two cliffs.

Go there, and find Next Marker at Whisperwill Waypoint." copy="next to [&amp;BLABAAA=]"/>
		<POI MapID="73" xpos="540.571" ypos="1.06766" zpos="-802.694" type="mow.makers" GUID="4IGRq6yb/UiopExcxO0fZw==" info="[27] Depending on if youve done the Main Story Quest and on your choices in it too, you might have seen an old friend of yours...

In anycase, you can now head north-west back to the Challdar Gorges. Again, you might find an old firend on your way depending on your advancement of the Main Story Quest.

Next Marker in Challdar Gorges, at the point of interest." copy="at [&amp;BDEAAAA=]"/>
		<POI MapID="73" xpos="581.966" ypos="0.615646" zpos="-705.445" type="mow.makers" GUID="AwwP2hFnhkS35S6URRMDDw==" info="[27'] Take Left"
/>
		<POI MapID="73" xpos="566.673" ypos="2.25695" zpos="-703.045" type="mow.makers" GUID="TXJDqKK1NU60zCL2G1dYbA==" info="[27'] Take Left"
/>
		<POI MapID="73" xpos="443.287" ypos="59.3054" zpos="-247.518" type="mow.makers" GUID="0t7pcSfSnkCo7Ug9gATTag==" info="[28] Here an event can happen to Destroy Orrian Corruptions

You can leave the Challdar Gorges by the tunnels North-East.

After that, go South-East to Bogside Camp Waypoint. This is where you'll find Next Marker." copy="next to [&amp;BKwBAAA=]"
/>
		<POI MapID="73" xpos="635.031" ypos="9.01514" zpos="-470.556" type="mow.makers" GUID="n4Jwvh+qp0CUaNoJ+QG4lA==" info="[29] A cool event chain can start here by defending this camp against Orrian. I advise waiting for it. There can be some waiting between the steps of this chains. If you fail a step by letting the NPC die, the chain will restart from the beginning!!!

You will find Next Marker on a beach South-West at the end of the event.

While waiting you can explore this area, especially the oasis South which can be defended against Risens..." copy="do the event chain starting at [&amp;BKwBAAA]"
/>
		<POI MapID="73" xpos="318.408" ypos="0.626139" zpos="-651.059" type="mow.makers" GUID="epLUEkV4Wkq6zPeXF1jkjw==" info="[30] This is Marker [30], if you are coming from Mole's Head mines, keep going and follow the arm of water into the lands to Whisperwill Waypoint.

Else, you are at the end of a cool event. Do the last step of the chain, then head West bypassing water on the Northern
Shore.

Next Marker at Mournfoul Waypoint on the Northern Shore of the Mournful Depths." copy="next to [&amp;BK0BAAA=]"
/>
		<POI MapID="73" xpos="-91.6059" ypos="6.21193" zpos="-501.634" type="mow.makers" GUID="eREIcjaeokqW7Q7128xIXQ==" info="[31] Now Explorer Jessi might require your help. Do the corresponding event chain.

In anycase,Next Marker in underwater South, at Flodded Castavall near Castavall Waypoint." copy="next to [&amp;BK4BAAA=]"
/>
		<POI MapID="73" xpos="-91.5688" ypos="-136.835" zpos="-635.61" type="mow.makers" GUID="5o6DSIGmWkWAeKooY6vvmA==" info="[32] Do the event chains here if it is active else, you might want to wait for it...

When you're done, you can go West back on the land, Next Marker near a repair NPC." copy="reinforce armor NPC around [&amp;BCYAAAA=]"
/>
		<POI MapID="73" xpos="-522.676" ypos="34.2155" zpos="-565.932" type="mow.makers" GUID="+EidrjYo/kexnE9JDMfQHA==" info="[33] There are two events here.

1) An event to defend/protect the Hylek camp from the undead;

2) An event chain that Pochtecalt will start when you talk to him while he has the event icon above his head.

I advise to do the chain of 2). But explore the area freely.
Next Marker North-East, at the top of Dredgehat Isle." copy="at the top of Dredgehat Isle"/> 
		<POI MapID="73" xpos="-351.419" ypos="89.8326" zpos="-343.321" type="mow.makers" GUID="a7r8xiYGYEu+pjPSWgG9QA==" info="[34] Looking North-West, you should see a campfire on an island.

This is where Next Marker will be." copy="next to camp fire near [&amp;BKkBAAA=]"
/>
		<POI MapID="73" xpos="-519.388" ypos="7.82246" zpos="-121.157" type="mow.makers" GUID="yBQTSOGSmk6pIu7ZgJO4Qw==" info="[35] After you're done exploring this small piece of emerged land, swim East accross the Sanguine Bay. There is a Quaggan Village underwater on your way where two events can happen to help them stand against the Risens.

Next Marker back in Firthside Vigil Camp, near the Scout NPC." copy="next to scout NPC near [&amp;BKoBAAA=]"
/>
		<POI MapID="73" xpos="202.246" ypos="8.91839" zpos="-72.1003" type="mow.makers" GUID="CRnYag2YPEOOYzHs/Ebt4A==" info="[36] If you are coming from a Lostwreck, the Marker for you is at the Waypoint.

Else, you are at the end of your journey on the Bloodtide Coast!!!

Now you might want to do the Triple Trouble Meta Event.

For that purpose, you can check for the timer on the Wiki. Then, join a dedicated squad (you might look in the ''looking for group'' tool using ''y'' to open it). Follow your squad's commander instructions from then on.

Thank you again for using this Marker Pack! Next for you might be Sparkfly Fen!

- You can contact me in game at [Euste Ylhes.1095]" />

	</POIs>
</OverlayData>