<OverlayData>
	<POIs>
		<Trail trailData="Trails/Cursed_1.trl" animSpeed="0.5" alpha="1" type="mow.roads" fadeNear="500" fadeFar="1000"/>
		<Trail trailData="Trails/Cursed_2.trl" animSpeed="0.5" alpha="1" type="mow.roads" fadeNear="500" fadeFar="1000"/>
		<Trail trailData="Trails/Cursed_3.trl" animSpeed="0.5" alpha="1" type="mow.roads" fadeNear="500" fadeFar="1000"/>
		<Trail trailData="Trails/Cursed_4.trl" animSpeed="0.5" alpha="1" type="mow.roads" fadeNear="500" fadeFar="1000"/>
		<Trail trailData="Trails/Frostgorge_4.trl" animSpeed="0.5" alpha="1" type="mow.roads" fadeNear="500" fadeFar="1000"/>
		<Trail trailData="Trails/Cursed_5.trl" animSpeed="0.5" alpha="1" type="mow.roads" fadeNear="500" fadeFar="1000"/>
		<Trail trailData="Trails/Cursed_6.trl" animSpeed="0.5" alpha="1" type="mow.roads" fadeNear="500" fadeFar="1000"/>
		<Trail trailData="Trails/Cursed_7.trl" animSpeed="0.5" alpha="1" type="mow.roads" fadeNear="500" fadeFar="1000"/>
		<Trail trailData="Trails/Cursed_8.trl" animSpeed="0.5" alpha="1" type="mow.roads" fadeNear="500" fadeFar="1000"/>
		<Trail trailData="Trails/Cursed_9.trl" animSpeed="0.5" alpha="1" type="mow.roads" fadeNear="500" fadeFar="1000"/>
		<POI MapID="62" xpos="446.213" ypos="74.293" zpos="1087.68" type="mow.makersstart" />
		<POI MapID="62" xpos="446.213" ypos="74.293" zpos="1087.68" type="mow.makers" GUID="vOZs+lWMekiE3uH+hXTwJw==" info="[1] Welcome to the Cursed Shore! This is the last map of the Core game. You are leading the last assault on Orr before reaching the Holy City of Arah. As was the case in Malchor's Leap, this map has a linear Meta Event for the invasion going from North to South. Two Temples to the Gods are also part of the map: Grenth and Melandru.

Once again, this is a map for which you might want to bring a friend or ready you /map chat. Risens are not here on holidays and neither are you!

So, ready yourself and start on your journey heading West to Bitter Moubtain point of interest." copy="at [&amp;BPwCAAA=]" />
		<POI MapID="62" xpos="118.607" ypos="78.444" zpos="1109.26" type="mow.makers" GUID="5DHaf+cYbECmpJ3XKaY92Q==" FadeNear="500" FadeFar="1000" info="[2] Well done! Now keep going West. You will go beyond the Hero Challenge on a ledge above the water. You should also find an Asura there." copy="on a ledge West of the Statue of Balthazar Hero Challenge, most likely near an Asura" />
		<POI MapID="62" xpos="-310.292" ypos="3.25965" zpos="1054.59" type="mow.makers" GUID="xacpXpcF/k6OATLe2W2SxA==" info="[3] You should find an Asura named Plinx. If so you can start an event chain to help him get back to Caer Shadowfian. Next Marker at the end of the event chain, next to Caer Shadowfian Waypoint." copy="next to [&amp;BCEDAAA=]" />
		<POI MapID="62" xpos="110.468" ypos="32.1393" zpos="916.64" type="mow.makers" GUID="GLXDAKs2R0yxgyGWIAI2FA==" info="[4] Well done! If you just did the event with Plinx, make sure you complete the last step by protecting this camp against a Champion Giant.

When you are done, head East and try to find Next Marker next to a Chest under some rocks. It might be guarded by a Champion Risen Archmage." copy="Next to a Chest, under a rock." />
		<POI MapID="62" xpos="409.59" ypos="44.1565" zpos="963.101" type="mow.makers" GUID="6cb7xJbpWUOiFpbsbW5ESw==" info="[5] This was not easy to find! Head South-West within a corridor of colorful corals to find Next Marker... next to another chest!" copy="next to a chest at the end of a corridor of colorful corals (South-West)." />
		<POI MapID="62" xpos="490.577" ypos="53.9963" zpos="812.063" type="mow.makers" GUID="p7+scVQCVk6HdKqGQqcAeQ==" info="[6] Some might say that Orr only colors are shades of gray and shades of brown. But Orr is actually very colorful!

You are starting this road to Arah very well. For Next Marker, turn back and head South to reach a bridge on which Next Marker will be." copy="on a bridge, head South after you get out of the coral corridor" />
		<POI MapID="62" xpos="287.022" ypos="52.0652" zpos="768.656" type="mow.makers" GUID="AInWYFWT00aBF4c30VbhMQ==" info="[7] Going forward back to Caer Shadowfian, you will find Next Marker next to the reinforce armor NPC." copy="next to Reinforce NPC at [&amp;BCEDAAA=]" />
		<POI MapID="62" xpos="93.1657" ypos="39.9334" zpos="883.977" type="mow.makers" GUID="A/Y2B5pGgEuyEX6zPVPAkQ==" info="[8] You are now eventually waiting for the first part of the Meta Pact Operation Southern Advancement. You will escort Tactician Almonia to secure a new camp. As you know from Malchor's Leap, these events only take place when conditions on next camp are met. The wait can be long...

Fortunately, you can also chose to escort Crusader Talesin and his Packheart instead.

While waiting, why not take that Vista above the camp?

Next Marker at the end of the escort event, next to Penitent Waypoint." copy="next to [&amp;BBkDAAA=]" />
		<POI MapID="62" xpos="181.845" ypos="41.4918" zpos="643.077" type="mow.makers" GUID="wBUpWzBtVk2l1hxROPHSLA==" info="[9] Well done! Your invasion of Orr is going very well. Let's make a detour while Pact forces settle here properly.

Head North-West along the river to reach Cachistic R&amp;D, where Next Marker will be, on the remparts of the camp." copy="on the remparts of [&amp;BAADAAA=]" />
		<POI MapID="62" xpos="-144.23" ypos="7.82034" zpos="782.563" type="mow.makers" GUID="oKoMdXpeHEajfv+0W6wrdA==" info="[10] There are two event chains that can start here:

1) The first one is about helping Rakkan make a potion for Merla, and starts by collecting Risen fish oil glands;

2) The other is about helping Agent Scrybe;

You can also defend this place against tar elementals.
When you are ready to leave, head straight South. To find Next Marker, you will pay attention to any mysterious stone you might see, North of the two statues of Lyssa." copy="a mysterious stone North of two statues of Lyssa" />
		<POI MapID="62" xpos="-109.142" ypos="19.3344" zpos="570.433" type="mow.makers" GUID="wEPfor0Qp0Svt1dgZpcI2g==" info="[11] Well done!
Now, I hope you're up for a challenge!

For Next Marker, head into the labyrinth just East and find a corrupted tree!" copy="near a corrupted tree within [&amp;BAMDAAA=]" />
		<POI MapID="62" xpos="63.9581" ypos="4.89676" zpos="460.323" type="mow.makers" GUID="9K/RE6Cvc0+NLEkd05krbQ==" FadeNear="500" FadeFar="1000" info="[12] If you want a real challenge, you can interact with the corrupted tree! Who knows what will happen!

When you are done, you can find Next Marker at Bakkir Sarayi point of interest, a bit West. You can waypoint back to R&amp;D Waypoint to avoid going back into the labyrinth!" copy="at [&amp;BAIDAAA=]" />
		<POI MapID="62" xpos="-205.239" ypos="3.20903" zpos="479.612" type="mow.makers" GUID="r7WENJxdV0COg3QPYlMWUQ==" info="[13] Spyders everywhere! There is an event to free Scholar Zeez from spyder that can happen here.

For Next Marker head out of these spyder-infected ruins and reach Gavbeorn's Landing point of interest. You will find Next Marker there, next to beds." copy="next to the beds at [&amp;BAEDAAA=]" />
		<POI MapID="62" xpos="-408.609" ypos="1.12712" zpos="421.541" type="mow.makers" GUID="qgvAVkjtkUGDZOQF/qjG+Q==" info="[14] Time to get back to our invasion of Orr territory. You've had enough fun already with Labyrinth, let's get serious.

Here is the very place where the event chain to take the Cathedral of Verdance starts (Temple of Melandru). If you can do this Meta you should absolutely do it. Verify the state of the temple on your UI to see wether or not it will be fine to wait...

Next Marker at the end of the Melandru's Temple Meta, near diving goggles." copy="next to the diving goggles at [&amp;BBYDAAA=]" />
		<POI MapID="62" xpos="98.5649" ypos="24.7035" zpos="372.226" type="mow.makers" GUID="iMC2HiHxU0mOF4WSVD+RuA==" info="[15] Don't forget to unlock the Waypoint before going on.

I hope you could take part to the Temple of Melandru Meta, if not you can still return later and try it!
For Next Marker, dive in the Water and and find a passage underwater leading to a tunnel. Next Marker at the end of the tunner... Next to a chest!" copy="next to a chest, in a tunnel accessed by going underwater, North of [&amp;BBYDAAA=]" />
		<POI MapID="62" xpos="379.598" ypos="-0.318605" zpos="535.648" type="mow.makers" GUID="1VPq6vXc1ESKCxB5/C1QOQ==" info="[16] Well done! Wondering what's behind those doors? It might be time to play the story!

Waypoint to Penitent Waypoint and then go through the tunnel at the back of the camp to reach  Shelter's Gate Waypoint where you will find Next Marker." copy="waypoint to [&amp;BBkDAAA=] and then head to [&amp;BBwDAAA=] through a tunnel." />
		<POI MapID="62" xpos="353.202" ypos="44.7565" zpos="408.634" type="mow.makers" GUID="lyj7rU9v7Ua6jOuWQJ4uug==" info="[17] The Southern Advancement Meta Event goes on here. You can secure and defend that place. It then chains into an escort. You might not want to wait for the escort, depending on the state of the next camp. Next Marker is nontheless at the end of the escort, near a reinforce armor NPC at Jofast's Camp.

Here, another event can also happen. It involves protecting Historian Fia on her search for gorillas. If the escort does not start, you could do this event. It will not lead you to Next Marker though." copy="next to reinforce armor NPC at [&amp;BOwEAAA=]" />
		<POI MapID="62" xpos="245.925" ypos="31.5992" zpos="132.087" type="mow.makers" GUID="dhqchBLj2U+NSRN1fvBBPQ==" info="[18] Do you recognise this place? No? Did you complete the story? You don't remember about some travelling here, a long time ago, after the Battle of Claw Island?

For Next Marker go out of this camp and take a turn left, followed by another turn left. You will then head East, looking for yet another chest. If you remember when you went there during the story, then you are going to find Next Marker where that story mission started!" copy="next to a chest, South-East of [&amp;BOwEAAA=]" />
		<POI MapID="62" xpos="546.209" ypos="133.378" zpos="-41.5073" type="mow.makers" GUID="CCHhBsz+yUGLOCRt8CyllA==" info="[19] Well done!

For Next Marker reach Meddler's Summit point of interest. To that purpose you can evetually head back to Jofast's Camp and do the Meta escort event from there, or simply run down the road. Next Marker will be near an infamous Minstrel: Maklain." copy="in front of Maklain the Minstrel at [&amp;BA8DAAA=]"/>
		<POI MapID="62" xpos="-44.2815" ypos="29.2555" zpos="-88.0152" type="mow.makers" GUID="tCTUWhNktk2msgwayEQsWw==" info="[20] Did you ask Maklain for a song? You should. Definitely.

For Next Marker you can wait on an event to escort Loana. I recommend waiting for it. It will be next to a chest in the Reliquary Vault of Azabe Qabar, the Royal Tombs, at the and of the event. You will want to find allies, but they should naturally join, don't worry.

While waiting you can roam the area North of here. You will find a Champion Risen Giant, an Ooze King, you can help Laci and you can defend Zepa. There is also an event to fight along Halla Corpseflayer just South of the camp if you wish. Enjoy!" copy="next to a chest at [&amp;BBQDAAA=]" />
		<POI MapID="62" xpos="300.917" ypos="4.071" zpos="-56.2657" type="mow.makers" GUID="fBioQ3Jp0kKefYigNNqNrA==" info="[21] Well done! This event is hard but I bet you had a couple of allies to help you succeed!

For Next Marker you are looking to meet the Scout on a broken bridge South-West of Meddler's Summit camp" copy="next to a Scout South-West of [&amp;BA8DAAA=]"/>
		<POI MapID="62" xpos="-176.088" ypos="11.2535" zpos="-257.766" type="mow.makers" GUID="+KnKy1vF9EqM+dLtQssUSA==" info="[22] On the opposite shore starts the Meta Event for the capture of the Temple of Grenth. It is very rare to find this Meta Event in its initial state. At best you can expect it to be in the state where you have to defend the Pact lightning canon. If the Cathedral of Silence (Temple of Grenth) is not captured yet, I advise you part take in the Meta!

For Next Marker simple look next to Murdered Dreams Waypoint." copy="next to [&amp;BCIDAAA=]"/>
		<POI MapID="62" xpos="-375.361" ypos="43.4891" zpos="-856.761" type="mow.makers" GUID="uXUVdYbruEq4momhCEDxgA==" info="[23] If you didn't do the Meta to take the Temple of Grenth, I advise you keep an eye out and come back later when you revisit the map.

For Next Marker look into the Buried Archives at the back of the Temple. You should find a Chest next to which the marker will be.

A good way to visit the archives is to wait for the event to Help Arcanist Xanf  with his spectral disruptor. This event starts around here. This event can only occur when the Temple is under control of the Pact." copy="next to a chest at [&amp;BAsDAAA=]"/>
		<POI MapID="62" xpos="149.753" ypos="3.03439" zpos="-677.365" type="mow.makers" GUID="7Mxa6eNRtk6bEkcYnRCYhA==" info="[24] Surely the place is much safer now that you helped Xanf!

For Next Marker, you will have quite a long run. You need to reach Sharn's Free Camp point of interest." copy="at [&amp;BBMDAAA=]"/>
		<POI MapID="62" xpos="-132.155" ypos="58.5315" zpos="-854.338" type="mow.makers" GUID="6CEaM/au+keDTozeW/yhaQ==" FadeNear="500" FadeFar="1000" info="[25] An event can start here to escort Sharn the Vindicative. I advise you do it.

Next Marker is at the end of the event, near a pearl. If you are not doing the event, you will find the pearl somewhere is the Mausollus Sea, South. Look North of the Hero Challenge." copy="near to a pearl, North of the Hero Challenge in the Mausollus Sea"/>
		<POI MapID="62" xpos="79.6888" ypos="-37.217" zpos="-1034.5" type="mow.makers" GUID="0SB0GMPwTEm52Mq0Mv3gew==" info="[26] Well done! If you found this without doing the event, I'm kind of impressed!

Next Marker near the Vista just North." copy="next to Vista [&amp;BLYGAAA=]"/>
		<POI MapID="62" xpos="13.3181" ypos="46.8519" zpos="-954.865" type="mow.makers" GUID="G7lHCfaL4EqJWIxIghMb3g==" info="[27] Do not use these diving goggles just yet. Instead keep going higher up until you find a chest. Next Marker in front of this chest" copy="in front of a chest, somewhere above Vista [&amp;BLYGAAA=]"/>
		<POI MapID="62" xpos="-102.852" ypos="90.7721" zpos="-936.281" type="mow.makers" GUID="g3wVCjTjHEend4zoLhx6tA==" info="[28] Oh no! That is the last jumping puzzle of the Core Game! Such sadness... But don't worry, other jumping puzzles are to be expected in future maps. Will you bring me along to guide you through? Yes? Please!!!

For Next Marker, explore on the deck of the Wreck of the Saehrimmir, East from here near a camp of gosths pirates." copy="at [&amp;BA4DAAA=]"/>
		<POI MapID="62" xpos="474.359" ypos="37.532" zpos="-986.522" type="mow.makers" GUID="T3RJIMGXAUOpOVr/uFQ28A==" info="[29] Don't forget to unlock the waypoint South before going on.

When you are ready, head into the wreck on the shore. Next Marker will be in the hold of the wreck, next to an enormous chest (that you might not be able to interact with)" copy="in the hold of the [&amp;BA0DAAA=], next to a chest" />
		<POI MapID="62" xpos="334.889" ypos="46.2464" zpos="-1001.01" type="mow.makers" GUID="YWFP4HihB0GwAH6MB52ByA==" info="[30] An event can happen here, it resets every 35 minutes. I would advise to wait for it if you have time, or to come back later if you feel like it.

For Next Marker continue exploring this wreck to find the Hero Challenge." copy="next to the Hero Challenge at [&amp;BA0DAAA=]"/>
		<POI MapID="62" xpos="269.543" ypos="4.965" zpos="-956.876" type="mow.makers" GUID="/MgjckesrEGTTj7xM5rpgQ==" info="[31] Well done! For Next Marker go to the Melandru Statue a bit North." copy="next to the Melandru Statue North of [&amp;BA0DAAA=]"/>
		<POI MapID="62" xpos="389.527" ypos="13.446" zpos="-850.944" type="mow.makers" GUID="ahpEa4JmFkSqAc0PBlHIOw==" info="[32] An event chain can start here. It begins by defending Pact Tactician Megill fron the risen. I advise waiting for this event chain. If it has already started, simply participate on the fly.

Next Marker will be at the end of the event chain with Megill. if you do not do the event chain, find a tunnel entrance East of Sharn's Free Camp." copy="at the end of Megill's event chain, at a tunnel entrance East of [&amp;BBMDAAA=]"/>
		<POI MapID="62" xpos="249.223" ypos="14.7628" zpos="-655.437" type="mow.makers" GUID="L2XvTS074ESR2PhKMvLAMw==" FadeNear="500" FadeFar="1000" info="[33] Now head North. You will find a wreck of a Pact airship on your way as part of the Meta. Next Marker next to this wreck. If not, you will nonetheless find this Marker looking a bit North-East of Shank Anchorage." copy="next to an airship wreck East of [&amp;BBIDAAA=]"/>
		<POI MapID="62" xpos="10.9863" ypos="15.7086" zpos="-322.392" type="mow.makers" GUID="f6EKUw809Eeu74oRaUdS2A==" FadeNear="500" FadeFar="1000" info="[34] An event can start here to save the equipage of this ship. You do it if active.

This will lead you back to Meddler's Summit point of interest. You will find Next Marker at the top of the watchtower there." copy="at the top of the watchtower in [&amp;BA8DAAA=]"/>
		<POI MapID="62" xpos="-53.9695" ypos="36.4465" zpos="-88.0879" type="mow.makers" GUID="bI291aOyrEirew45ndX7qg==" info="[35] Now for the final assault onto Arah! Take part to the Gates of Arah Meta Event. It is pretty rare that the Meta resets to its beginning state that starts in this camp. But if so, you can start here with an escort to Shank Anchorage.

Anyway, Next Marker will be at Shank Anchorage point of interest, next to a reinforce armor NPC." copy="near reinforce armor NPC at [&amp;BBIDAAA=]"/>
		<POI MapID="62" xpos="-87.0274" ypos="19.7453" zpos="-378.181" type="mow.makers" GUID="9AeYd82lLk2cAxYWCpnR5w==" info="[36] The last part of the Meta start from here. It requires reinforcing this camp, and then assaulting the Promenade of the Gods by climbing the stairs in front this camp. For Next Marker you might be lucky enought to partake to the Meta. Else, you simply want to reach Arah Waypoint." copy="next to [&amp;BCADAAA=]"/>
		<POI MapID="62" xpos="517.784" ypos="88.4059" zpos="-280.21" type="mow.makers" GUID="cED1EHdcdUSszKLANKCx/g==" info="[37] WHOOOOO! You are at the end of your journey on this map, and above all, you are in front of the Gates of Arah! What is behind? You should find out doing the dungeon. If you chose to do so, take into account that this dungeon's paths require a bit more time then for other dungeons if you are unexperienced.

Now, you are also at the end of your journey through the Core Game. Of course, you might not have explored all the core maps, this is usual and perfectly fine, and you are not required to explore them unless you want it. If so, I'll gladly accompany you through these maps if you wish! Remember to let the Iron Marches aside until the story leads you there.

I really appreciate if you ar using this pack and I would definitly love to hear from your experience and opinions about it. Please, reach out on Github or in game, you can contact me under 'Euste Ylhes.1095' [EU server]" copy="When you're done, why not go to [&amp;BCAEAAA=] and take the portal to Southsun Cove?" />
	</POIs> 
</OverlayData>