<OverlayData>
	<POIs>
		<Trail trailData="Trails/Diessa_Final.trl" animSpeed="0.5" alpha="1" type="mow.roads" fadeNear="500" fadeFar="1000"/>
		<POI MapID="32" xpos="-762.912" ypos="40.0097" zpos="-611.234" type="mow.makersstart" GUID="W0zsG68NTkS8ZEwvidGWRw=="/>
		<POI MapID="32" xpos="-762.912" ypos="40.0097" zpos="-611.234" type="mow.makers" GUID="uPD0VvTFjEiESYnISku0MA==" info="[1] Welcome on the awesome Diessa Plateau Map! I hope you're ready for some easy but nonetheless cool exploration!

To start with, there is a Heart NPC north of here. Next maker is near this NPC named Zalvax."
/>
		<POI MapID="32" xpos="-758.575" ypos="36.7434" zpos="-424.737" type="mow.makers" GUID="rGmQfQaJpUSYhtX3BFN0Zg==" info="[2] An event can start here. with Rhell Cranmane. Speak to Rhell if he is there to try start the event. If it  is not possible to start the event yet, then go back South-West and visit the Town of Nolan. You might find cool things there.

Next Marker at the end of the Rhell event."
/>
		<POI MapID="32" xpos="-911.234" ypos="32.9973" zpos="-638.526" type="mow.makers" GUID="tlUfy3fFRkCiQHVY8pkr/Q==" info="[2'] Two cubs in there are speaking about a singing and wondering where it could come from. They think this place is haunted. Do you?"
/>
		<POI MapID="32" xpos="-794.192" ypos="42.8053" zpos="-232.19" type="mow.makers" GUID="Md1vSSio6U6hgn5Jw5XjUg==" info="[3] Get Oldgate Waypoint just there, then find a Flamme Legion camp a bit North-West.

Next Marker in the camp, near a Refined Ore." />
		<POI MapID="32" xpos="-987.02" ypos="94.0501" zpos="-203.445" type="mow.makers" GUID="tnZPl7+9nk28mYLk2QJJ5A==" info="[4] When you get out, go north to the Village of Butcher's Block. You will find next Marker in this Village, near Heart NPC Lakor."
/>
		<POI MapID="32" xpos="-677.896" ypos="65.7256" zpos="201.887" type="mow.makers" GUID="RwyZvnMTGEWkLdrNwbm+zA==" info="[5] Do some events of the Celebration of Meat Meta Event. Especially:

1) Collect wurm eggs in a cave South-West;
2) Escort cows from Bovarin Estate, South;
3) Defend the mortars against Bandit at the Wall South-East;

(Open your map and check the current events to know where to go)
Don't forget to get the Waypoint at the northern gate of the village. When you're done here, take the road from the Southern gate. Next maker down the road."
/>
		<POI MapID="32" xpos="-458.917" ypos="42.4065" zpos="-8.01321" type="mow.makers" GUID="OaceUAI3NEeI4+Fiu7pTvw==" info="[6] Next Marker there. Under the tent that you are seeing looking South-West."
/>
		<POI MapID="32" xpos="-495.323" ypos="27.9886" zpos="-114.92" type="mow.makers" GUID="2uBVgGVxoEWU69ALIywhKA==" info="[7] Weird events can happen here!
When you're done reach the Charradis Estate Waypoint. And get down the road South toward the Town of Nageling.

Next Marker at a crossroads at the Western gate of Nageling."
/>
		<POI MapID="32" xpos="-364.709" ypos="32.5491" zpos="-355.838" type="mow.makers" GUID="FnF6ocue8k6dOk9heJ/dWg==" info="[8] Lot of events can happen at Nageling. But you will come back here latter. Be sure to get Nageling Way- -point before going on though.

Next Marker at a Wreckage, down the road West."
/>
		<POI MapID="32" xpos="-588.049" ypos="29.9165" zpos="-427.112" type="mow.makers" GUID="jvsILnhaHk+FfN4zqgP3Cg==" info="[9] Head South, and find the sneaky Sonjaw Redclaw. Next marker near her."
/>
		<POI MapID="32" xpos="-484.584" ypos="56.017" zpos="-539.068" type="mow.makers" GUID="D0VgXTvAUEOuu4VuwUNgOA==" info="[10] Launch the event with Sonjaw.

Next Marker at the Southern gate of the Separatist Camp." />
		<POI MapID="32" xpos="-420.123" ypos="42.5739" zpos="-550.378" type="mow.makers" GUID="oAI3F/L5FUKB5I+uYkuOiQ==" info="[11] If you are trying to get in, wrong way.

Else, keep going out. After that head East to get the Vista. Next Marker at the Vista."
/>
		<POI MapID="32" xpos="-250.713" ypos="60.8343" zpos="-566.235" type="mow.makers" GUID="qvSg+KWPtUWdlciOG3Kp+A==" info="[12] Go through Nageling, paying attention to potential events there. And head out by the Northern gate.

Next maker at the Northern Gate."
/>
		<POI MapID="32" xpos="-205.616" ypos="39.4302" zpos="-297.588" type="mow.makers" GUID="+6/qtJmRBU6TIDTmebNFNA==" info="[13] Look Northwest. There is a cannon pointing to the tall tower North.
Next Maker at the cannon."
/>
		<POI MapID="32" xpos="-45.9323" ypos="38.7278" zpos="-257.824" type="mow.makers" GUID="dbqinPdIUEOI6KxcFW92dg==" info="[14] Next Marker is at the top of the Tower North-East.

I advise waiting for the event that can take place here. If the event is not active and Tigh Snatchskull is not around here, you can go North-East to find him fetching cows at Rancher's Wash near Dawnright Estate Waypoint." />
		<POI MapID="32" xpos="-175.041" ypos="123.56" zpos="-86.0081" type="mow.makers" GUID="GeKTpDB7l0iRDJwIMxN0sA==" info="[15] Look North.
In the ruins there is a smaller tower.
After you get back on the ground, head to this other tower. The Next Marker is on top of it."
/>
		<POI MapID="32" xpos="-103.23" ypos="81.7206" zpos="113.246" type="mow.makers" GUID="Vzz0uT8i6Emh0+vCveYpaw==" info="[16] North-East is a Lake. This is where you are going.

next Marker is on the Northern Shore of the lake,  at Manbane's Waypoint."
/>
		<POI MapID="32" xpos="49.455" ypos="26.7567" zpos="325.792" type="mow.makers" GUID="ivIkrQW6dU6yTdXPRMk2Ww==" info="[17] You can go on the Southern shore at the water factory, near the heart NPC there is a cool event there. There is also a cool event on the island you see South-East.

Ultimately, you want to follow the Lake towards East. Next Marker at Blackblade Waypoint on the Southern shore, East from here."
/>
		<POI MapID="32" xpos="391.004" ypos="1.41399" zpos="319.966" type="mow.makers" GUID="cJNsOtScbk6Z12R8ASDWog==" info="[18] Continue in the water, to the island you see North. Try to do the Hero Challenge there.

Next Marker near the Hero Challenge there." />
		<POI MapID="32" xpos="459.714" ypos="2.22907" zpos="495.421" type="mow.makers" GUID="4Rf2W4pa70GqPkaAFoeU2g==" info="[19] Exactly North-West from here is the Font of Rhand Waypoint. This is where Next Marker will be."
/>
		<POI MapID="32" xpos="397.762" ypos="37.7227" zpos="567.561" type="mow.makers" GUID="BH95nqJCdE+AGQi1UgWDCw==" info="[20] Strange place! And that gate that keeps you out! You might find a way in there latter on your adventure. For now, don't forget the Vista.

After that, leave by diving in the lake and follow the Northern shore. Next Marker will be on the shore. (Don't be shy, you will almost get back to Manbane's Waypoint)"
/>
		<POI MapID="32" xpos="185.912" ypos="0.71213" zpos="348.747" type="mow.makers" GUID="DgniQuTrnU6nwhd188WWPA==" fadeFar="2000" info="[21] Follow the cliffs North until you find a cave!

Next marker at the entrance of the cave." />
		<POI MapID="32" xpos="51.0711" ypos="44.3095" zpos="423.762" type="mow.makers" GUID="EGgIS2Jy+UmXPah6tbBDKg==" info="[22] Markers will lead you through the cave."
/>
		<POI MapID="32" xpos="94.4495" ypos="60.7594" zpos="513.174" type="mow.makers" GUID="KxhQaxpH8kS/C9N7f4oW6A==" info="[22'] Take right"
/>
		<POI MapID="32" xpos="138.367" ypos="69.0894" zpos="533.616" type="mow.makers" GUID="0AN8ivEmykajvrlF+Y7V8Q==" info="[22'] A champion spider can appear in the cave on your right. After that keep going foward."
/>
		<POI MapID="32" xpos="101.763" ypos="78.9672" zpos="608.182" type="mow.makers" GUID="vI1EgDCrnEmBaGt8Y+XmkQ==" info="[22'] Hero Challenge on your right. Then keep going.

Next Marker at the exit to an open sky Quarry!" />
		<POI MapID="32" xpos="-111.712" ypos="121.454" zpos="549.732" type="mow.makers" GUID="tLvYiDcU4kye3g8h9xEL7g==" info="[23] Keep an eye on the Dredge Assault Meta event. (You can check for orange circles on your map, this Meta event takes places all the way to the Western edge of the map...)

After you're done here. Head to the Burrows of Moled- -avia East from here, North from Butcher's Block.

Next Marker will be in Moledavia, neat the heart NPC." />
		<POI MapID="32" xpos="-839.145" ypos="101.331" zpos="402.115" type="mow.makers" GUID="KItfwDaTPU+EWcipkgfRkg==" info="[24] Continue keeping an eye for the Meta of the Dredge Assault.

Visit this area. The mines and tunnels are beautiful. After that come back to the ruins where you climbed a tower before, and find Grendich Ruins point of  interest.

Next Maker on the point of interest."
/>
		<POI MapID="32" xpos="-261.968" ypos="51.4351" zpos="233.682" type="mow.makers" GUID="JsZ6fUK0YUyXTz2GMFppJg==" info="[25] Roam the ruins and find a way to reach the Hero Challenge.

Next Marker near the Hero Challenge."
/>
		<POI MapID="32" xpos="-142.698" ypos="1.17373" zpos="96.7217" type="mow.makers" GUID="zRF9JrLwZEKUqI26MOBcIw==" info="[26] Get in the water and reach Blackblade Lake again. Go south of the lake to Dawnright Estate Waypoint where Next Maker will be."
/>
		<POI MapID="32" xpos="224.083" ypos="37.6824" zpos="-105.571" type="mow.makers" GUID="EnStWHbCQ0Cf1FOBylf9jA==" info="[14'][27] If you came here to find Tigh Snatchskull, you're at the right place. It might be around or already going back to the cannon.

Else, you just did a deep dive into the ruins. Now you can go South-East to the Lumbermill. Next Marker is at Redreave Mill Waypoint."
/>
		<POI MapID="32" xpos="504.18" ypos="33.9819" zpos="-234.694" type="mow.makers" GUID="4vCGWTQ3LUyF1uq+ETGLjw==" info="[28] There is an event on short timer here to defend the place against Separatists' trebuchets. You can wait for it. There is also an escort that starts here, but the reset is quite long. I do not advise waiting for it.

Instead go to Next Maker East at Raintimber Mill point of interest."
/>
		<POI MapID="32" xpos="720.105" ypos="23.5257" zpos="-327.44" type="mow.makers" GUID="xyrfl3ifoEWzGKiruTqyYA==" info="[29] Follow the Road West until you see Next Maker. And maybe, get the Vista between Redreave Mill and here before you head West."
/>
		<POI MapID="32" xpos="603.057" ypos="52.4359" zpos="-244.659" type="mow.makers" GUID="yTlZwU0CqUmyL/VUmHHJkA==" info="[30] Look South-West. This hill is rather intriguing.

After you will have visited Raintimber Mill if not already done, can you find a way up there?

Next Maker for you if you are guessing right."
/>
		<POI MapID="32" xpos="533.81" ypos="40.4629" zpos="-396.501" type="mow.makers" GUID="2TU0FMY7e0CRGx+0JwUkBQ==" info="[30'] Hey! Not bad at all. Keep going!"
/>
		<POI MapID="32" xpos="513.839" ypos="59.2343" zpos="-386.707" type="mow.makers" GUID="3xm5+7wW4Ey1ey6MFRx/Qw==" info="[30'] There is a full jumping puzzle here!
Find the end to Next Marker. If you want to give up, remember you simply have to follow the Road West until you see Next Maker (it will be at a crossroad.)" />
		<POI MapID="32" xpos="466.23" ypos="66.9026" zpos="-380.755" type="mow.makers" GUID="M5xCQHoUlke6MVBMV11kbw==" info="[30'] Jump down the cliff and follow the road West until you find Next Marker at a crossroad."
/>
		<POI MapID="32" xpos="299.285" ypos="20.004" zpos="-496.722" type="mow.makers" GUID="R2yGtbumFkuvSF5Bxfcmew==" info="[31] Take right.

Next Marker at Stonefall Estate, near the Heart NPC, just North."
/>
		<POI MapID="32" xpos="118.701" ypos="34.2695" zpos="-392.347" type="mow.makers" GUID="AonwlOuSQE6RmII0MDvVTg==" info="[32] I advise waiting for a cool event chain here. First, you'll  have to defend the Estate against Separatists, After what you'll quickly head south to Breached Wall Waypoint. The event ends even further South at Camp Althea point of interest.

Camp Althea is also where you'll find Next Marker."
/>
		<POI MapID="32" xpos="283.63" ypos="24.0029" zpos="-609.792" type="mow.makers" GUID="orYgttDpLUW8BAMRzPIKcA==" info="[33] East of here is a Vista. I'll let you find your way up there.

Next Marker at said vista. (Remember you can always ask for help in chat)" />
		<POI MapID="32" xpos="385.37" ypos="53.4257" zpos="-559.189" type="mow.makers" GUID="QHtEtCHwkEWChdJvHbp72g==" info="[34] Go East among these ruins. There is a way out South-East of this area.

Next Marker will be at this place."
/>
		<POI MapID="32" xpos="594.308" ypos="18.777" zpos="-642.079" type="mow.makers" GUID="I/TXzzixhUWZgnGn/M4VDg==" info="[35] Keep going East. You might explore at will.

Next Marker will be at Breachwater Waypoint." />
		<POI MapID="32" xpos="831.383" ypos="7.74359" zpos="-632.488" type="mow.makers" GUID="jzU0/rzLnEGSPd5E0wv/tA==" info="[36] Cross the two bridges towards north. One of them can be attacked by bandits, cool event to do!

Next Marker at the Vista north."
/>
		<POI MapID="32" xpos="940.332" ypos="57.7329" zpos="-343.589" type="mow.makers" GUID="iMofQy9FckyVvXv4XpNMFw==" info="[37] I bet by now you know the moto:

''when there's a bridge crossing water,there's a cave underwater.''

Well, if you didn't, now you do. Next Marker North, at Nemus Cove Waypoint." />
		<POI MapID="32" xpos="937.584" ypos="38.8672" zpos="-169.372" type="mow.makers" GUID="7WuspWgkm0S2mpZ+VPt0gg==" info="[38] Next Marker North at Sanctum Waypoint.

You can go there passing through the Caves West. (the entrance is just there) North in the cave you will find a Veteran Troll."
/>
		<POI MapID="32" xpos="838.185" ypos="41.7131" zpos="151.151" type="mow.makers" GUID="Q7GpuHuPhkmKy9xIcwLSaA==" info="[39] Head West to Bloodsaw Mill Waypoint. Next Maker is there."
/>
		<POI MapID="32" xpos="511.529" ypos="25.093" zpos="138.985" type="mow.makers" GUID="PcilocyvBEGRyKkhL+d9aA==" info="[40] You are now free to explore the last North-West section of the map on your own. The idea is to follow the Meta Event steps.

You will have no difficulty doing so after having experienced the two other Meta events on this map already!

It starts here (if you want to wait for reset) and goes in the Incendio Templum where you'll find Next Waypoint near Incendio Waypoint."
/>
		<POI MapID="32" xpos="760.09" ypos="34.6594" zpos="430.226" type="mow.makers" GUID="dzrOZoMcpkO7cvrfhgJv+A==" info="[41] End the Meta in the area ahead. It will open a portal.

Next Marker at said Portal."
/>
		<POI MapID="32" xpos="964.638" ypos="54.7953" zpos="586.49" type="mow.makers" GUID="SVSpHJMq+USIf8dSlY8FRg==" info="[42] Bring friends and enter that Portal!"
/>
		<POI MapID="32" xpos="315.981" ypos="-60.6293" zpos="573.327" type="mow.makers" GUID="uZC7LenE00GIdHlJO/ljsQ==" info="[43'] Oh no! This is the end of that tour!

At the other end of this room is a chest. A foe will spawn that you have to kill before opening it. Once done you're really at the end of your journey on Diessa Plateau.

See you latter in Lornar's Pass or the Gendarran's Fields?

-You can contact me In-Game under 'Euste Ylhes.1095' [EU server]" />
		<POI MapID="32" xpos="346.541" ypos="-64.3924" zpos="572.556" type="mow.makers" GUID="MwPwYR/Q0kKD9yfFXyLrHg==" info="[43'] I hope someone kept that sword from one of the first rooms..."
/>
		<POI MapID="32" xpos="272.157" ypos="-24.3042" zpos="574.047" type="mow.makers" GUID="8MITh1VZZkWd3PMLvrLBIg==" info="[43'] Get a flamme legion speargun and use the Frosty Torchs to gain a special aura. Read the effect to understand how to froze the flamme throwers."
/>
		<POI MapID="32" xpos="271.446" ypos="17.8681" zpos="572.899" type="mow.makers" GUID="w0/jXFXMs0CVYWBBycuIHw==" info="[43'] Make a turn about left or right (go East) first and get a sword. Make sure someone keeps the sword until it is needed way latter.After that, head:

- left (South) and destroy the floor using a statue's head as a bullet.

- right (North) and kill charrs in the room to be able to trigger the chains.

Try one, if you fail, try the other."
/>
		<POI MapID="32" xpos="305.639" ypos="29.0068" zpos="573.387" type="mow.makers" GUID="7/4L37rJ00iSCIXNaDMKQQ==" info="[43'] This is the exit. Don't use if you want to visit this place."
/>
	</POIs>
</OverlayData>