<OverlayData>
	<POIs>
		<Trail trailData="Trails/Dredge_Final.trl" animSpeed="0.5" alpha="1" type="mow.roads" fadeNear="500" fadeFar="1000"/>
		<POI MapID="26" xpos="75.3673" ypos="97.8877" zpos="991.915" type="mow.makersstart" GUID="dzrRssdl6kWiY2bjwtQsVg=="/>
		<POI MapID="26" xpos="75.3673" ypos="97.8877" zpos="991.915" type="mow.makers" GUID="8Z1Atki6akWXb9D8ThLxxw==" info="[1] Hey you! Yeah, you. Welcome on Dredgehaunt Cliffs: a cool map! (pun intended)

Well, you're in for a strange map. Not amongst those that are incredibly awesome, not amongst those that are totally bothering, but in a middle ground, sort of. Well, not my favourite.

To start with, I invite you to get out of this cave taking a turn right to the West and joining Skovtrolde Hearthstead point of interest.

Next Marker will be there, in the stead, upon a bed!" copy="near [&amp;BDQCAAA=], upon a bed"/>
		<POI MapID="26" xpos="42.984" ypos="119.219" zpos="825.254" type="mow.makers" GUID="+QFmyQiLDECb3pFg6umD/w==" info="[2] That is a nice start! Don't forget the Vista before going further South and finding Next Marker at Havfrue Basin Waypoint." copy="next to [&amp;BGMCAAA=]"/>
		<POI MapID="26" xpos="-61.443" ypos="64.9399" zpos="682.253" type="mow.makers" GUID="PRB6iJtoUkO2oKuUEyB6Pw==" info="[3] There you see some Jotuns' ruins. This map will be full of ruins and historical artifacts. These are interactible but it does not concern you.

This start is calm, no real events to take into account yet. You can go on further South again. You want to keep  an eye out for an enormous dwarven gate near Hessdallen Kenning Waypoint, because Next Marker is on top of it." copy="next to Vista, near [&amp;BF0CAAA=]"/>
		<POI MapID="26" xpos="-143.292" ypos="129.89" zpos="381.184" type="mow.makers" GUID="BY7dh8bLaEieB8Nyns4cGA==" info="[4] Beautiful view! It must have been breathtaking when Dwarves were still around in these lands...

If you look West you might see the orange light of a camp fire in the distance. This is where Next Marker awaits you!" copy="near camp fire at [&amp;BDECAAA=]"/>
		<POI MapID="26" xpos="-364.183" ypos="60.9726" zpos="309.793" type="mow.makers" GUID="4x3Qh3EE1UOwCpp0O/j2Mg==" info="[5] Ready yourself, finally some action will be happening! But don't worry, it will be simple enough...

Yes. Indeed. Even for you.

First, find the entrance to Kolkorensburg, a cave, by going along the cliffs towards North-East."/>
		<POI MapID="26" xpos="-304.462" ypos="61.8071" zpos="431.815" type="mow.makers" GUID="ediNiS+gHUuwFDeyZIyhsA==" info="[6] If you are entering the cave, then take a turn left, Next Marker on your way.

[20] Do you have pen and paper? Because Next Marker is kind of far away. Look in front you, there a mountain. First you climb until it get impractical, then you bypass the mountain by the left (North). Following the cliffs, this will lead you to Kenning Testing Ground camp, where Next Marker will be." copy="for Marker [21], next to [&amp;BF4CAAA=]"/>
		<POI MapID="26" xpos="-386.879" ypos="66.9067" zpos="430.615" type="mow.makers" GUID="ivtWexKpUEKfDXZZcx26Kw==" info="[7] A small event chain can happen here involving Skritts dumbness and a Priory Scholar named Dane. You can find Dane at Landslide Lee point of interest if the event is not going on.

I advise waiting for the event. When you are done, Next Marker will be out of this cave (just go on on this path), next to Wyrmblood Waypoint." copy="next to [&amp;BGUCAAA=]"/>
		<POI MapID="26" xpos="-413.807" ypos="40.5151" zpos="529.055" type="mow.makers" GUID="4GMY3K9rV0aMbhKGGz8m6w==" info="[8] So? This was a cool warmup, right?

Now, look North. You should be able to see an hanging bridge. Next Marker is on this bridge: see you there! IGNORE ANY EVENT INVOLVING GERRVID."/>
		<POI MapID="26" xpos="-468.485" ypos="49.6014" zpos="745.929" type="mow.makers" GUID="jxuvo1FmXU6fsd6AgySPhA==" info="[9] Alright. Get ready, next two Markers are going to be tedious. This first one is pretty much in front of you, at the feet of Leopard's Snarl Shrine point of interest.

Not sure this spirit will let you reach it that easily..." copy="at [&amp;BCoGAAA=]"/>
		<POI MapID="26" xpos="-597.805" ypos="64.7003" zpos="838.044" type="mow.makers" GUID="/kghgahxeEyretSOqT0cag==" info="[10] Wow! Ok, let be fast before everything respawn. You can use ''/kneel'' in front of the shrine to gain a boon. That'll help.

Then, you will perform a u-turn an continue up the slope. Next Marker is at the top of the slope, next to a chest! I wish you strength and courage!"/>
		<POI MapID="26" xpos="-419.331" ypos="83.0576" zpos="820.406" type="mow.makers" GUID="eldIJgNrIEOJwFOzdIZCEA==" info="[11] WELL DONE! This map is starting to get interesting, am I right?

Now, Next Marker is a bit far away down South. So go straight to the South and try to find Bear's Jaws Shrine, just in front of Toran Hollow Waypoint.

On you way, beware of the Ancient Barracuda that locals report having seen in these waters... IGNORE ANY EVENT INVOLVING GERRVID." copy="at [&amp;BCkGAAA=]"/>
		<POI MapID="26" xpos="-520.191" ypos="52.0871" zpos="233.261" type="mow.makers" GUID="Nv3pWiC3sE6lpKpDs/uYow==" info="[12] You can still ''/kneel''! This one should have been way easier to reach then the previous shrine! Don't bother with the Vista as you will come back later. An event involving Grawls can happen here. Also, if you interact with the shrine, you can start a small event to fight Bear's Spirit!

For Next Marker, you will gambol to the South, and find a camp fire at Shelter Pointe point of interest." copy="camp fire near [&amp;BC4CAAA=]"/>
		<POI MapID="26" xpos="-600.847" ypos="87.4791" zpos="36.9047" type="mow.makers" GUID="BWmc/uAQWEWqOC1X6lm1Wg==" info="[13-14] There is an event chain that can happen here. I want you to wait for it, but there are things to do meanwhile.

1) As you see, this is Marker [13-14], there is another Marker [13-14] for you to find further South in a skritt cave. Good Luck!

2) Further South you might also encounter a huge Champion Wurm, which you could try to take down. You might need allies though.

3) The event chain you are waiting for start by protecting the Priory while they complete some ritual.

Next Marker will be Marker [15], and is located at the end of the event chain described in 3)."/>
		<POI MapID="26" xpos="-579.821" ypos="93.1472" zpos="-385.262" type="mow.makers" GUID="ULhg9TVSnUudfpyh1AuWfg==" info="[13-14] This cave is often very hard to find the first time! How difficult was it for you? I guess not much... After all, I am teaching you since the beginning, of course you are easily achieving these kinds of easy tasks." copy="[&amp;]"/>
		<POI MapID="26" xpos="-486.093" ypos="91.7357" zpos="110.188" type="mow.makers" GUID="lfIIdmj1c0O254PmV5mkyA==" info="[15] Well done! Now out of here. Next Marker is at the Vista North of Toran Hollow Waypoint!" copy="at the Vista North of [&amp;BFwCAAA=]"/>
		<POI MapID="26" xpos="-576.98" ypos="68.1407" zpos="310.972" type="mow.makers" GUID="mFJaB7E4EE2zojv/AFPSCg==" info="[16] Remember when you were at the hanging bridge North before? Well... Maybe I want you to run back there and then a bit East to reach Travelen's Waypoint, where Next Marker you will find.

IGNORE ANY EVENT INVOLVING GERRVID." copy="next to [&amp;BGQCAAA=]"/>
		<POI MapID="26" xpos="-284.139" ypos="57.8992" zpos="736.878" type="mow.makers" GUID="kWcS0FvsREiniUKd7pcZbA==" info="[17] Take your time here to complete the heart and unlock this Vista a bit West if not already done. After that, find yet another entrance to Kolkorensburg, South-East from here.

Next Marker at the entrance." copy="Find a cave entrance into Kolkorensburg South-East of [&amp;BGQCAAA=]"/>
		<POI MapID="26" xpos="-195.343" ypos="72.9241" zpos="666.686" type="mow.makers" GUID="gyycOaglwk6K/nu43ENL3A==" info="[18] Ready for a small adventure? Yeah? Great!

You are looking for Next Marker in that cave. Try to find a place with a lot of spiders. Next Marker will be next to a rich iron vein" copy="next to a rich iron vein in Kolkorensburg"/>
		<POI MapID="26" xpos="-154.143" ypos="39.0527" zpos="548.038" type="mow.makers" GUID="R4d6F05QM0O9sPEM7BLp6Q==" info="[19] Well done! Are you excited? I knew you were a Skritt soul!

Next Marker at the Eastern entrance of Kolkorensburg. You already went there when you first entered this place at the very beginning of your adventure on this map!"/>
		<POI MapID="26" xpos="118.885" ypos="88.9497" zpos="188.08" type="mow.makers" GUID="uSjPGeEZ/Eq89z8qg3UEaQ==" info="[21] This place is amazing! An event chain with Jotuns can happen here. I would advise to try your luck and wait for it, but the reset it sometimes a bit long.

Next Marker is in the center cabbages in a Jotuns' camp East. You should be able to see the camp by climbing one of the watchtowers around here." copy="amongst cabbages in a Jotun Camp East of [&amp;BF4CAAA=]"/>
		<POI MapID="26" xpos="371.496" ypos="99.0756" zpos="231.059" type="mow.makers" GUID="RRZQ/HbFq0218fTX5tKswA==" info="[22] Reaching this place is not that easy! Well done! You can tour the camp and complete the hero challenge just around the corner.

When you are done, look North-West. You should see enormous Dwarven Gates in the distance. This is where you are going.

Next Marker between the gates at Theign Kenning point of interest." copy="at [&amp;BDACAAA=]"/>
		<POI MapID="26" xpos="78.297" ypos="114.118" zpos="449.246" type="mow.makers" GUID="lLdJrLIAJ06y6xcwxNm+bw==" info="[23] You can do the hero challenge just there. When you are done, you are going to go North to Graupel Waypoint.

Next Marker is at a stead near Graupel Waypoint, next to a camp fire." copy="next to camp fire near [&amp;BGICAAA=]"/>
		<POI MapID="26" xpos="169.808" ypos="93.2711" zpos="846.402" type="mow.makers" GUID="gRIOQ+KTIkqcfDLQo0gttg==" info="[24] Back to the start, almost. An event chain can happen here. I advise waiting for it!

Next Marker at the end of the event chain at Talecrafting Steading point of interest." copy="at [&amp;BDUCAAA=]"/>
		<POI MapID="26" xpos="270.833" ypos="91.4993" zpos="727.767" type="mow.makers" GUID="3wg22rnlKE+GWn0hlaFMgw==" info="[25] Well done! I hope you managed to save this guy. If not, you're really disappointing.

In anycase, just go along the cliffs to the East for Next Marker. It will be at the closed entrance of Ulukk's Hunger."/>
		<POI MapID="26" xpos="501.186" ypos="84.1646" zpos="722.463" type="mow.makers" GUID="BRbet0cQiUOgO2O5Yt/FVQ==" info="[26] This door is always closed and there is no way to open it. You could however visit the place behind it by studying the Grawls at part of your Order story line.

Next Marker is South-West, at the entrance of Ratatosk, next to Mountain's Tail Waypoint." copy="next to [&amp;BGECAAA=]"/>
		<POI MapID="26" xpos="342.583" ypos="64.0928" zpos="549.673" type="mow.makers" GUID="JDP890I0YUqLmKF4d3fNBQ==" info="[27] We are now exploring Ratatosk! Head into the caverns and find Nottowr Fault Waypoint.

Next Marker is around there, on a wooden bridge." copy="on a wooden bridge, around [&amp;BGACAAA=]"/>
		<POI MapID="26" xpos="592.718" ypos="43.226" zpos="675.936" type="mow.makers" GUID="RbBKgVsf40+eKs5repDpCA==" info="[28] Well done! You should take time to complete the heart and play hit-the-spider with the skritts.

When you're done, continue exploring the caves looking for an hero challenge South of here. Next Maker on a wheel in front of the hero challenge at the Speaking Place." copy="at [&amp;BDYCAAA=]"/>
		<POI MapID="26" xpos="591.255" ypos="29.3841" zpos="408.319" type="mow.makers" GUID="/0H7e+G6P0W6Isyw3pGuLw==" info="[29] Try to get that hero point if not already done! After that, head outside of the cave by the tunnel going South.

Next Marker will be South at Wide Expanse Waypoint." copy="next to [&amp;BF8CAAA=]"/>
		<POI MapID="26" xpos="469.902" ypos="76.6134" zpos="248.939" type="mow.makers" GUID="f8Rmu1xTNU+8PXEbkKSClg==" info="[30] And now going for another segment without much action...

For Next Marker direction South, walking alonf the cliffs of the Eastern border of the map. See you at Raven's Wing Shrine!" copy="at [&amp;BCsGAAA=]"/>
		<POI MapID="26" xpos="588.371" ypos="93.636" zpos="79.4586" type="mow.makers" GUID="61m8I8G/IEe3GzfzNxi30g==" info="[31] Yet another shrine! Did you know you can ''/kneel''?

For Next Marker it's a bit difficult. You will have to go back to Kenning Testing Ground, you can do that by foot if you bypass the Wide Expanse by the South and then go North to cross a bridge to the West.

Next Marker on said bridge.

Next Marker is in a huge cave network South of the Kenning Testing Ground Waypoint. You will find it next to Heart NPC Arcanist Dotta." copy="on a bridge West of the Wide Expanse" />
		<POI MapID="26" xpos="252.304" ypos="73.8385" zpos="114.993" type="mow.makers" GUID="XRFprta/WUe6x971TKZd6w==" info="[32] Well done! You're on the right tracks. Now explore a bit South of Kenning Testing Ground. Next Maker is in a huge cave network. You will find it next to Heart NPC Arcanist Dotta." copy="way South of [&amp;BF4CAAA=], in the caves, next to Heart NPC Dotta" />
		<POI MapID="26" xpos="12.801" ypos="98.9471" zpos="-9.50492" type="mow.makers" GUID="UQwIf9DpTkWJ6fmg40LNVA==" info="[33] This place is terrific! An event can happen here with explorer Harlow, which you could try to do.

Next Marker is on your way to reach the Vista in that cavern." copy="Try to reach the Vista."/>
		<POI MapID="26" xpos="-110.521" ypos="149.54" zpos="-137.477" type="mow.makers" GUID="O5Ujs6NqwUSdTOxxEJpptw==" info="[34] Well done! That was not easy at all! Did you manage to do that alone?!

Go on and find the Vista! Next Marker near the Vista, next to a chest." copy="near the vista, next to a chest"/>
		<POI MapID="26" xpos="-56.8094" ypos="132.462" zpos="-87.6698" type="mow.makers" GUID="kolQZGzv4U+WER4X4SAgxA==" info="[35] That's right Sir! You're definitely on some good path! Now, to the Vista! Let's find Next Marker there, next to a chest."/>
		<POI MapID="26" xpos="-68.1783" ypos="147.704" zpos="-34.3407" type="mow.makers" GUID="nxfxefYrM0azhgus3orwUA==" info="[36] Whoooooooo! What a incredibly skillfull adventurer you are!

Ok, let's not lose too much time praising you. For Next Marker continue by jumping head and go down below, back on the ground. Then find a way to the West." copy="find a tunnel going West"/>
		<POI MapID="26" xpos="-179.276" ypos="111.89" zpos="-68.9846" type="mow.makers" GUID="IN1An90lj0eZLM8LKsTxNA==" info="[37] This was not easy at all! But, once again, you did it. Keep going West to find Next Marker on your way."/>
		<POI MapID="26" xpos="-269.369" ypos="123.978" zpos="-129.226" type="mow.makers" GUID="4b5id/IVrUqRoECL4t9FVw==" info="[38] Phew! I like Dostoev Sky Peak, but at the same time, it is also quite a suffocating place. Now that we're back under the open sky, let's breathe.

For Next Marker go South-West until you reach Steelbrachen Waypoint." copy="next to [&amp;BFsCAAA=]"/>
		<POI MapID="26" xpos="-412.792" ypos="85.9178" zpos="-281.475" type="mow.makers" GUID="Akyty3wG70iOQgUJeTufVQ==" info="[39] For Next Marker we are making a small detour. You are going to run South and to find a rusted bridge near Tribulation Waypoint. The Marker is on the bridge. " copy="on the bridge near [&amp;BFYCAAA=]"/>
		<POI MapID="26" xpos="-326.876" ypos="39.9313" zpos="-710.233" type="mow.makers" GUID="zHKrEgcYM0W492IahB433A==" info="[40] You might want to unlock the waypoint just in case you die looking for Next Marker.

After that you are doing a u-turn, back to the North, and trying to find and entrance to Kapellenburg. In there you will especially be looking for the Tomb of Blackpowder point of interest. You might requires a Dwarven Key to enter the Tomb..." copy="enter [&amp;BPQEAAA=]"/>
		<POI MapID="26" xpos="-320.729" ypos="109.43" zpos="-451.74" type="mow.makers" GUID="MRl/VHZoB0GQR5e0q4pr8Q==" info="[41] Well done! You're a true Priory researcher! Note that if you're also greedy, there is a rich gold vein in these mines!

For Next Marker, please head further North-East. You will find an entrance to Dostoev Sky Peak that you still haven't visited. Next Marker at the entrance."/>
		<POI MapID="26" xpos="-144.935" ypos="122.325" zpos="-298.239" type="mow.makers" GUID="8L8slPpajU2z9IEeAmdvtg==" info="[42] You can now freely explore these mines. Events in Dostoev Sky Peak include Harlow quest that you might already have done; the destroyer troll event a bit South; an event with elementals North and an event with Imps at the Tomb of Stoneskin.

For Next Marker, you want to go in front of a Dwarven tomb at the Tomb of Stoneskin point of interest" copy="at [&amp;BPUEAAA=]"/>
		<POI MapID="26" xpos="4.31655" ypos="123.533" zpos="-170.375" type="mow.makers" GUID="7bmtZ55h/Ui5NjMTA8aQ6A==" info="[43] Hey Indiana Jones! How is it going so far? We are now done with this place.

For Next Marker, head out of the caverns by the Southern entrance, and go along the side of the mountain towards North-East until you reach Seven Pines Waypoint." copy="next to [&amp;BFkCAAA=]"/>
		<POI MapID="26" xpos="272.013" ypos="94.6945" zpos="-147.475" type="mow.makers" GUID="NUatQ6AqZ0u52P7SgKsNWw==" info="[44] Let's make a pause. You will now explore the area in which the ''In Pursuit of Knowledge'' Meta Event takes place. 

When this Meta Event fully resets, it starts here with Oliver asking for help to gather blueprints from the dredges. You can take part to the Meta whenever you feel like it.

For Next Marker you are going West and then South towards Granite Citadel Waypoint. The Maker will be around there, on a bridge." copy="on a bridge in the area around [&amp;BO4EAAA=]"/>
		<POI MapID="26" xpos="531.278" ypos="96.3496" zpos="-481.098" type="mow.makers" GUID="2krYxQkECk6m9c9SCeOT5Q==" info="[45] As part of the Meta Event, this place might be under attack from the dredges.

I advise you spent some time here and complete the heart. There is a specific headstone that can start an event to kill a giant Imp.

For Next Marker go West and then South to Mantelet Refuge. The Marker will be next to the reinforce armor NPC." copy="around [&amp;BCwCAAA=], next to reinforce armor NPC"/>
		<POI MapID="26" xpos="173.043" ypos="109.442" zpos="-787.326" type="mow.makers" GUID="iWyHukxQwEux5/tiKcY05Q==" info="[46] As part of the Meta event, if both camps in the plains are lost to the Priory, this place can be under attack fron the dredges.

For Next Marker, you can get out of this hammlet by the South-Eastern doors. Immediatly take a turn right in a iced tunel. And reach the Vista at Dociu Excavation East from here. " copy="reach the Vista [&amp;BCgGAAA=]"/>
		<POI MapID="26" xpos="401.873" ypos="91.1908" zpos="-770.42" type="mow.makers" GUID="34kOMCC1Wk6uPZ2SIzdBXw==" info="[47] You can freely explore this area. The MoW trails can be useful here to explore paths you might not think about.

As part of the Meta event, an engineer -Radley- from the Granite Citadel can be held prisoner by dredges here. Free him!

For Next Marker simply reach Dociu Waypoint." copy="next to [&amp;BFgCAAA=]"/>
		<POI MapID="26" xpos="383.431" ypos="57.3958" zpos="-620.564" type="mow.makers" GUID="nnxBKJgVn0+N2k5CENRFHA==" info="[48] When you're done with this area, head West. On your way pay attention to any iced hollow you might see.

Next Marker is at the entrance of an iced tunnel South of Fridgardr Lodge." copy="a tunnel South of [&amp;BCsCAAA=]"/>
		<POI MapID="26" xpos="146.286" ypos="45.709" zpos="-509.935" type="mow.makers" GUID="Bpqq/Y5MlUmszYZm4/IHDQ==" info="[49] Go through this tunnel and then North to Fridgardr Lodge where Next Marker is." copy="at [&amp;BCsCAAA=]"/>
		<POI MapID="26" xpos="140.229" ypos="69.5519" zpos="-438.304" type="mow.makers" GUID="FhHCOCGF20GD+P9zpXsAXw==" info="[50] As part of the Meta event, this place can be contested by dredges. Defend, retake or take a nap accordingly.

Next Marker is South-West, at Firebase Molek point of interest." copy="at [&amp;BPIEAAA=]"/>
		<POI MapID="26" xpos="-0.56432" ypos="60.6581" zpos="-588.704" type="mow.makers" GUID="bqS1lK0QoEaX5pMgtKaTBQ==" info="[51] As part of the Meta event this place can be contested by dredges. When both Fridgardr Lodge and this place are under control, the Meta ends with the Spawn of the Dredge Commissar far away South-East (use Tribulation Waypoint).

Next Marker is at Tribulation Rift, just in front of the dungeon entrance next to Sorrow's Embrace Waypoint." copy="next to [&amp;BD8FAAA=]"/>
		<POI MapID="26" xpos="-514.983" ypos="-0.534557" zpos="-644.179" type="mow.makers" GUID="bZ10cjxTiECeFo6h5lEbZg==" info="[52] Well done! This tour is almost over. Well truth is you might very have undiscovered about every objective on this map.

For Next Marker, reach the Vista South of Tribulation Rift and try to find a tunnel into the ice there." copy="Find a tunnel in the ice somewhere around the Vista [&amp;BCMGAAA=]"/>
		<POI MapID="26" xpos="-583.717" ypos="67.0015" zpos="-870.832" type="mow.makers" GUID="1MXjL6m44E6fFVoDDBWpOA==" mapVisibility="0" info="[53] Well done! Now, take your time, be careful, and progress throught he cavern!

There is no hard fight, but you still might want to bring someone along."/>
		<POI MapID="26" xpos="-607.102" ypos="23.2036" zpos="-752.647" type="mow.makers" GUID="3uDtq4acok+gUkrQ9CSz3g==" mapVisibility="0" info="[54] Go on!"/>
		<POI MapID="26" xpos="-608.612" ypos="26.3424" zpos="-697.63" type="mow.makers" GUID="GHnLDx5mNkiyXfGwjfaemw==" mapVisibility="0" info="[55] Be especially careful about the ice explosions!"/>
		<POI MapID="26" xpos="-622.773" ypos="87.2501" zpos="-626.031" type="mow.makers" GUID="vJ4eZECQOECbGS619mEw+w==" mapVisibility="0" info="[56] Well done! You are now at the... Wait! What? I am told that this still isn't over!

Open you map and waypoint to Travelen's Waypoint. Near there, you will find a stead in which youy might meet with Gerrvid! Speak to Gerrvid and start an event." copy="Start an event with Gerrvid at the stead near [&amp;BGQCAAA=]"/>
		<POI MapID="26" xpos="666.106" ypos="43.8662" zpos="961.223" type="mow.makers" GUID="PG/VYZmNFESBYqKKR6RqAQ==" mapVisibility="0" info="[57] Hey! Welcome here! Take a torch to fear the ennemies and help Gerrvid, your team and you cross the dark room."/>
		<POI MapID="26" xpos="499.765" ypos="44.3779" zpos="970.806" type="mow.makers" GUID="Ii3UGWaoIUSVAXBF4ER7mQ==" mapVisibility="0" info="[58] Well done! Now listen to Gerrvid. Maybe will you find what he wants by looking into the rubbles?"/>
		<POI MapID="26" xpos="504.664" ypos="63.88" zpos="918.45" type="mow.makers" GUID="+1fXXsgGnkKtDWnyMTAyrg==" mapVisibility="0" info="[59] IMPRESSIVE! Now continue with the event!"/>
		<POI MapID="26" xpos="528.288" ypos="63.88" zpos="918.599" type="mow.makers" GUID="oXVz7V7iE0KRHwyoUHTHMQ==" mapVisibility="0" info="[59] WELL DONE! I'M IMPRESSED! Once again you completed one of my tour! Not only impressed, but actually honored!

If you want to keep on your adventure using the MoW then a good next destination would be Timberline Falls, to the South. If you don't mind doing some main story quest or some dungeons, then you might even be level 55 and ready to tackle Sparkfly Fen, also to the South. Avoid the Iron Marches in Charr territory if possible (spoilery map).

If you like the pack and have some criticisms or want to say something, you can feedback on github or contact me in game under 'Euste Ylhes.1095' [EU server]"/>
</POIs>
</OverlayData>