<OverlayData>
	<POIs>
		<Trail trailData="Trails/Fireheart_1.trl" animSpeed="0.5" alpha="1" type="mow.roads" fadeNear="500" fadeFar="1000"/>
		<Trail trailData="Trails/Fireheart_2.trl" animSpeed="0.5" alpha="1" type="mow.roads" fadeNear="500" fadeFar="1000"/>
		<Trail trailData="Trails/Fireheart_3.trl" animSpeed="0.5" alpha="1" type="mow.roads" fadeNear="500" fadeFar="1000"/>
		<Trail trailData="Trails/Fireheart_3_1.trl" animSpeed="0.5" alpha="1" type="mow.roads" fadeNear="500" fadeFar="1000"/>
		<Trail trailData="Trails/Fireheart_3_2.trl" animSpeed="0.5" alpha="1" type="mow.roads" fadeNear="500" fadeFar="1000"/>
		<Trail trailData="Trails/Fireheart_3_3.trl" animSpeed="0.5" alpha="1" type="mow.roads" fadeNear="500" fadeFar="1000"/>
		<Trail trailData="Trails/Fireheart_3_4.trl" animSpeed="0.5" alpha="1" type="mow.roads" fadeNear="500" fadeFar="1000"/>
		<Trail trailData="Trails/Fireheart_3_5.trl" animSpeed="0.5" alpha="1" type="mow.roads" fadeNear="500" fadeFar="1000"/>
		<Trail trailData="Trails/Fireheart_3_6.trl" animSpeed="0.5" alpha="1" type="mow.roads" fadeNear="500" fadeFar="1000"/>
		<Trail trailData="Trails/Fireheart_4_Sancia.trl" animSpeed="0.5" alpha="1" type="mow.roads" fadeNear="500" fadeFar="1000"/>
		<Trail trailData="Trails/Fireheart_5_RazenEscort.trl" animSpeed="0.5" alpha="1" type="mow.roads" fadeNear="500" fadeFar="1000"/>
		<POI MapID="22" xpos="920.741" ypos="8.04709" zpos="-566.065" type="mow.makersstart"/>
		<POI MapID="22" xpos="920.741" ypos="8.04709" zpos="-566.065" type="mow.makers" GUID="131s2yOvUkuJmpUCRGdWug==" info="[1] There you are! Welcome to Fireheart Rise, land of the Flame Legion. Your are in for a huge Charr invasion of these lands. Your goal? Reaching the gates of the Citadel of Flames! This is a really cool map as you will come to the conclusion of the battle of the Charrs against the Flame Legion, but also because you will see how the Pact actually takes part to the assault.

Are you ready? Then let's start!!!

For Next Marker you head to the Vista just West." copy="next to Vista [&amp;BH4GAAA=]" />
		<POI MapID="22" xpos="780.225" ypos="33.8663" zpos="-675.035" type="mow.makers" GUID="LwBgzRluCkCUB8oNSpJSoQ==" info="[2] And event chain can start down below. It begins by protecting the command post supplies. I advise you wait for this event chain. It then chains with an escort to Severed Breach.

Next Marker at the end of the event chain, near Severed Breach Waypoint, inside a building." copy="inside a building near [&amp;BBkCAAA=]" />
		<POI MapID="22" xpos="205.31" ypos="2.84869" zpos="-664.81" type="mow.makers" GUID="UP9Te00io0ezMUnBUJB+DA==" info="[3] There are several events to defend and retake this place.

For Next Marker, head to the Vista North." copy="next to Vista [&amp;BH8GAAA=]" />
		<POI MapID="22" xpos="239.755" ypos="27.4358" zpos="-577.649" type="mow.makers" GUID="Qa2DxAOGCkGls9vI5vBCXQ==" info="[4] In front of you, to the East, is an island. This is your next step. On this Island takes place a pretty interesting event to take control of it. To find Next Marker you will have to climb up there, and look for a chest!" copy="next to a chest to the top of the Pig Iron Mine" />
<POI MapID="22" xpos="334.244" ypos="46.4202" zpos="-522.885" type="mow.makers" GUID="d3IuZ9okb0aftW5T5lm0tg==" info="[5] Well done! Now if you look to the South-East, you will see that there are some cart hanging to a cable up in the air. To find Next Marker you should try to hop on these carts. Good luck!

Next Marker at the end of the cable, near a chest." copy="next to a chest: hop on the hanging carts"/>
		<POI MapID="22" xpos="472.37" ypos="35.9904" zpos="-665.829" type="mow.makers" GUID="Ukicc6lwF0eulFsnLtv8Gw==" info="[6] Impressive!

Now for Next Marker, go South in the river bed and reach one of the waterfalls." copy="at one of the waterfalls, South of the bridge out of Sati Passage." />
		<POI MapID="22" xpos="587.537" ypos="-0.685796" zpos="-847.552" type="mow.makers" GUID="YtrFfyVMvkisWwnM4xXjaA==" info="[7] Some warbands have been lost while exploring around here. Survivors report of a huge Skale. However, no one have been able to confirm their sayings.

For Next Marker swim North to the Heart NPC in the middle of Fuller Cistern lake." copy="next to the Heart NPC in the middle of Fuller Cistern lake" />
		<POI MapID="22" xpos="697.342" ypos="1.89984" zpos="-376.521" type="mow.makers" GUID="xZOqk3IGDE6Y3Ac+vC1hXQ==" info="[8] An event chain can start around here to Protect Bakun and Jhalles. I advise you to do it. Next Marker will be found at the end of the event chain.

You can also find Next Marker by searching a huge magmatic puddle on the Eastern shore of the Lake." copy="at the end of the event chain, on a magmatic puddle on the Eastern shore of the lake" />
		<POI MapID="22" xpos="925.557" ypos="7.62721" zpos="-274.017" type="mow.makers" GUID="Z/Kx3L0WGkSa3h0sVc828A==" fadeFar="1000" fadeNear="500" info="[9] There can be a guild called the Modus Scaleris North of here on the shores of the Lake. You might have already met them in Lornar's Pass. Go and say hi!

Next Marker near the Hero Challenge, West of the lake, in a griffon roost." copy="in a griffon roost, West of the Lake, near the Hero Challenge" />
		<POI MapID="22" xpos="644.581" ypos="12.7673" zpos="-329.851" type="mow.makers" GUID="nTNxwDfiqUWundxaV3iSsA==" info="[10] Keep going further West to the Pig Iron Waypoint." copy="next to [&amp;BBcCAAA=]" />
		<POI MapID="22" xpos="441.147" ypos="6.62233" zpos="-429.814" type="mow.makers" GUID="rGrSpmgNFkm8uxW9bfPsDg==" info="[11] Keep going further West to Termerarus point of interest." copy="at [&amp;BAsCAAA=]" />
		<POI MapID="22" xpos="310.695" ypos="1.46589" zpos="-413.716" type="mow.makers" GUID="R+oV9P5tc0am5v+vqNGMsQ==" info="[12] Now head South, to end up a bit West of Severed Breach. You will find a group of tanks besieging Buloh Crossing. Next Marker on one of the tanks." copy="on a tank West of [&amp;BBkCAAA=]" />
		<POI MapID="22" xpos="84.6588" ypos="37.3749" zpos="-647.607" type="mow.makers" GUID="356jc6wXaEqdzBDU9trSyw==" info="[13] You are now in the area for the Battle of Buloh Crossing Meta Event. Partake in the events and find Next Marker in Vidius Castrum. You might want to find at least one ally." copy="somewhere around [&amp;BBwCAAA=]" />
		<POI MapID="22" xpos="-117.097" ypos="49.086" zpos="-626.871" type="mow.makers" GUID="vWGuFFaXMEiGi9hMADbdkw==" fadeFar="1000" fadeNear="500" info="[14] Well done!
For Next Marker reach the Vista on top of the hill just East." copy="next to the Vista [&amp;BHwGAAA=]" />
		<POI MapID="22" xpos="-255.099" ypos="58.2794" zpos="-538.288" type="mow.makers" GUID="qyq4S/43lUKYZA5SV1hIsw==" info="[15] You will now explore South-East. You want to find spiders and follow them until you find a chest, next to which Next Marker awaits." copy="next to a chest, amongst spiders South-West of [&amp;BHwGAAA=]" />
		<POI MapID="22" xpos="-429.39" ypos="59.1547" zpos="-748.68" type="mow.makers" GUID="TtaVV5DP9UCY/SoZaCLxTg==" info="[16] As you see, this part of the Fireheart Rise is pretty deserted by any Charr. It is said to be the territory of a ferovious Spider King. I hope you will not have any unfortunate meeting with him.

For Next Marker, it's North-West to Apostate Waypoint." copy="next to [&amp;BB0CAAA=] " />
		<POI MapID="22" xpos="-656.573" ypos="44.1322" zpos="-467.406" type="mow.makers" GUID="fAu/OZgiwkuLpwF8N9bYwg==" info="[17] Welcome to the lands of the Grawls! There is a cool Meta Event here: Assault on Atrox: Uniting the Grawls. This Meta event starts by driving off Harpies from the Grawls camp. It then chains into other events. The idea being to recruit different grawl tribes to help you capture Atrox Castrum.

Do this Meta if possible. Next Marker will be South of here near God's Skull point of interest, amongst Butternut Squash. You can go there while doing the Meta." copy="amongst butternuts squash near [&amp;BBICAAA=]" />
		<POI MapID="22" xpos="-689.912" ypos="57.5607" zpos="-726.844" type="mow.makers" GUID="86fQb0taWUieePLHUIc5gw==" info="[18] Continue doing the Meta and reach Next Marker at the God's Eye point of interest, North fron here." copy="at [&amp;BBECAAA=]" />
		<POI MapID="22" xpos="-765.92" ypos="25.827" zpos="-370.217" type="mow.makers" GUID="iMlt14hTqkSuhHiI86GxWQ==" info="[19] Keep going with the Meta an launch an assault on Atrox Castrum. Next Marker will be there, next to a Reinforce Armor NPC." copy="next to a reinforce armor NPC at [&amp;BA0CAAA=]" />
		<POI MapID="22" xpos="-519.427" ypos="58.1247" zpos="-411.614" type="mow.makers" GUID="+ipP4zi6BUGv3l4Wtzdtzw==" info="[20] Well done!

For Next Marker run North-East to find the Havoc Waypoint and enter the Burnt Hollow. Next Marker in there, in front of a tent." copy="in front of a tent in Burnt Hollow North of [&amp;BBsCAAA=]" />
		<POI MapID="22" xpos="-296.441" ypos="37.6376" zpos="-185.658" type="mow.makers" GUID="x8wuRX1mj0adhXM6E3+0wA==" info="[21] This cave is full of ambient dialogs from NPCs. If you like to, you can stay here for a while listening to all these. Some are pretty interesting!

For Next Marker get out of this hollow and reach Switchback Waypoint by taking a turn right (to the West) at the exit og the hollow." copy="take a turn to the West at the exit of Burtn Hollow, and reach [&amp;BB8CAAA=]" />
		<POI MapID="22" xpos="-356.367" ypos="26.5898" zpos="34.7822" type="mow.makers" GUID="Effm1nsnCk67llltYqai2Q==" info="[22,29'] If you are coming from the South, then you'll find Next Marker a bit East at Veiled Cliff point of interest.

If you are coming from the North, then keep going South to Heart Speaks Not point of interest." copy="for Marker [23] at [&amp;BAgCAAA], for Marker [30] at [&amp;BBACAAA=]" />
		<POI MapID="22" xpos="-246.821" ypos="21.3789" zpos="38.4991" type="mow.makers" GUID="cAjxdbl0hkKYx7OaZOJ/cQ==" info="[23] An event chain can happen just East from here involving NPC Balint. I really recommend you wait for this event chain! You should make sure you have around 20 minutes of free time to complete it.

For Next Marker head a bit West. It should be near Balint if the event is not started. Otherwise, it will be visible from afar." copy="visible from afar, a bit West of [&amp;BAgCAAA]" />
		<POI MapID="22" xpos="-138.935" ypos="20.91" zpos="-28.8923" type="mow.makers" GUID="+ffZn27WKUCvyyZ8KzPGQw==" fadeFar="1000" fadeNear="500" info="[24]This is approximately where you should find Balint event in its starting phases.

Follow the event chain to reach Next Marker at Piketooth Tower point of interest." copy="at [&amp;BAkCAAA=]" />
		<POI MapID="22" xpos="-91.195" ypos="63.0947" zpos="258.556" type="mow.makers" GUID="YvGgrPJmK0GGzlg0WJ/Jfg==" info="[25] You should still be doing the event chain with Balint. Keep going. This event chain will then chain again with another event chain, you will keep going!

Next Marker will be at Provatum Castrum Vista." copy="after having saved Navalia, next to Vista [&amp;BIAGAAA=]" />
		<POI MapID="22" xpos="124.976" ypos="51.7948" zpos="-85.6093" type="mow.makers" GUID="PQA5c0opgk6G99p5omajow==" info="[26] I hope you freed Navalia! This was quite an adventure, right? Well... Now is time for some rest.

For Next Marker simply go North to Keeper's Waypoint." copy="next to [&amp;BCYCAAA=]" />
		<POI MapID="22" xpos="20.9381" ypos="43.8287" zpos="220.579" type="mow.makers" GUID="mcQViiPIW0W4shYinXXr8g==" info="[27] Head West to reach Shadow Cleft point of intereest where you'll find Next Marker near a camp fire." copy="next to a camp fire at [&amp;BAcCAAA=]" />
		<POI MapID="22" xpos="-217.391" ypos="34.0959" zpos="287.846" type="mow.makers" GUID="j4GDhw3JlUGOrjTlDA0MdQ==" info="[28] Progress South and find Next Marker on a bridge." copy="On a bridge South of [&amp;BAcCAAA=]" />
		<POI MapID="22" xpos="-268.018" ypos="34.8074" zpos="136.131" type="mow.makers" GUID="ocTBXVycKUeLANd+WEyOYQ==" info="[29] Continue until you reach Switchback Waypoint." copy="next to [&amp;BB8CAAA=]" />
		<POI MapID="22" xpos="-587.791" ypos="48.343" zpos="-171.231" type="mow.makers" GUID="LniqQFFXfkG1AH43Ir/9xQ==" info="[30] To pursue your exploration go North-West to Rustbowl Waypoint. On your way you might want to claim that Hero Challenge!" copy="next to [&amp;BB4CAAA=]" />
		<POI MapID="22" xpos="-858.381" ypos="81.8571" zpos="38.0989" type="mow.makers" GUID="dBvSE9LidUWdfZHLVb+o3g==" info="[31] Something is happening on the area East from here: Frostgorge Sound. It appears that many Kodans have to seek refuge here.

To find out more about it, head further North to Haymal Gore point of interest." copy="at [&amp;BA8CAAA=]" />
		<POI MapID="22" xpos="-822.28" ypos="4.61648" zpos="360.854" type="mow.makers" GUID="eFduLCCxo0KjKaBcSRGREg==" info="[32] This place is a refuge for the Kodans. However, it is not absolutely safe. This lake especially hold dangerous foes. You should protect the fishers against any threat.

A bit South-East you will find a cave with an abandonned bivouac. Next Maker is at the bottom of this cave, near a rich platinum vein.

On your way there you might find Selsda, a Norn who's hunting Minotaurs in the region. You might like helping her for a while.

Next Marker at the bottom of the Onager Bivouac." copy="at the bottom of the Onager Bivouac, a cave South-West of the Highland Thaw." />
		<POI MapID="22" xpos="-479.493" ypos="61.3542" zpos="306.197" type="mow.makers" GUID="QKgSIXlXhECy8jNKcRFetQ==" info="[33] What happened here? How was this Pact expedition force slaughtered? You might find out a bit about it if you stay long enough...

When you're done, head to the Vista in the Highland Thaw." copy="next to the Vista [&amp;BH0GAAA=]" />
		<POI MapID="22" xpos="-620.696" ypos="44.0294" zpos="320.377" type="mow.makers" GUID="dHt0a2Lt2UWUQbvOc61BbA==" info="[34] Let's keep going North until you reach Icespear's Waypoint." copy="next to [&amp;BCACAAA=]" />
		<POI MapID="22" xpos="-680.385" ypos="48.3577" zpos="653.137" type="mow.makers" GUID="T+QLxir4J0OAHIB3j4W1+A==" info="[35] Head into the Mangonel Cavern. Next Marker is next to a camp fire at Mangonel Bivouac." copy="next to a camp fire at [&amp;BBQCAAA=]" />
		<POI MapID="22" xpos="-725.667" ypos="55.6212" zpos="806.494" type="mow.makers" GUID="z4EKi/aoMUCubHVuK+RxDw==" info="[36] There is an event chain to defend the Priory team while they light lanterns in the cavern.

When you are done, head out of this cavern and reach Snow Ridge Camp Waypoint North-East." copy="next to [&amp;BCECAAA=]" />
		<POI MapID="22" xpos="-425.601" ypos="78.5204" zpos="804.971" type="mow.makers" GUID="oDj3VM0YrEe/8RQsqBmj1w==" info="[37] You are once again within the area of a Meta. This time it is the Pact Campaign Against the Flame Legion.

This Meta starts with an event involving Ezoola, but you can also join to escort Agent Tewson. I advise you wait for this Meta event.

Next Marker next to a chest at Vorgas Garrison Waypoint." copy="next to a chest at [&amp;BCICAAA=]" />
		<POI MapID="22" xpos="-187.274" ypos="63.8562" zpos="605.818" type="mow.makers" GUID="C3UzVZ7VPk6nV8EWKwGbdw==" info="[38] If you just did the Meta event, then it might go on for a little while. When you have full control of this place, an NPC named Gunnkell will appear and offer to start another event.

You can follow him and do the event. When you will be done, you will have quite a long walk to a Vista East of the Coalpit Watchpost point of interest.

I recommend you activate and follow the MoW trails to go there." copy="next to the Vista [&amp;BIIGAAA=]" />
		<POI MapID="22" xpos="383.705" ypos="22.3155" zpos="2.44552" type="mow.makers" GUID="u/lkCB5jq0+DsLZAj4BVUA==" info="[39] For Next Marker you can go East to Breaktooth's Waypoint. To do so, stay on the Southern shore of the waters ahead.

If you are feeling adventurous, why not try to find a way upstream of this lava?" copy="next to [&amp;BBoCAAA=]" />
		<POI MapID="22" xpos="354.055" ypos="36.7862" zpos="-2.06891" type="mow.makers" GUID="wLAkeKjFC0CLsbxeltadZA==" mapVisibility="0" info="[39'] Ooooh!" copy="" />
		<POI MapID="22" xpos="-371.44" ypos="29.0194" zpos="-670.798" type="mow.makers" GUID="s9zzwQWI80ixzo0vKXe8zA==" mapVisibility="0" info="[39'] Interesting!" copy="[&amp;]" />
		<POI MapID="22" xpos="-334.772" ypos="23.0432" zpos="-714.227" type="mow.makers" GUID="HpaUsCXpak6LNA1oozXhug==" mapVisibility="0" info="[39'] Hum... Perplexing..." copy="[&amp;]" />
		<POI MapID="22" xpos="-374.39" ypos="39.8093" zpos="-773.402" type="mow.makers" GUID="f9HSafsrEE6B439pa02njQ==" mapVisibility="0" info="[39'] Challenging!" copy="[&amp;]" />
		<POI MapID="22" xpos="-434.912" ypos="18.6193" zpos="-787.248" type="mow.makers" GUID="MHDGwHH8jEGMvcOHkc02yA==" mapVisibility="0" info="[39'] In the last room, Next Marker will be near the remains of a golem" copy="near the remains of a golem in the last room" />
		<POI MapID="22" xpos="-246.451" ypos="8.88015" zpos="-844.825" type="mow.makers" GUID="BMF6HHO8DEGzTDfX15kOpw==" mapVisibility="0" info="[39'] There is a portal underwater to lead you outside of this place. Then go back to Marker [39] at the Vista." copy="go back next to [&amp;BBoCAAA=]" />
		<POI MapID="22" xpos="807.097" ypos="17.2878" zpos="25.1453" type="mow.makers" GUID="Tyy5BjQOcEG7vJJjb46oVQ==" info="[40] In the middle of the waters is Noxious Castrum, hold by the Flame Legion. However, Virgrol and his warband have been sent to conquer this Castrum. I recommend you help them.

Next Marker atthe very top of the Noxious Castrum." copy="at the top of [&amp;BA4CAAA=]" />
		<POI MapID="22" xpos="606.141" ypos="37.3472" zpos="62.7465" type="mow.makers" GUID="qV8Hs+aVMESQNnxtg6QCnA==" info="[41] Well done!

For Next Marker head East. Try to explore along the cliffs going North. You will find a passage with Separatists. Go in there and find Next Marker next to a chest." copy="next to a chest in Rebel's Seclusion, East of [&amp;BBoCAAA=]" />
		<POI MapID="22" xpos="973.816" ypos="70.7854" zpos="-33.2437" type="mow.makers" GUID="Um8v+Hs4WEWRDyvALfZ6zQ==" info="[42] Such a beautiful area...

For Next Marker reach the rich vein ahead." copy="next to the rich vein in Rebel's Seclusion." />
		<POI MapID="22" xpos="886.628" ypos="42.2777" zpos="2.96794" type="mow.makers" GUID="SlU7lprHZ0e2EmktfQ7Ehw==" info="[43] Next Marker will be next to Simurgh Waypoint.To go there, I advise getting out of here and going further North. You can follow along the waters for sometimes and then head West. Activate and follow the MoW trail if needed.

On your way you might find a pack of wolves North of Breaktooth Waypoint. It may be protected by a Champion Alpha Wolf. Be careful!" copy="next to [&amp;BCUCAAA=]" />
		<POI MapID="22" xpos="434.869" ypos="19.2001" zpos="341.391" type="mow.makers" GUID="S7JEAqAJIEipQIRII4SnJA==" info="[44] Phew! You survived the wolves and went through the Flame Legion army! I'm so proud of you. You're definitely ready to strike the last blow on the Flame Legion and assault their Citadel.

To that purpose go North to Liberation Dell at Folorn Waypoint, next to a camp fire." copy="next to a campfire near [&amp;BCMCAAA=]" />
		<POI MapID="22" xpos="180.866" ypos="35.5815" zpos="736.906" type="mow.makers" GUID="o3ySEolAJUiPXvUvEw0FoA==" info="[45] You are now participating in the Meta the Battle for the Citadel of Flame and Senecus Castrum. As part of this Meta you can do two events, they all start around here:

1) Escort and help Sancia;
2) Protect Veragha;

A third event can also be done. You will want to do this third event last, when you decide that you will be going away to Next Marker:

3) Escort Razen the Raider;

When you are ready to go, do event 3), and find Next Marker at the Citadel of Flame Waypoint." copy="next to [&amp;BEAFAAA=]" />
		<POI MapID="22" xpos="875.813" ypos="59.0486" zpos="665.402" type="mow.makers" GUID="ViQmRJOz60WfBzVbrXQJWw==" info="[46] You are now at the Gates of the Citadel of Flame. If you did the Meta event, the dungeon shall open and you can enter it with some of your allies -or alone, of course, if you want a bit of a challenge.

This is also the end of your journey on Fireheart Rise. I hope it was a stimulating map to visit! Next Map for you could be Frostgorge Sound, but make sure you enter by the Wayfarer Foothills side. You can also go to the Straits of Devastation to start invading Orr!

If you'd like to make any comments about the MoW, reach out on Github, on Blish-HUD discord or in-game under 'Euste Ylhes.1095' [EU server]" copy="lots of love!" />

	</POIs>
</OverlayData>