<OverlayData>
	<POIs>
		<Trail trailData="Trails/Frostgorge.trl" animSpeed="0.5" alpha="1" type="mow.roads" fadeNear="500" fadeFar="1000"/>
		<Trail trailData="Trails/Frostgorge_1.trl" animSpeed="0.5" alpha="1" type="mow.roads" fadeNear="500" fadeFar="1000"/>
		<Trail trailData="Trails/Frostgorge_2_JP.trl" animSpeed="0.5" alpha="1" type="mow.roads" fadeNear="500" fadeFar="1000"/>
		<Trail trailData="Trails/Frostgorge_3.trl" animSpeed="0.5" alpha="1" type="mow.roads" fadeNear="500" fadeFar="1000"/>
		<Trail trailData="Trails/Frostgorge_4.trl" animSpeed="0.5" alpha="1" type="mow.roads" fadeNear="500" fadeFar="1000"/>
		<Trail trailData="Trails/Frostgorge_5_underwater.trl" animSpeed="0.5" alpha="1" type="mow.roads" fadeNear="500" fadeFar="1000"/>
		<Trail trailData="Trails/Frostgorge_6.trl" animSpeed="0.5" alpha="1" type="mow.roads" fadeNear="500" fadeFar="1000"/>
		<Trail trailData="Trails/Frostgorge_7.trl" animSpeed="0.5" alpha="1" type="mow.roads" fadeNear="500" fadeFar="1000"/>
		<Trail trailData="Trails/Frostgorge_8.trl" animSpeed="0.5" alpha="1" type="mow.roads" fadeNear="500" fadeFar="1000"/>
				<POI MapID="30" xpos="479.529" ypos="45.5691" zpos="-839.252" type="mow.makersstart"/>
		<POI MapID="30" xpos="479.529" ypos="45.5691" zpos="-839.252" type="mow.makers" GUID="XwUqFb4ai0WiMVLPs6d0WQ==" info="[1] Welcome to Frostgorge Sound! This zone is the last zone of the Core game about the Shiverpeaks! So enjoy your journey here because you never know if you're going to discover new snow zones in the future or not...

Here we are mainly fighting against Jormag and its minions. When I say ''we'', I mean the Pact forces. You will get to learn great lore about the Kodans and have to fight against dredges. So I hope you're ready, because it is starting right now!

For Next Marker, you can wait here to escort Orthun's Caravan to Yak's Bend. It can be quite a long wait. Next Marker in Yak's Bend, in front of two Black Lion Merchants." copy="in front of two Black Lion Merchants at [&amp;BIQCAAA=]" />
		<POI MapID="30" xpos="637.502" ypos="33.0428" zpos="-383.103" type="mow.makers" GUID="Tok6dVjd2k61VRWxSnPQtw==" info="[2] This place has a long history. When the Charrs invaded Ascalon after the Searing decades ago, a fair part of the human people migrated to Kryta throught the Shiverpeaks under the impulsion of Prince Rurik.

Explore around, unlock the Vista and the Hero Challenge, and then head for Next Marker by going to the West reaching Heart NPC Scholar Inka." copy="near heart NPC Scholar Inka West of [&amp;BIQCAAA=]" />
		<POI MapID="30" xpos="348.959" ypos="59.907" zpos="-371.75" type="mow.makers" GUID="LDlzAHIAu0uTqfw8zW1ctg==" info="[3] Wait around here, completing the heart, for Kazk to offer to start an event. Do the event and find Next Marker at Ridgerock Camp Waypoint." copy="next to [&amp;BIMCAAA=]" />
		<POI MapID="30" xpos="124.117" ypos="73.2619" zpos="-266.693" type="mow.makers" GUID="y3RLdOFdfEuu/0A622xHEg==" info="[4] Sons of Svanir will often try to take this place and sometimes succeed. Maybe you even had to reclaim the camp before accessing this Waypoint.

For Next Marker, head South to Ridgepost Sentry." copy="next to [&amp;BO0EAAA=]" />
		<POI MapID="30" xpos="159.281" ypos="105.166" zpos="-403.174" type="mow.makers" GUID="IuFv3g4NRU+yDZFNs8FSxg==" info="[5] Continue South and go through the pass to Highpeaks Waypoint." copy="next to [&amp;BIICAAA=]" />
		<POI MapID="30" xpos="213.566" ypos="102.063" zpos="-591.122" type="mow.makers" GUID="PI0DnfYc2kuxiT+aqIb5cQ==" info="[6] Head further East in the valley. Explore and find Next Marker amongst a bunch of Butternut Squash." copy="amongst Butternut Squash near [&amp;BEoDAAA=]" />
		<POI MapID="30" xpos="630.67" ypos="8.38304" zpos="-583.846" type="mow.makers" GUID="nXuVJPPQVEK7DNHP0DIHqA==" info="[7] There is an event to recover supplies stolen by Grawls.

For Next Marker, look at the cliffs South-East and find a hole. Enter the cavern and go through it to find Next Marker. You may want to bring somne allies" copy="at the bottom of a cave behind [&amp;BEoDAAA=]" />
		<POI MapID="30" xpos="557.554" ypos="28.0066" zpos="-777.148" type="mow.makers" GUID="lcJsg+ksHkKhIG/rCkjmBg==" info="[8] Well done! I don't know how you make it here, but I must recognise that it was not easy at all! 

For Next Marker reach the camp fire at Safewatch Vale point of interest." copy="next to the camp fire at [&amp;BHACAAA=]" />
		<POI MapID="30" xpos="625.504" ypos="8.54145" zpos="-686.979" type="mow.makers" GUID="T6y40Rvn70O5b3M9r+WoxA==" info="[9] A group of Vigils often gather here to prepare an assault against the Sons of Svanir as part of Breaking the Ice Meta Event. When they leave, follow them. Do the Meta Event. It is a cool one and there is usually not ;uch wait.

Next Marker at Coiled Watch point of interest." copy="at [&amp;BHYCAAA=]" />
		<POI MapID="30" xpos="312.491" ypos="119.961" zpos="-644.775" type="mow.makers" GUID="g3LkEAsfn0epCqlMiHy4Ag==" info="[10] You should be doing the Meta. Keep doing it.

Next Marker along the way at the Barrowstead." copy="at [&amp;BHUCAAA=]" />
		<POI MapID="30" xpos="45.767" ypos="63.3765" zpos="-797.834" type="mow.makers" GUID="0wGGHp9P/kCTMaff/6rcTQ==" info="[11] End the Meta and the head to Claw Watch point of interest. It will be at the tower you see a bit North." copy="in front of the tower at [&amp;BHcCAAA=]" />
		<POI MapID="30" xpos="-5.15614" ypos="85.0071" zpos="-677.022" type="mow.makers" GUID="cQP/H7qDy0S8XtQFcszHIg==" info="[12] Head to the Skyheight Steading Waypoint." copy="next to [&amp;BIECAAA=]" />
		<POI MapID="30" xpos="-224.998" ypos="46.6163" zpos="-531.708" type="mow.makers" GUID="mslls6+Av0OYIQN/YQ2WAw==" info="[13] Continue your journey reaching the Vista West from here." copy="next to Vista [&amp;BJwGAAA=]" />
		<POI MapID="30" xpos="-444.914" ypos="65.7266" zpos="-553.653" type="mow.makers" GUID="xSKn7jj1ikK8X77X1x+Qwg==" info="[14] Now you can go to the Blue Ice Shining Waypoint. To access this waypoint you might have to help local Kodans to fight back the dredges." copy="next to BIUCAAA=[&amp;]" />
		<POI MapID="30" xpos="-589.354" ypos="7.63773" zpos="-333.847" type="mow.makers" GUID="PXx4J0n0VEOSdZNKSpOSKQ==" info="[15] You can take some time to explore this Kodan floating Sanctuary.

When you are done, you will find Next Marker in the Leopard's Tail Valley, behind a waterfall. You can go there by heading North first and then exploring the Valley from North to South." copy="behind a waterfall in Leopard's Tail Valley" />
		<POI MapID="30" xpos="-98.6527" ypos="0.132994" zpos="-601.311" type="mow.makers" GUID="gAFNDM2JtUSAPfax7KENJw==" info="[16] Well done!

In this Valley you can find a Champion Drake. You can also find some Sons of Svanir trying to bring a quaggan to this altar. Stop them before it's too late for Quaggan.

For Next Marker, head back to Skyheight Steading and find a entrance to a caves system." copy="at the entrance of caves near [&amp;BIECAAA=]" />
		<POI MapID="30" xpos="-217.211" ypos="49.8444" zpos="-578.367" type="mow.makers" GUID="LemFJKhYr06SyDQMkCL+vg==" info="[17] If you are looking for the Vista West, this is not the way to go.

However, if you are looking for caves, then you're at the right spot! For Next Marker explore in there and reach Blue Ice Station point of interest. It will be next to the Reinforce Armor NPC" copy="next to the reinforce amor NPC at [&amp;BKUGAAA=]" />
		<POI MapID="30" xpos="-206.471" ypos="53.653" zpos="-860.377" type="mow.makers" GUID="YRYOknjjd0CX6qWCVoNulw==" info="[18] This place is sometimes besieged by Dredges. Drive them out if they are starting yet another revolution.

When you're done here, head West to Groznev Waypoint." copy="next to [&amp;BHkCAAA=]" />
		<POI MapID="30" xpos="-700.66" ypos="45.3442" zpos="-881.572" type="mow.makers" GUID="5BOEffGt6kGznBlhXDRIyQ==" info="[19] You are now in the area of the Abetting a Revolution Meta Event. There are many things to do during this Meta. I invite you to partake to it at any point. While waiting, freely explore these mines.

You can already look for Next Marker which is next to the Vista in these mines." copy="next to Vista [&amp;BJ8GAAA=]" />
		<POI MapID="30" xpos="-791.072" ypos="89.7485" zpos="-688.796" type="mow.makers" GUID="Gz0unwkZkkKyDwyHfOMEvA==" info="[20] This one was not very easy to reach! You can still partake to the Meta if you wish. For Next Marker however you will need to head out of this mines by any exit North. You want to look near the Vista outside North of the mines." copy="near the Vista [&amp;BJ4GAAA=]" />
		<POI MapID="30" xpos="-875.377" ypos="39.5295" zpos="-364.579" type="mow.makers" GUID="XEw98YHQNUOB+2ssV2ewFg==" info="[21] For Next Marker head North-East to Twoloop Waypoint, underwater." copy="next to [&amp;BIACAAA=]" />
		<POI MapID="30" xpos="-454.542" ypos="-105.004" zpos="-83.3725" type="mow.makers" GUID="XYuQHQ5XT0Km6EaBFdcUgQ==" info="[22] Don't forget to unlock that Hero Challenge. When you're done, continue further North-West to reach Zuckermaloo point of interest." copy="at [&amp;BHMCAAA=]" />
		<POI MapID="30" xpos="-584.198" ypos="-136.57" zpos="122.79" type="mow.makers" GUID="1VqBp2Yq2UKxoO8YP+x8Tw==" info="[23] There are several events that can happen here. The event chain starts by helping Slishaa recovering a Shimmer Bauble. You should definitely try out this event chain.

When you will be done, head further North-West to the reinforce armor NPC near Orsippus point of interest. Don't forget the Vista and point of interest on your way." copy="next to the reinforce armor NPC at [&amp;BHECAAA=]" />
		<POI MapID="30" xpos="-791.064" ypos="-60.5224" zpos="342.859" type="mow.makers" GUID="f5Trqk//DkGcitLyFtwHRg==" info="[24] For Next Marker go above the waters and reach Dimotiki Waypoint." copy="next to [&amp;BH8CAAA=]" />
		<POI MapID="30" xpos="-635.099" ypos="0.851946" zpos="368.945" type="mow.makers" GUID="hwPyrb4v7UK6xkD+2jvroA==" info="[25] For Next Waypoint get on this new Kodan Sanctuary. On your way there, you might encounter a Largos!!!

Next Marker on the Sanctuary, near the Vista." copy="near Vista [&amp;BKEGAAA]" />
		<POI MapID="30" xpos="-376.844" ypos="33.6261" zpos="334.317" type="mow.makers" GUID="5VO61bszWUSHAbQeLdmI9A==" info="[26] Tour this floating city for a while. There is an event chain that can take different paths depending on how well you perform.

For Next Marker get back to solid land joining a pile of kegs near Ice Floe Waypoint." copy="in front of a pile of kegs at [&amp;BH4CAAA=]" />
		<POI MapID="30" xpos="-297.151" ypos="2.04822" zpos="504.836" type="mow.makers" GUID="YloNU/GdNE2kfPn7LJAtfw==" info="[27] If you are coming from the Kodan Sanctuary, then continue North-West underwater. You will look for the sunken wings of an ice creature just West of the Moshpoipoi point of interest.

[44] Else, head between the cliffs West and find a dead bear on the ice." copy="Find the sunken wing of an ice creature West of [&amp;BHICAAA=]" />
		<POI MapID="30" xpos="217.202" ypos="-161.634" zpos="662.994" type="mow.makers" GUID="RUiOkxCmOES/PL2jwQxtvQ==" fadeFar="1000" fadeNear="500" info="[28] Interesting! I wonder what kind of creature have lost these wings? Maybe you'll find out sometime? But before that make do with defending the Quaggan village of Moshpoipoi up ahead.

Next Marker about the village, next to Wachtful Waypoint." copy="next to [&amp;BH0CAAA=]" />
		<POI MapID="30" xpos="317.339" ypos="4.14393" zpos="683.582" type="mow.makers" GUID="M+fKaAQHmUmMmeOlx21z9Q==" info="[29] You are now within reach of Breaking the Claw of Jormag Meta Event. You want to check the next occurence of this Meta using the command ''\wiki et'' or any timer module that you might have. There is still 9 Markers to go before I fully explain this Meta, but if it happens before then, you can just do it on the fly!

For Next Marker go East to the Path of Starry Skies Waypoint, next to the camp fire." copy="next to a camp fire near [&amp;BHsCAAA=]" />
		<POI MapID="30" xpos="753.497" ypos="126.097" zpos="755.466" type="mow.makers" GUID="/hQ8ReiQ8kGcUBSiUdaqUQ==" info="[30] I advise you wait for the even to help Depthless Sea reduce the icebrood presence in Snow Climb. It might already be up, then join in. It might also be that it is at a further step.

Next Marker at the end of the event chain, in a cave South-East in Snow Climb." copy="in a cave South-East in Snow Climb" />
		<POI MapID="30" xpos="862.95" ypos="88.4775" zpos="524.882" type="mow.makers" GUID="vG6OX44vBEu1qARnU2kSQQ==" info="[31] Well done!

For Next Marker you want to go South to Elder's Vale point of interest. There you'll find Next Marker somewhere above the reinforce armor npc." copy="somewhere above the reinforce armor NPC at [&amp;BG8CAAA=]" />
		<POI MapID="30" xpos="821.516" ypos="64.6546" zpos="181.02" type="mow.makers" GUID="Ez5Zrus5S06LKJpCMdTycQ==" info="[32] For Next Marker, head South to a Vista in the Trionic Lattice. I would advice keep has much height as you can." copy="next to Vista [&amp;BJ0GAAA=]" />
		<POI MapID="30" xpos="555.875" ypos="34.1939" zpos="-115.175" type="mow.makers" GUID="9nkh6NHMB0yMx/RRhBUIIQ==" info="[33] For Next Marker you want to explore the ice labyrinth down below. You will find it next to a chest, guarded by some Grawls. You may want to bring some allies." copy="near a chest in the Trionic Lattice" />
		<POI MapID="30" xpos="511.586" ypos="9.27364" zpos="146.846" type="mow.makers" GUID="bjG83Spwnk+/Sn7LPydmWQ==" info="[34] That was not easy! Grab what's in this chest quickly before the grawls are back.

Then head South to Sacred Trust point of interest, where you'll find Next Marker near a camp fire." copy="near a camp fire at [&amp;BG4CAAA=]" />
		<POI MapID="30" xpos="449.802" ypos="35.0399" zpos="-201.407" type="mow.makers" GUID="f6nWbL5yekmmlLvPC4RKAQ==" info="[35] Head a bit South and go through Rime Moraine again. Next Marker will be in a small Dwarve ruins at Arkor's Tomb point of interest." copy="in a small ruins at [&amp;BGwCAAA=]" />
		<POI MapID="30" xpos="201.182" ypos="63.5302" zpos="-134.844" type="mow.makers" GUID="NI65tvVqcE+uy6O19jwiBA==" info="[36] Continue North-East to find Next Marker near Firesnake's Tail point of interest, nest to the Hero Challenge." copy="next to the Hero Challenge at [&amp;BEkDAAA=]" />
		<POI MapID="30" xpos="290.829" ypos="9.77173" zpos="219.222" type="mow.makers" GUID="l11FCneW6k2AmyRzaX1dag==" info="[37] Keep going North-East. You will find a group of Pact soldiers on a hill surrounded by canons. Next Marker will be there next to a camp fire." copy="next to a camp fire on a hill surrounded by canons North-East from here" />
		<POI MapID="30" xpos="492.938" ypos="44.5972" zpos="346.254" type="mow.makers" GUID="4cLGXQ5f3kSPtkTcNGp0RQ==" info="[38] This is where you want to head when the Meta Event for the Claw of Jormag starts. The Meta starts with destroying some crystals at different locations around here. After that the Claw of Jormag will land. Then there are two phases:

1) The Claw summons a ice wall that you have to break to be able to hit them for 15s. Equip long range weapons of use Pact Bazooka to destroy the wall as the ground in front of it will deal huge amount of damage;

2) At 50% health, the Claw changes location. You should not pack at its feet with other players, but instead help the golems reach the Claw as they will stun the Claw when 7 of them reach it.

After that, or if it's not up soon enough, you can find Next Marker next to the Honor of the Waves Waypoint. " copy="next to [&amp;BEMFAAA=]" />
		<POI MapID="30" xpos="123.164" ypos="1.31705" zpos="551.58" type="mow.makers" GUID="XzzTvOd4cUm1/ceaqHzcqQ==" info="[39] Some events can happen here. A first one is about an icebrood fish. The other one is about rescuing Kodans and leading them to the Camp South.

For Next Marker, reach Slough of Despond Waypoint." copy="next to [&amp;BHwCAAA=]" />
		<POI MapID="30" xpos="113.507" ypos="37.9802" zpos="349.809" type="mow.makers" GUID="GYdIo4/Vh0ufkeg4PGDeRw==" info="[40] This place is a refuge, but the dredges don't care (they are like small devils after all, and everyone know that the devil don't care... Ahem). I advise you to wait until they come back to threaten the Kodans, and give them a good beating! Then follow the Kodans destroying the Dredge mining camp.

Next Marker at the end of the event chain, next to a camp fire at the Dredge mining camp." copy="next to a camp fire in a dredge mining camp at the end of the event with Kodans" />
		<POI MapID="30" xpos="-247.446" ypos="10.914" zpos="161.786" type="mow.makers" GUID="wE4gRVkn9kSD2h5qMeDcMw==" info="[41] Well done!

For Next Marker, reach Heart NPC Worthy Burden North of Dimotiki Waypoint." copy="next to the Heart NPC, North of [&amp;BH8CAAA=]" />
		<POI MapID="30" xpos="-645.112" ypos="-0.47495" zpos="557.207" type="mow.makers" GUID="Ood5PC9pqEaCseIaoO4Yuw==" info="[42] This corner of the map can be really dangerous. For Next Marker you will reach Dakkar Waypoint at the extreme North-Western edge of the map. On your way don't forget that Hero Challenge." copy="[&amp;]" />
		<POI MapID="30" xpos="-888.81" ypos="13.8553" zpos="883.542" type="mow.makers" GUID="m4Wisz3LbU63k2qmzaPdCg==" info="[43] The icebrood coming from the North seem to benefit from a very powerful dragon magic from Jormag. From time to time, three Champions will appear in the Drakkar Spurs. If so, you'd better find allies before confronting them!

Fron Next Marker, check in front of a pile of kegs near the Ice Floe Waypoint." copy="in front of a pile of kegs near [&amp;BH4CAAA=]" />
		<POI MapID="30" xpos="-109.994" ypos="-0.0831591" zpos="433.394" type="mow.makers" GUID="l9p6kxrz0kmxjQojeH/x8Q==" info="[45] Now, go underwater and try to find a small hole in the side of the cliffs underwater.

Next Marker on your way." copy="find a hole underwater" />
		<POI MapID="30" xpos="-128.858" ypos="-28.0725" zpos="375.87" type="mow.makers" GUID="6RasNTQ4Wk2MJqU43spQqQ==" info="[46] Well done! Keep going, Next Marker next to diving goggles!" copy="next to diving goggles" />
		<POI MapID="30" xpos="-120.906" ypos="50.3347" zpos="377.184" type="mow.makers" GUID="M1+yTnME8Ui4qZPowB7z1A==" info="[47] AAAAND YOU ARE DONE WITH THIS MAP! What a superb view!

If you did not have any chance to do the Claw of Jormag Meta Event, you should definitely try it out whenever possible.

Else, I hope you enjoyed your visit here. It is a beautiful map both lore wise and aesthetically.

I am thanking you very much for using this pack and giving a bit of a meaning to this work! If you have any remark or suggestion you want to formulate, you can feedback on Github, on Blish-HUD discord and contact me in game under 'Euste Ylhes.1095' [EU server]" copy=":D" />
	</POIs>
</OverlayData>