<OverlayData>
	<POIs>
		<Trail trailData="Trails/Harathi_Final.trl" animSpeed="0.5" alpha="1" type="mow.roads" fadeNear="500" fadeFar="1000"/>
		
		
		<POI MapID="17" xpos="661.932" ypos="29.6502" zpos="-715.014" type="mow.makersstart" GUID="OlFnrPLhkkWRvJUeQ6pRcA=="/>
		<POI MapID="17" xpos="661.932" ypos="29.6502" zpos="-715.014" type="mow.makers" GUID="O2WuzaTP40+lwe7wu4QsVg==" info="[0] Welcome! The Harathi Hinterlands, the eternal autumn landscape, but also, the land of eternal war. Where charrs once tried to invade Kryta, now Centaurs are thriving!

I am glad that you came to help. And I hope you will enjoy this map tour.

Let's begin by a fun dive. After that, come back in that camp, speak to the NPCs. You will learn about a certain Broil Cane, who you are going to find next.

Next Marker next to Broil Cane near Shieldbluff Point Waypoint."
/>
		<POI MapID="17" xpos="405.852" ypos="35.2711" zpos="-736.689" type="mow.makers" GUID="YqPaLG/320GYF2BPp3CsUg==" info="[1] Broil Cane! The guy has some personnal grudge against Centaurs. Anyway, wait for him to start an event. And do the chain until the end.

Next Marker at the end of the event chain. (at Shorebluff Camp gate, just north if you don't wait)" />
		<POI MapID="17" xpos="349.099" ypos="24.9635" zpos="-603.013" type="mow.makers" GUID="VLV/68cslEa16tFvYfJiZg==" info="[2] Finish the event, then cross the water using the two hanging bridges.

Next Marker at the bridges end, on the other side of the water." />
		<POI MapID="17" xpos="552.195" ypos="1.43317" zpos="-432.784" type="mow.makers" GUID="Flvn3bOcNkulS2pNPdqVZA==" info="[3] Now, head North-East and find the Vista.

Next Marker at the vista."
/>
		<POI MapID="17" xpos="718.424" ypos="75.9822" zpos="-343.335" type="mow.makers" GUID="5tIuwAYc0kqsN6yRY+eOtg==" info="[4] You can freely explore the Area West. There are two Hero Challenges to get. You can also head into the Ourobore Caves.

You are especially waiting for the Assault on Thunder Rock Meta Event to be in the ''Members of Company are on mission in the field'' state.

You will find Next Marker next to Hrok Sverresson a bit North from here. He will be surrounded by Dolyaks."
/>
		<POI MapID="17" xpos="690.125" ypos="61.3472" zpos="-202.933" type="mow.makers" GUID="4f6SHSOxNEyyEQ5/5PCmmA==" info="[5] Here is where Hrok Sverresson will wait when the Assault on Thunder Rock Meta is in its first state. If the Meta is in the state ''Members of Company are on mission in the field'' and Hrok is not here, check on your map.

After you're done with this first step of the Meta, do next steps.
Next Marker will naturally be found while following the Meta."
/>
		<POI MapID="17" xpos="356.446" ypos="36.2477" zpos="-326.02" type="mow.makers" GUID="luBFkCW3R0i87WjzX4Hp+A==" info="[6] Keep going!

Next Marker at the end of the Meta."
/>
		<POI MapID="17" xpos="174.956" ypos="91.0019" zpos="-354.788" type="mow.makers" GUID="LaiGbDfso0SdWD3Z6NUNeA==" info="[7] Well done!

Next Marker at the Heart NPC ''Seraph Soldier Jones'' North." />
		<POI MapID="17" xpos="279.731" ypos="47.5063" zpos="-58.7852" type="mow.makers" GUID="poK+f9Kb6Um0o6cj6OhaAw==" info="[8] You can go back to the Hangman's Saddle, where you previously helped Hrok. In this Centaur Camp, get the Vista, and find a chest!
Next Marker by the chest."
/>
		<POI MapID="17" xpos="717.971" ypos="72.5654" zpos="-52.5441" type="mow.makers" GUID="sekmtxFK00KMp6BsfbtCAg==" info="[9] This was not easy!

I know this will feel weird, but you will now turn back to the Seraph Soldier Jones Heart NPC.

Just in front of him, under a tree is the Next Marker."
/>
		<POI MapID="17" xpos="307.109" ypos="64.2207" zpos="-96.8146" type="mow.makers" GUID="/tHSQs5q4EqXy5HdUDAjoA==" info="[10] If by the time you come back, the Meta has reset in its first state, you might find Zirra, ready to bomb the Centaurs! You can help her. 
Go through the Centaurs Camp towards North and find Next Marker at the exit gate of this Camp."
/>
		<POI MapID="17" xpos="150.182" ypos="32.8719" zpos="-9.07427" type="mow.makers" GUID="3PKeFP8taE6VXxmvtFMiaQ==" info="[11] Go West (left), down to the river.

Next Marker beside the river."
/>
		<POI MapID="17" xpos="52.1713" ypos="1.46959" zpos="30.4986" type="mow.makers" GUID="RnJNpZ40iEaeWS8lBpCLZQ==" info="[12] Follow the river South, and find Next Marker at Recovery Camp Waypoint"
/>
		<POI MapID="17" xpos="68.5449" ypos="4.9327" zpos="-117.386" type="mow.makers" GUID="PuiVGBYIB0yWh1/ykxccfA==" info="[13] Look above your head. There is a hanging bridge just South.

Cross this bridge to find Next Marker."
/>
		<POI MapID="17" xpos="37.7512" ypos="21.99" zpos="-237.09" type="mow.makers" GUID="Fl0vSig6WkuZJYCEAQ6nOA==" info="[14] Now let's take a break from Centaurs!

Continue on this side, and follow air elementals to find a cave entrance.
Next Marker at this cave."
/>
		<POI MapID="17" xpos="-181.032" ypos="52.9215" zpos="-83.6323" type="mow.makers" GUID="KA+puR/sLECQlXQp6qFe3w==" info="[15] There is an event chain here starting by bringing air element essences to Mad Scientist Tork.

After you're done with this place, head a bit West then South. You might find an event to defeat Ezal the Quick.

Next Marker will be somewhere South, in a Spider Cave."
/>
		<POI MapID="17" xpos="-270.143" ypos="51.7322" zpos="-345.281" type="mow.makers" GUID="MHbWCoXapUmcdfRFU1K2ZQ==" info="[16] Are you at ease right now? There is a cool event chain to do here, which ends by killing Gargantula. If you did not do it, wait for it!

After that, continue further South to find Next Marker at Faun's Waypoint."
/>
		<POI MapID="17" xpos="-348.758" ypos="79.3238" zpos="-594.662" type="mow.makers" GUID="wZcXSXexskermgAj8j/ykw==" info="[17] Continue South to find a cavern. Enter it and get the Vista!

Next Marker at the Vista."
/>
		<POI MapID="17" xpos="-480.319" ypos="116.316" zpos="-758.583" type="mow.makers" GUID="WJsY3wnaVEmGbpjeDSIKCA==" info="[18] Stay in these caverns while heading East.

You will find next Marker near Nightguard Waypoint." />
		<POI MapID="17" xpos="-71.8745" ypos="0.402752" zpos="-758.683" type="mow.makers" GUID="9Wa6Ww7MaUyXLf5GbNXtJw==" info="[19] These people are going through hard times! Help them.

If you want, you can wait for NPC Muldoon to offer to start his walkabout arount this place. This is a cool event to learn even more about this place.

For Next Marker, head out of the cavern by swimming through the Eastern exit. After that, follow the Western shore toward North.

Next Marker is on the Western shore, under an arc leading to a Centaur Camp." />
		<POI MapID="17" xpos="-80.5243" ypos="5.6621" zpos="-369.146" type="mow.makers" GUID="mHtWKuecxUqxjcTzJNsNPw==" info="[20] Alright! Nicely done. This was not the easiest one to find...

The next one will be easier. It is right above you head on the hanging bridge!" />
		<POI MapID="17" xpos="-86.2447" ypos="40.324" zpos="-364.798" type="mow.makers" GUID="UU68HJhGcE2JBS8xIbN1Tw==" info="[21] Walk out of this camp north, and go West through the Wynchona Woods until you find Wynchona Rally Point Waypoint.

Next Marker will be there, near the campfire.

On your way, you might find a prisoner caravan, free the prisoners!" />
		<POI MapID="17" xpos="-494.377" ypos="38.6581" zpos="-72.9969" type="mow.makers" GUID="b1yqqTrgGUaf9+OaUaQdgA==" info="[22] Explore South-West and find Demetra Waypoint."
/>
		<POI MapID="17" xpos="-757.578" ypos="77.3317" zpos="-226.589" type="mow.makers" GUID="M0mRTWK9fECEzKDZbuCkJg==" info="[23] These ruins are awesome. Explore!

Next Marker is in the ruins, near a rich iron vein, next to an old Dwayna's Statue"
/>
		<POI MapID="17" xpos="-869.04" ypos="130.599" zpos="-142.926" type="mow.makers" GUID="rRQzVpvIlkaiJKh0VHxA+Q==" info="[24] You can summon an Emissary of Dwayna by kneeling to the satue. Listen carefully to what she says and you might be able to fight a ghost and find a chest.

Next Marker is out of the ruin, South, near a cavern entrance. You might easily find it by looking for Fen, a giant who usually wait next to the entrance." />
		<POI MapID="17" xpos="-769.179" ypos="108.211" zpos="-461.475" type="mow.makers" GUID="jBeVN3FMek+Whg5TKzRwWQ==" info="[25] You should find Fen, a giant, near there. He will start a nice event chain that I advise you to complete.

Next Marker at the end of the event chain, near some graves." />
		<POI MapID="17" xpos="-833.194" ypos="122.849" zpos="-674.521" type="mow.makers" GUID="2kVIwBl/HESl/ddOs6T6Pw==" info="[26] Well done! From now on, remember that you have to be small to pay respect to the deads.

Anyway, you can head out of the cavern by the exit North-East, down a woodden slope.

Next Marker at that exit."
/>
		<POI MapID="17" xpos="-620.504" ypos="121.271" zpos="-506.475" type="mow.makers" GUID="Zt5EDYg/dUSlTbmKJ05VDA==" info="[27] Keep going North.

You will find Next Marker in a Bandit Camp, near a prison. On your way, a fisherman might require your help to help against a Drake. Help him!"
/>
		<POI MapID="17" xpos="-623.436" ypos="73.7205" zpos="-315.441" type="mow.makers" GUID="WgmSD1kAHkWa5FL70HUCIA==" info="[28] Keep going North. There will be a pond. Explore this place, and find a door to a garden, guarded by Bandits.

Next Marker in the garden."
/>
		<POI MapID="17" xpos="-713.651" ypos="0.357023" zpos="-148.325" type="mow.makers" GUID="7M7BhpFN+0GgiQ7ie0UddA==" info="[29] Outside around the pond, an event can happen to prevent bandits from delivering prisonners to Centaurs.

When you get out of here, you can continue North. 
Next Marker will be in a narrow passage on your way North."
/>
		<POI MapID="17" xpos="-678.261" ypos="29.755" zpos="68.4801" type="mow.makers" GUID="vtqxTzPnDEKkmcr1Zj+h1w==" info="[30] Going back to Centaurs! I hope you're ready. Continue to the nearest camp: Forward Camp.

Next Marker will be at the gate of this camp." />
		<POI MapID="17" xpos="-552.738" ypos="19.5234" zpos="159.459" type="mow.makers" GUID="cHe9cLXY0kOaoZQj6iRkZA==" info="[31] You are at Forward Camp, and you will be going forward North-East to Bridgewatch Camp Waypoint by crossing the hanging bridge North.

This is where Next Marker will be.

While you are in this camp, speak to Seraph Liaison Greg. He will point you to local events! This camp is part of the first state of the Meta"
/>
		<POI MapID="17" xpos="-225.099" ypos="33.1288" zpos="390.454" type="mow.makers" GUID="rwDnPVSi1kiEeZs0w40gwg==" info="[32] This camp is part of the Seraph Assault on Centaur Camps Meta.

There is also an event here to help Megin Volkman but it rarely occurs, so I do not advise waiting for it. Instead, head East, to a Vista on some cliffs, then go South.

Next Marker at Trebusha's Overlook Waypoint." />
		<POI MapID="17" xpos="15.2037" ypos="43.9957" zpos="282.815" type="mow.makers" GUID="hD1Qv0JFjkWagl7RSuP5qg==" info="[33] If you are here because Seraph Liaison Greg told you to defend this place, do some events, then head to Bridgewatch Camp Waypoint.

If you already went to Bridgewatch Camp, then you will find Next Marker under the Hanging bridge leading to this Camp, in the water." />
		<POI MapID="17" xpos="-331.261" ypos="-1.12139" zpos="273.821" type="mow.makers" GUID="l9FIJsPDPUyqRoD4c1qEqA==" info="[34] Keep going West, through the swamp until you reach a human village.

Next Marker in this village at Seraph's Landing Waypoint." />
		<POI MapID="17" xpos="-717.069" ypos="17.3623" zpos="412.446" type="mow.makers" GUID="D3WRzRMxRk2wJwatM5FfGg==" info="[35] Welcome to Seraph's Landing! Take some time to visit this place. You can even duel a Seraph training sergeant here! You can even get the Hero Point outside of the village, North.

When you're ready to go, go North and stick on the shore of Arca Lake until you reach a stone bridge.

Next Marker on the stone Bridge."
/>
		<POI MapID="17" xpos="-498.092" ypos="30.6417" zpos="625.774" type="mow.makers" GUID="dWLsrrDx/0ah2buOQR9ZZg==" info="[36] Explore the area North and forward. On this side of the water, an event with Skritts and Harpies can happen. You might also want to come back to Bridgewatch Camp in case the Meta Event is going on. There is also the Hero Challenge to get, and you can find Ulssen the Anvil, a bandit to figth in the area.

Next Marker is a bit North, at a skritt cave entrance.

Finally, if you explore enough, you might find the remnants of an old pirate crew (find goggles in this area, and look at the opposite shore!)"
/>
		<POI MapID="17" xpos="-390.121" ypos="21.8905" zpos="752.925" type="mow.makers" GUID="vn44FOzq5kaynUM1abbvzg==" info="[36'] Let's explore!!!"
/>
		<POI MapID="17" xpos="-452.254" ypos="37.01" zpos="825.716" type="mow.makers" GUID="tu8O2eYdrUOiaFNW6oAPtQ==" info="[36'] WOOH! That was close!"
/>
		<POI MapID="17" xpos="-604.277" ypos="1.1336" zpos="767.797" type="mow.makers" GUID="iYNnuoJsdkamZpzNjSiKLA==" info="[36'] Ah ah ah! Looks like you're struggling..."
/>
		<POI MapID="17" xpos="-675.207" ypos="32.6173" zpos="678.284" type="mow.makers" GUID="4VnbHj4a+kqKVwOmOVwuMA==" info="[36'] Keep Going!"
/>
		<POI MapID="17" xpos="-596.719" ypos="28.7899" zpos="748.873" type="mow.makers" GUID="8Hd7xfksD0qD3Z1UBOKN9g==" info="[36'] Next Marker is East on the shore of the Lake, almost in front of the entrance of the puzzle you just did, at a Skritt cave." />
		<POI MapID="17" xpos="-183.389" ypos="20.3278" zpos="758.333" type="mow.makers" GUID="AI3Won2Za0G/1ZJ64FKgrw==" info="[37] Hey! Did you just went through some epic adventure? I hope so!

Continue inside the caves to find Next Marker at Arcallion Waypoint."
/>
		<POI MapID="17" xpos="-108.649" ypos="61.9532" zpos="691.121" type="mow.makers" GUID="79Chzju4Gk2/UbVRNL9ggQ==" info="[38] Alright! Still inside the Cave, keep going East (you might have turnback first).

Next Marker near a Scout in the cave."
/>
		<POI MapID="17" xpos="79.6249" ypos="70.4929" zpos="715.924" type="mow.makers" GUID="RWbubNJA00GmxvDvvWnjGw==" info="[39] After you get out of this cave, head South to reach Junction Camp Waypoint.

Next Marker will be at this Waypoint.

Note that you are now almost always within the area of the Seraph Assault on Centaur Camps Meta. Keep an eye out for events that are close to you!"
/>
		<POI MapID="17" xpos="175.273" ypos="63.8567" zpos="521.042" type="mow.makers" GUID="AswxswEwzECDY6/BiI7ogw==" info="[40] You can exit this camp South, and run West. You will find Southforge Camp.

Next Marker precisely on the matching point of interest." />
		<POI MapID="17" xpos="354.819" ypos="63.1623" zpos="400.544" type="mow.makers" GUID="NCw58E45hE2Z6I+DVx3+yg==" info="[41] Next Marker in the deeps of Blackhold Mine Camp.
Good luck!"
/>
		<POI MapID="17" xpos="418.074" ypos="0.0503453" zpos="256.962" type="mow.makers" GUID="JPcMNhZFEk26IFOQCOluRA==" info="[42] That was hard to reach! But isn't this place beautiful after all?

When you get out of there, continue your journey South into the Diremane Woods. You will find next marker in the woods, at a cave entrance.

You will possibly meet Shining Blade Kimber on your way, then speak to her and start the event chain she proposes."
/>
		<POI MapID="17" xpos="820.574" ypos="84.0343" zpos="56.3815" type="mow.makers" GUID="Eu3rHxoXsUqz6fnPRbepbQ==" info="[43] Hey! Depending on your timing, you might find Shining Blade Kimber just outside. Speak to her, and start the event chain. Else, she might already be in front of you, fighting against Kol Skullsmasher. In that case, help her.

If she is not here, and there is no fight against Kol, wait for her to reset.

Next Marker at the end of the event chain." />
		<POI MapID="17" xpos="888.412" ypos="75.9812" zpos="259.708" type="mow.makers" GUID="2SfEO9iCREuYuIKEurwqlA==" info="[43'] Keep doing the event chain! Stay with NPCs."
/>
		<POI MapID="17" xpos="934.335" ypos="124.674" zpos="391.524" type="mow.makers" GUID="U3/CG1WrDkKSLJ+4oszwDA==" info="[44] WELL DONE! Let's flank these Centaurs!

After you're done, you can free explore the area ahead. 
Next Marker is a bit North-West at Cloven Hoof Waypoint."
/>
		<POI MapID="17" xpos="644.36" ypos="110.116" zpos="662.888" type="mow.makers" GUID="tQiVLyrEnkaRxBt18lG4bg==" info="[45] Just near there happens the last event of the local Meta. It is a scheduled event that you can find with ''/wiki et'' looking for Ulgoth.

Next Marker is further West near the Heart NPC Scout Greta."
/>
		<POI MapID="17" xpos="500.865" ypos="77.4744" zpos="589.009" type="mow.makers" GUID="mYb8xDMRhkG5vnX+rBYBTA==" info="[46] Keep going down the road West. You will get to Northpasture Camp.

Next Marker in that camp, exactly on the point of interest." />
		<POI MapID="17" xpos="284.879" ypos="65.6249" zpos="675.903" type="mow.makers" GUID="tH/fFFsx20KJBoAz1/fQcA==" info="[47] WELL DONE! I hope you have had enough of Centaurs this time! Because this is close tothe end of our tour and it will be  a while until we meet with so many Centaurs again!

Last Marker is North from here, after some jumping! Near a chest..."
/>

		<POI MapID="17" xpos="323.893" ypos="127.275" zpos="819.655" type="mow.makers" GUID="+GH/yoCtjEuoRnafdsOU9A==" info="[48] That's it for the Harathi Hinterlands!
Maybe should you consider doing the World Boss here if not yet done. Else, if you are levelling, you should consider visiting the Bloodtide Coast!

But most of all, thank you for using this pack. I hope you enjoy it so far! If you have any feedback, you can contact me in game at [Euste Ylhes.1095]"
/>
	</POIs>
</OverlayData>