<OverlayData>
	<POIs>
		<!-- ### QUEENSDALE ### -->
		<POI MapID="15" xpos="-945.515" ypos="14.3577" zpos="652.331" type="mow.mowpp.lore.book" GUID="pAc5BJAKZE2PW+7AgGE6lQ==" info="Loamhurst was a fishing village that overlooked the Divinity Coast. The caravans of Chosen rally at this village before being led into the depths of the Maguuma Jungle. There was a shrine located in the village, which appeared to be a location where the Eye of Janthir was kept "
/>
		<POI MapID="15" xpos="-1029.9" ypos="70.1656" zpos="109.623" type="mow.mowpp.lore.book" GUID="A7oP3g1GpUuHSIVphxut7g==" info="Zinn's laboratory was a secret research site, where the ostracized Asuran conducted research into methods for combating Mursaats to help win the War in Kryta. Hidden from the prying eyes of the White Mantle, it could only be reached through the Secret River Pa -ssage in the Talmark Wilderness.

To help him work on a technological solution, Zinn had
generated a Loose Magic field, which caused all magical effects to expire instantly."
/>
		<POI MapID="15" xpos="-340.563" ypos="71.5946" zpos="554.397" type="mow.mowpp.lore.book" GUID="aMOPx5hokUKzaOgN7WyPYw==" info="Shaemoor was already a village back in GW1. It was where Justiciar Hablion asked the player to take the Eye of Janthir from him. " />
		<POI MapID="15" xpos="-116.12" ypos="57.6172" zpos="616.166" type="mow.mowpp.lore.book" GUID="s+DASc4me0+31kiTnnZu/w==" info="The Fountain of Truth stood on the eastern edge of Shaemoor village, atop a hill with several Tablets of Janthir. It was separated from Shaemoor by a gate. 

The fountain's waters were considered special and said to cleanse people of their sins, which in turn allowed for the in- -dividuals who washed themselves in these waters to transport the Eye of Janthir. Cleansing themselves in the waters was a re- -quired task of those administering the Test of the Chosen."
/>
		<POI MapID="15" xpos="-962.049" ypos="76.6065" zpos="-176.265" type="mow.mowpp.lore.book" GUID="JY46iuTW40iwafqfh4LhFw==" info="The Talmark pillars (this region was called the Talmark Wilderness) was a structure of four pillars in a circle. Their surface resembled bark and their base created a series of spirals. Each pillar had Old Krytan runes; however, their meanings were unknown. " />
		<POI MapID="15" xpos="444.204" ypos="-20.4042" zpos="-348.679" type="mow.mowpp.lore.book" GUID="HWHw+K6+xUaJJ8/axD/b7Q==" info="The Temple of the Ages is where ascended characters assembled to form parties for ventures into the Realms of the Gods.  Sometime before his disappearance, Saul D'Alessio formed a special edict for the Temple of the Ages to be unchanged by the White Man- -tle's faith in the Unseen Ones. "
/>
		<POI MapID="15" xpos="340.523" ypos="43.5693" zpos="576.294" type="mow.mowpp.lore.book" GUID="B2mVlF48I0KSmEWlUdIsmw==" info="Watchtower Coast was a relatively peaceful area in northern Kryta, named for the ancient watchtowers that dotted the landscape. The towers, legend has it, were built to fend off some unknown threat from across Giant's Basin, but their true purpose remains unknown.

They have not survived time and are no longer visible nowadays."
/>
		<POI MapID="15" xpos="795.075" ypos="30.2059" zpos="259.421" type="mow.mowpp.lore.book" GUID="XxZM/Jx0mU6nRR3wbZbfOw==" info="The beetletun outpost used to be in this general area,
South of what is now Minister Caudecus' town." />

		<!-- ### KESSEX HILLS ### -->
		<POI MapID="23" xpos="-1016.12" ypos="56.0781" zpos="294.196" type="mow.mowpp.lore.book" GUID="EUiitNZdH0WcapYcfUBknw==" info="Dakutu Village was a small settlement in the southwest corner of what was then the Talmark Wilderness. 

The villagers were followers of the Krytan royal family. During the Krytan civil war, the villagers gave their aid to the Shining Blade and Princess Salma through housing the Shining Blade camp near the end of the war."
/>
		<POI MapID="23" xpos="-353.603" ypos="24.8836" zpos="-507.414" type="mow.mowpp.lore.book" GUID="m+XkqhJFR0+55USEj8iG3w==" info="Here was a beautiful cove said to be the home to the best fishing in  all of Kryta.

Legends tell of a time when the fish were so plentiful here that one had only to skim the surface with a net to take in the equivalent of a full day's catch from any other body of water.  Whether the legends be true or not, Krytan fishermen, both professional and casual, could often be found on the shores of Fishermen's Haven."
/>
		<POI MapID="23" xpos="1210.81" ypos="32.8113" zpos="-438.647" type="mow.mowpp.lore.book" GUID="kI8URhz/20S8U4YLbxlW8w==" info="The Wizard's Tower was a big, fortress-like building consisting of a center tower and 5 side-towers. It sat on a mysterious rock floating in mid-air at the south-western edge of Kessex Peak.

You could see the tower up close from Kessex Peak, and you could also see it clearly from the opposite side of the bay in the Fishermen's Haven and Stingray Strand.

It is currently unknown who the wizard was that the tower belongs to and what powers are hidden in the tower, but a villain named Galrath was seeking access to the tower. In the quest The Villainy of Galrath you had to stop Galrath from gaining access to the tower. In addition, the Cult of Verata had based its operations by the tower, perhaps also to gain access to what is inside. 

During the War in Kryta, Justiciar Marron attempted to finish what Galrath started by gaining access to the Wizard's Tower."
/>

		<!-- ### CALEDON'S FOREST ### -->
		<POI MapID="34" xpos="538.4" ypos="11.6946" zpos="712.781" type="mow.mowpp.lore.book" GUID="GBZ17fhE1EeZalQVTXWlow==" info="A long time ago, an outpost named Sanctum Cay stood there."
/>
		<POI MapID="34" xpos="-165.97" ypos="23.1408" zpos="227.105" type="mow.mowpp.lore.book" GUID="c4x4u0vZUk6I1+RpJestqA==" info="The Temple of the Unseen was a heavily guarded White Mantle temple in the eastern area of Riverside Province. Princess Salma once told a Hero of Kryta the following:

'The vile Mursaat Willem the Demeaning arrived in Riverside Province, and has barricaded himself in the Temple of the Unseen. Boatloads of Mantle forces have arrived in the area over the past few days, which sug- -gests they are planning something. Our men are tired and battered, and the mere sight of the Mantle's unholy false gods frightens our less valo- -rous soldiers to the point of desertion. I need a small force to infiltrate the temple, and assassinate Willem before he can lead his forces into battle.'

The Unseen Ones, better know as Mursaat, are a race of humanoid spellcasters. They have the ability to hide themselves from those who do not have the gift of True Sight and are worshiped by the White Mantle.

They are tall and thin, have bird-like feet with three elongated toes, and have wing-like appendages that allow them to float. Covering their faces and body with golden masks and armor, they are often seen with their jade construct minions and towers. 

Not much is known of the Mursaat's history before the year 1070 AE, other than that they predate humanity, alongside the Dwarves and Seers. In the time before the gods brought humans to Tyria, the Mursaat and the Seers were sworn enemies, with the Mursaat having emerged victorious in the last war between the two races. "
/>
		<POI MapID="34" xpos="541.732" ypos="3.21241" zpos="-643.653" type="mow.mowpp.lore.book" GUID="E+teJntieUKDU6CKNw2uKg==" info="Here was once, one of the northeastern Asuran communities, this settlement was dominated by magnificent falls that coated every surface with a fine mist. The local gate provided access to the Vloxen Excavations, an extensive mining operation which was soon overran by exiled Stone Summit Dwarves.

You can find Vloxen Excavation in GW2 in Drizzlewood Coast.

When the opportunist Asura were forced to the surface, they quickly set about marshaling their meager resources and claiming new ones. Among those existing resources was a functioning secondary gate in the northeastern Tarnished Coast, connecting to extensive caverns.

An eccentric Asura named Vlox claimed the Tarnished Coast end of the gate and gave his name to both the outpost and the unexplored depths beyond the gate. However, before the Asura could establish themselves within the excavations, the Asura were overrun and forced out by the exiled Stone Summit and their enslaved Dredge." />

		<!-- THE GROVE -->
		<POI MapID="91" xpos="23.8305" ypos="-0.572588" zpos="5.06001" type="mow.mowpp.lore.book" GUID="jrRPsdzHK0ehQKNBi4e3Ng==" info="Ventari's sanctuary was a safe haven founded by Ventari after the constant combat he observed among his people in Kryta. He was joined by others looking to find a safe home, isolated from the wars of humans and centaurs. Along with Ronan, and after the human's death, Ventari planted, raised and nurtured the Pale Tree who we now know.

More information about Ventari near its tablet in the Omphalos Chamber."
/>
		<POI MapID="648" xpos="39.0489" ypos="104.486" zpos="58.0313" type="mow.mowpp.lore.book" GUID="DYYZQ6W1s0mnCm5n3SjoQA==" info="Ventari was an elder of the Harathi centaurs who once lived in the  Maguuma Jungle. In his youth he was a proud warrior who fought against humans, however over time he grew to abhor the violence that engulfed the two species. He eventually set up a camp beneath the largest Stonewood tree in the arid tops of the Maguuma Jungle.

However, in 1072 AE, violence once more engulfed Ventari's home in the form of the Krytan civil war. To escape the conflict, Ventari fled South, to the Tarnished Coast, where he befriended a human named Ronan, with whom he planted the Pale Tree and founded a sanctuary of peace for all races seeking it that would eventually become the Grove. Along with Ronan, and after the human's death, he raised and nurtured the tree.

Ventari died in 1180 AE, having written down his life experiences on an artifact that would later be known as the Ventari Tablet and placed it at the foot of the Pale Tree. In 1302 AE, the Firstborn of the sylvari sprouted forth from the tree, and most of the race now holds Ventari's views in high regard.

Ventari's teachings are also highly similar to those of the Maguuma cen- -taurs, an offshoot of the Harathi that believe in peace. Despite this resemblance, and their current leader Ehrgen Cragstrider sharing names with one of Ventari's followers, Ehrgren Windmane, the Maguuma centaurs claim ignorance about Ventari." />

		<!-- METRICA PROVINCE -->
		<POI MapID="35" xpos="-321.181" ypos="7.99035" zpos="-351.838" type="mow.mowpp.lore.book" GUID="6mjlBDYxzEOcZAaIjDogjw==" info="The G.O.L.E.M. site was a large area where Golems designed to fight Destroyers were created by Asura. When activated, multiple incomplete rings circled around its center, which had a platform leading there.

There were two Golem Kilns which were larger and used to forge combat -ready Golems.

Some echoes of past voices can still be heard by the attentive ears:

Gadd: 'Destroyer swarms are headed this way. Here is what we need to do: protect the golem kilns while they heat up. Once they get to the correct temperature, Vekk's human friend here can summon the magical brutes to battle.
'Oola: 'Brutes? The Destroyers don't stand a chance against my magnificent golems!'
Gadd: 'Your golems? These things would be worthless junk without my power source.' 
Vekk: 'Hrumph! Gadd never lets anything like reality get in the way when it comes
to claiming all the credit.'

Gadd did die during the fight against Destroyers, he was Vekk's Father." />
		<POI MapID="35" xpos="-54.0954" ypos="-0.383579" zpos="470.355" type="mow.mowpp.lore.book" GUID="1h/Usga74EmojITxoaQdBA==" info="The Ullen River (better knew by locals as the Dark River), still flows from Mount Mashington in the Brisban Wildlandsswamps to swamps of Tangle Root. It was called the Dark River not just for the darkness of the passage through the cliffs but also for a perceived darkness that shrouds this river. " />
		<POI MapID="35" xpos="401.864" ypos="49.3817" zpos="800.552" type="mow.mowpp.lore.book" GUID="8CMG3jnO6EeB4xlgfAr9tA==" info="Riverside Province outpost once stood here."
/>
		
		<!-- GENDARRAN'S FIELDS -->
		<POI MapID="24" xpos="-767.496" ypos="30.0785" zpos="52.2728" type="mow.mowpp.lore.book" GUID="LLJ8kMPxfUCq6OCVZMrUhA==" info="Nebo Terrace was a well populated province in north-central Kryta.
		
There were settlements along all the edges and a central village, also named Nebo where you are now standing. In the southwest, undead from the swamps were already making incursions."
/>
		<POI MapID="24" xpos="-388.246" ypos="12.867" zpos="-90.6193" type="mow.mowpp.lore.book" GUID="Svz/G0FHdUKSsOA/NJyXUQ==" info="The Ascalon Settlement in North Kryta Province is where the refugees from Ascalon settled after crossing the Shiverpeak Mountains in 1072AE with Prince Rurik to escape the Charr invasion."
/>
		<POI MapID="24" xpos="-444.178" ypos="14.8432" zpos="-122.97" type="mow.mowpp.lore.book" GUID="gQKtUSiO+E+T5V1WFFCJiQ==" info="Captain Ander Graywind was a member of the Ascalon Army until he joined the refugees west into Kryta. When the Ascalon Settlement was established, he took leadership of the small village.

The events his ghost refers to happen while he was defending North Kryta Province and the Ascalon Settlement from waves of attacking Titans. The massive beast the crossed their path was Mentanl Arobo, a necromancer Titan Boss.

The Titans are demonic creatures created in the Foundry of Failed Creations by twisting tormented souls. They adapt to the terrain, becoming molten rock in volcanic areas, icy in snowy landscapes, and fleshy or demonic appearances in the Realm of Torment. Although Titans usually have a unique three-legged shape, the lesser Titans spawned from them will resemble other creatures. The fire from titans in their fiery form are long lasting and hard to put out, even when their bodies turn to coal. Titans are said to obey the bearer of the Scepter of Orr.

Two hundred years before the Searing, the Burnt Warband found Titans in the volcano Hrangmer; these Charr brought them back ho- -me to worship as gods. The Shaman caste led others to worship the Titans, who, in turn, provided them with the Cauldron of Cataclysm. Under orders of their own from Abaddon, the Titans told the Charr to invade the three human Tyrian kingdoms." />
		<POI MapID="24" xpos="99.3672" ypos="1.37639" zpos="365.326" type="mow.mowpp.lore.book" GUID="RXgZWPkz0kyffHX4Wmws2g==" info="This is a salt lake called Lesser Giant's Basin. Echoes of voices of the past are carried by wind on the wave: 
'It's clear that the White Mantle army advanced on this location. If Langmar and Thackeray were indeed here, they would have had to choose between an impossible fight or the treacherous water below. Nothing remains to suggest the outcome'" />
		
		<!--  BRISBAN WILDLANDS -->
		<POI MapID="54" xpos="-759.237" ypos="89.1348" zpos="655.133" type="mow.mowpp.lore.book" GUID="uAfwKiTDNE2cejVCVfMGTg==" info="Located a bit North from here in the dry upper region of the Maguuma Jungle, Druid's Overlook provided a spectacular and deceptively pleasant view of the harsh and deadly Sage Lands below. This area had been once home to a sacred fountain dedicated to Dwayna, whose statue lied in pieces in the brush."
/>
		<POI MapID="54" xpos="-852.287" ypos="4.57502" zpos="10.7198" type="mow.mowpp.lore.book" GUID="Z/NPy8JOfkCI3GI5zJTPpQ==" info="The Henge Portal was, as the name implies, a portal which led to the Henge of Denravi. It stood here and had to be activated by tuning three Rune Crystals and Thorn Pedestals. The other side of this Henge Portal was guarded by the Henge Guardian."
/>
		<POI MapID="54" xpos="-942.404" ypos="3.79541" zpos="-341.263" type="mow.mowpp.lore.book" GUID="u6JGjGkDFUOH6OheRYWoXQ==" info="The Henge of Denravi was once a sacred meeting place for the druids of the Maguuma Jungle. It felt into disuse after the druids mysteriously disappeared centuries ago. The only way to enter the Henge was to be granted access through the Henge Gate, and only those who had already been to Denravi could find their way back."
/>
		<POI MapID="54" xpos="-10.4855" ypos="13.4565" zpos="-451.706" type="mow.mowpp.lore.book" GUID="GesLPxJ/o0KinCmm65BNXQ==" info="Centuries ago, Fort Koga was a key defensive point between Kryta and the western coast of Tyria. Guilds from across Tyria came to siege its walls, for those who controlled the fort controlled the trade routes.

When new safer trade routes were established, the fort was abandoned. Now Ghosts of those fallen in battle here remain, engaged in an endless battle.

Ghosts running in circle are a reference to runners in Guild Wars PvP that, on the Fort Koga map, would sometimes run in circles to waste time."
/>
		
		<!-- LORNAR'S PASS -->
		<POI MapID="27" xpos="447.847" ypos="126.35" zpos="-67.7821" type="mow.mowpp.lore.book" GUID="FR+u1eA2RUCqbJT0hZ06VQ==" info="This statue was once once used to summon a Reaper to access the Underworld."
/>
		<POI MapID="27" xpos="273.764" ypos="121.646" zpos="-470.911" type="mow.mowpp.lore.book" GUID="g4NVjNWhZESxW0RYXrVOPg==" info="Dwayna is the goddess of life and air. She is the patron goddess of Monks, Air Elementalists, and Dervishes that specialize in Wind Prayers. Dwayna was the first of the true gods to appear before the human race and present her blessings. Centuries ago, you could read scriptures on this statue:

'And when the world rang with the clanging of swords and did fire fall from the skies, Dwayna, goddess of life and air, heard the wailings and pleas of the weak.

And when the rumblings of war did not cease, came Her charge, Doric, who did prostrate himself at Her feet.

And cast She now a glance upon the war-torn lands and wasted flesh of the fallen, and with tears upon Her cheek did lay Her gentle hands upon the prostrate man. Then saith She unto to him and all Her charges, ''Lay down thy weapons, and as I have done unto ye, so ye must do for your brethren. Offer protection to the weak. Give solace and shelter to those who need it. Be ye a salve to the wounded.''

''For I am your goddess, and I will give blessings to all who follow these teachings.'' 

The Scriptures of Dwayna 115 BE (Before Exodus)'"
/>
		
		<!-- SNOWDEN DRIFTS -->
		<POI MapID="31" xpos="-639.439" ypos="42.4588" zpos="-542.436" type="mow.mowpp.lore.book" GUID="qsvrLwRNgUStMyY6LYdNTg==" info="Named for the legendary Dwarven warrior who single-handedly held off the great ill Giant invasion of 534 A.E., Beacon's Perch ran north and south through the Shiverpeak Mountains. Centuries ago, this treacherous pass was patrolled by the Stone Summit, and as such was considered hostile to human travelers.

Now that Dwarves have largely disappeared from the surface of Tyria, and Dredges are free from their domination, they still keep this place hostile to other races."
/>
		<POI MapID="31" xpos="29.7001" ypos="25.5845" zpos="-521.754" type="mow.mowpp.lore.book" GUID="W/BPn9qfeECZMB7rpzGjCg==" info="The Frost Gate was a huge fortified gate in the Mountains South that was guarded by the Stone Summit to prevent travel to and from Kryta or to the Southern Shiverpeaks.

It was first built by the Deldrimor Dwarves as a way to protect their homes from invaders coming through Borlis Pass. When civil war broke out, the gate fell into the hands of the Stone Summit, a xenophobic group of Dwarven rene- -gades who then tried to overthrow King Jalis Ironhammer. At that time, no one went through the pass unless the Summit allowed it " />
		<POI MapID="31" xpos="-1148.01" ypos="127.311" zpos="189.616" type="mow.mowpp.lore.book" GUID="I/VNeaFMwUGvH5Ho8MQ+cg==" info="Graggult's Keep was a small area in that was surrounded by Centaurs

The Keep has now disappeared, but Centaurs remain!" />
		
		<!-- DIESSA PLATEAU -->
		<POI MapID="32" xpos="-829.9" ypos="41.151" zpos="-312.937" type="mow.mowpp.lore.book" GUID="WeR9TrI3BkqqB/21oCCtKg==" info="The Historical Monument of Nolani was a site of historical interest, located in the midst of a set of elevated ruins in the Diessa Lowlands. It commemorated the founding of the city of Nolani, once home to the fabled Nolani Academy and now largely destroyed after the Searing. The shattered remains of the city surround this area.

You could read on a memorial plaque:
''Founded: Season of the Scion, 860 A.E. The life of the land is perpetuated in righteousness. This monument is placed in recognition of Ascalon's Chosen and all its members. May their dedication to the nation of Ascalon and the defense of the empire stand the test of the time.''" />
		<POI MapID="32" xpos="-253.697" ypos="37.4086" zpos="-395.096" type="mow.mowpp.lore.book" GUID="hJ+bueTGtU214hlnKUtwew=="/>
		<POI MapID="32" xpos="-6.88578" ypos="30.7505" zpos="-445.147" type="mow.mowpp.lore.book" GUID="kpW1EHkl6EWy45eppuJBAA==" info="For a very long time remained here the Ghost of Lady Althea after her death at the hands of the Charr. The breath of the wind sometimes carries her forgotten sighs upon the plain:

''Hail, hero. My name is Althea, or 'twas in life... I wonder how my beloved Rurik fares. How I miss him... Is there something in particular you wish to know about?''"
/>
		<POI MapID="32" xpos="347.438" ypos="26.8605" zpos="572.931" type="mow.mowpp.lore.book" GUID="UfBRi4VVDEaEy8fsbOBUSA==" info="The Charr Altar is the place where Prince Rurik's beloved Lady Althea had been immolated by the Charr. It is probably somewhere in this flooded Flame Temple.

The Flame Temple Corridor refered to a small blasted area in the northern part of Charr-held Ascalon. Most of it was a desolate set of gullies winding between surrounding hills. The Charr appeared to have converted the ruins' entirety into a makeshift temple, in which they performed ritual sacrifice at an altar."
/>
		<POI MapID="32" xpos="-276.852" ypos="51.3334" zpos="251.769" type="mow.mowpp.lore.book" GUID="C6jdihbxAUW/4zB6lfpslQ==" info="The one-time seat of judicial power in Grendich village, the formerly grand courthouse has been in shambles since the Searing. Grendich Courthouse stands in the Diessa Lowlands, and was a popular stop on runs from Ascalon City or Piken Square to Yak's Bend." />
		
		<!-- PLAINS OF ASHFORD -->
		<POI MapID="19" xpos="-666.122" ypos="31.9001" zpos="125.471" type="mow.mowpp.lore.book" GUID="6WfAxCyzCUu5Htxpemg3/g==" info="Duke Barradin's family estate covered nearly two hundred hectars of Green Hills County. The duke's vineyard was known throughout Ascalon for the exquisite grapes it produced, which were used to make Amethyst, the most coveted wine in the kingdom."
/>
		<POI MapID="19" xpos="-386.498" ypos="30.2157" zpos="-547.404" type="mow.mowpp.lore.book" GUID="87hVktsz80qhGGam26mgrg==" info="A long time ago, a tiny bazaar lied just there along the road to Ashford Abbey. From the shelter of its colorful tents, traders hawk their wares, trainers offered lessons, and travelers swept tales of their adventures."
/>
		<POI MapID="19" xpos="-287.086" ypos="3.29866" zpos="-461.353" type="mow.mowpp.lore.book" GUID="7FqNbx5H/Ea2nFHVJhmXGA==" info="Grazden the Protector was one of the profession trainers for monks in Ascalon.

His gosht haunts this place till today. If you disturb the ruins, he might appear to protect them."
/>
		<POI MapID="19" xpos="204.902" ypos="27.6543" zpos="-349.877" type="mow.mowpp.lore.book" GUID="1zWExMv8CU6xvAFl9AV6RA==" info="This place was known by the Ascalonian Humans as the Healing Spring. It has been used to purify objects. On the surrounding walls reason ancient words:

''A while ago, I was given an old Minotaur horn by a Canthan trader. Out of it, I have fashioned a hunter's horn, which I would like to give to Aidan. I have used all my art to fashion this horn, but the final step is beyond my talents. To fully reach its potential, this horn must be bathed in the water of a healing spring.''"
/>
		<POI MapID="19" xpos="134.972" ypos="16.3641" zpos="-133.757" type="mow.mowpp.lore.book" GUID="HjR12F3Urk23ardpJjLi8A==" info="Ashford used to be a small and peaceful village situated within Lakeside County. It was primarily a farming village that lied just outside Ashford Abbey."
/>
		<POI MapID="19" xpos="-54.6837" ypos="17.987" zpos="-26.2183" type="mow.mowpp.lore.book" GUID="VXBrXyZZXkaYnHtkLIDKYA==" info="Situated just outside of the catacombs, Ashford Abbey was the
resting place for many of Ascalon's most distinguished deceased citizens.On nice days, you will find the heads of many noble houses coming to this spot, paying their respects to their ancestors. It's also not uncommon to find a priest or priestess of Dwayna here, kneeling in supplication before the statue of their goddess." />
		<POI MapID="19" xpos="109.668" ypos="3.4994" zpos="314.162" type="mow.mowpp.lore.book" GUID="C6acZlxcEkW20cLkf4Hk0Q==" info="Following the defeat of Vatlaaw Doomtooth at the hands of Prince Rurik, the Charr called forth a destructive power that became known as the Searing. Using the Cauldron of Cataclysm and the power of their Titan gods, the Charr shaman Bonfaaz Burntfur summoned forth a devastating magic that rained down burning crystals on Ascalon.

Once the embers settled, the Charr were able to overcome the Great Northern Wall and march through Ascalon to Orr. The ramifications of The Searing and the following invasion forever changed the position of humans as the dominant race on the continent of Tyria as it opened the way for the Charr to march to Arah which indirectly brought about the Cataclysm."
/>
		<POI MapID="19" xpos="-63.1881" ypos="64.7279" zpos="343.647" type="mow.mowpp.lore.book" GUID="uMVDCbM4skOIh7SEIavtGg==" info="Balthazar is the god of war and fire. He is the patron god of Warriors, Fire Elementalists and Paragons. If grawls weren't here to spoil the staute, one could read:

''For weeks did the battle rage on, and those who had taken up the mantle of war grew weary and their courage began to falter. Then did Balthazar, god of war and fire, appear to the soldiers, carrying with him a grand sword that did glow with such brilliance it blinded any who looked upon it. When he spoke, His voice was like thunder, and it shook the ground with force. Then saith He, 'Lift up thy weapons. For you are my soldiers, and must you be steadfast, strong, and brave of heart. They who neither hesitate nor stumble shall be rewarded. Then shall you have glory. Then shall your deeds be remembered for eternity.'

And then did release from His sword a hundred thousand flames, which encircled the soldiers. For this was the fire of courage, and forthwith did they follow the god into battle without fear or hesitation. Thence was the enemy struck down. Scriptures of Balthazar: 48 BE''"
/>
		<POI MapID="19" xpos="477.942" ypos="35.3274" zpos="388.505" type="mow.mowpp.lore.book" GUID="z6wIl16vY0ilImxdT+9GlQ==" info="The largest city and cultural center of the ruined empire. Ascalon City was one of the only two remaining in the entire kingdom after the Searing. Though the buildings had fallen and the cathedrals were a shambles, the people here lived on in the shadow of what once was. Until their King used his sword to propagate the foefire."
/>
		<POI MapID="19" xpos="899.267" ypos="21.0346" zpos="-61.1195" type="mow.mowpp.lore.book" GUID="j3ETxQmz4Uu3Dw4hbNLtKQ==" info="The Ascalon Academy was the central training institution of the Ascalon Army. Its main building had two distinct clock towers." />
		<!-- DREDGEHAUNT CLIFFS -->
		<POI MapID="26" xpos="222.073" ypos="99.5625" zpos="-706.539" type="mow.mowpp.lore.book" GUID="EMnbT7UVKkS78Y6SNBQLsQ==" info="It is possible to read the tablet. The characters ''{}'' indicate a linebreak on the tablet:

''The rise of the {} dragons {} never shall a full {} reckoning of the {} tales of the drago {} ns be told by mere {} mortals for the {} cycle of their awak {} enings data back {} past the time of {} giganticus lupic {} us into the prehis {} tory of our very wor {} ld. The current rise {} of the dragons {} began almost 250 {} years ago in the far {} shiverpeaks. Hero {} es of the time acro {} ss wes''"/>
		<POI MapID="26" xpos="222.048" ypos="99.5627" zpos="-712.446" type="mow.mowpp.lore.book" GUID="9+l7miDvLkeNvZeCJS7IQg==" info="It is possible to read the tablet. The characters ''{}'' indicate a linebreak on the tablet:

''the Charr rebellion {} the story of Kalla Scorch {} rayer and the charr rebell {} ion against the shaman {} caste has been many {} times.{} Most historians have {} studied the battle of the {} plains of gorgheim. And {} how Kallas female warri {} ors trained in secret for {} a generation or more {} dealt a descisive blow {} to the Gold Legion {} home fort ears earlier {} when fallas gra her {} ierne sho {} he shamans {}g his''"/>
		<POI MapID="26" xpos="208.026" ypos="99.5572" zpos="-735.719" type="mow.mowpp.lore.book" GUID="CrdX9sTcLkSi1pt9mMpl1A==" info="This tablet and the one on the other side of the door read the same. The characters ''{}'' indicate a linebreak on the tablet:

''whence the {} Dwarves {} few alive today man {} truly claim to have {} met or even seen a {} Dwarf. And yet some {} 250 years ago the {} Shiverpeaks fair {} ly crawled with {} this determinis {} tic and highly {} skilled rage both {} above and beneath {} the mountains {} altered forever into {} beings of rock {} and stone by the {} gift of the Great {} Dwarf. the fe {} remai''"/>
	</POIs>
</OverlayData>
