<OverlayData>
	<POIs>
		<Trail trailData="Trails/Iron_1.trl" animSpeed="0.5" alpha="1" type="mow.roads" fadeNear="500" fadeFar="1000"/>
		<Trail trailData="Trails/Iron_RaidOnSeparatists.trl" animSpeed="0.5" alpha="1" type="mow.roads" fadeNear="500" fadeFar="1000"/>
		<Trail trailData="Trails/Iron_2.trl" animSpeed="0.5" alpha="1" type="mow.roads" fadeNear="500" fadeFar="1000"/>
		<Trail trailData="Trails/Iron_DetritusLegionEvent.trl" animSpeed="0.5" alpha="1" type="mow.roads" fadeNear="500" fadeFar="1000"/>
		<Trail trailData="Trails/Iron_3.trl" animSpeed="0.5" alpha="1" type="mow.roads" fadeNear="500" fadeFar="1000"/>
		<Trail trailData="Trails/Iron_DevourerChain.trl" animSpeed="0.5" alpha="1" type="mow.roads" fadeNear="500" fadeFar="1000"/>
		<Trail trailData="Trails/Iron_MetaBrand_1.trl" animSpeed="0.5" alpha="1" type="mow.roads" fadeNear="500" fadeFar="1000"/>
		<Trail trailData="Trails/Iron_4.trl" animSpeed="0.5" alpha="1" type="mow.roads" fadeNear="500" fadeFar="1000"/>
		<Trail trailData="Trails/Iron_SonOfMalik.trl" animSpeed="0.5" alpha="1" type="mow.roads" fadeNear="500" fadeFar="1000"/>
		<Trail trailData="Trails/Iron_5.trl" animSpeed="0.5" alpha="1" type="mow.roads" fadeNear="500" fadeFar="1000"/>
		<Trail trailData="Trails/Iron_6.trl" animSpeed="0.5" alpha="1" type="mow.roads" fadeNear="500" fadeFar="1000"/>
		<Trail trailData="Trails/Iron_7.trl" animSpeed="0.5" alpha="1" type="mow.roads" fadeNear="500" fadeFar="1000"/>
		<Trail trailData="Trails/Iron_8.trl" animSpeed="0.5" alpha="1" type="mow.roads" fadeNear="500" fadeFar="1000"/>
		<Trail trailData="Trails/Iron_9.trl" animSpeed="0.5" alpha="1" type="mow.roads" fadeNear="500" fadeFar="1000"/>
		<POI MapID="25" xpos="542.13" ypos="10.6593" zpos="-553.65" type="mow.makersstart" />
		<POI MapID="25" xpos="542.13" ypos="10.6593" zpos="-553.65" type="mow.makers" GUID="/Z+e0l0O20+be+1B/LcNew==" info="[1] Welcome in the Iron Marches! Remember I advise not to complete this map before story leads you there in living world season 2. If you need to reach Fireheart Rise, simply run to the Bulwark Waypoint, North-West of the map.

If you are here to visit the map, then let's start! After the Orr zones and Dry Top this one return to a more core-like and traditional difficulty. It will be a nice break before you get further into the Living World season 2.

To start with, head West to reach Klinn's Rest point of interest." copy="at [&amp;BOABAAA=]" />
		<POI MapID="25" xpos="320.103" ypos="11.3573" zpos="-507.163" type="mow.makers" GUID="YyyQigydTku4WcLICGbnOg==" info="[2] The Iron Marches are part of Ascalon and the Charr territory. Here, you will find the Charrs are at war with all their enemies at once: goshts of Ascalon, separatists, flame legion, branded and even the thorns from Dry Top. Only the renegades are missing...

Continue West to reach Warhound Village Waypoint." copy="next to [&amp;BOUBAAA=]" />
		<POI MapID="25" xpos="119.033" ypos="6.16471" zpos="-540.441" type="mow.makers" GUID="6/C57Ls1BkaA5R8W6avRrg==" info="[3] Welcome to the Warhound Village! You are waiting for an event that occcurs pretty often. It starts by defeating the separatists raiding this Village. I recommend you do the full event chain.

Next Marker at the end of this event chain." copy="at the end of the event chain starting with separatists raiders in Warhound Village." />
		<POI MapID="25" xpos="122.774" ypos="8.40108" zpos="-663.279" type="mow.makers" GUID="Y4ZPD/eXnkOQdVtpWlwlRA==" fadeNear="500" fadeFar="1000" info="[4] Well done! I hope that as the Pact Commander you felt a bit like these two old warriors, nostalgic of the old battles!

Loop back to the Village and then take a hollow passage to the East to reach Bria's Manor point of interest." copy="in front of [&amp;BNcBAAA=]'s door" />
		<POI MapID="25" xpos="508.046" ypos="4.51838" zpos="-688.104" type="mow.makers" GUID="EJCckOvLLU2U9LLGRyfTVw==" info="[5] An event can happen here involving Bria. I advise you wait for it, as it is quite a unique event and this zone is so mysterious, you definitely want to know more about it.

When you are done, you will head North! Penetrating the brand, you will reach Lake Desolann Vista to find Next Marker." copy="next to Vista [&amp;BDYGAAA=]" />
		<POI MapID="25" xpos="338.338" ypos="30.265" zpos="-202.138" type="mow.makers" GUID="DxrHJMKv9E2scguqD3cAxA==" info="[6] Do not complete any event here. You will come back later.

Instead come back down below and enter the underground passage going West. On your way you will find the 632nd Armored Death warband, and Next Marker next to them." copy="next to the 632nd Armored Death warband, in the Lamprey Grottoes." />
		<POI MapID="25" xpos="167.918" ypos="3.06894" zpos="-345.938" type="mow.makers" GUID="j+xyAGz1YUyOQ5YtBrRrVg==" fadeNear="500" fadeFar="1000" info="[7] Did you see there is a Tank next to Riff Sootclaw? It seems this tank is not working properly... Talk with Riff and see if you might be able to do something. Maybe you'll make a friend!

After that, continue within this grottoes. You are looking for the Hero Challenge a bit North-West. Next Marker there." copy="Near the Hero Challenge in the Lamprey Grottoes" />
		<POI MapID="25" xpos="53.0782" ypos="0.560494" zpos="-250.31" type="mow.makers" GUID="WyqA7YoLm0mcP1k+jta5Mg==" info="[8] Well done! I wonder about what tower is this Ogre speaking about... Most intriguing!

For Next Marker, find a way out of these Grottoes to the South-West and head to Vermin's Folly point of interest." copy="at [&amp;BNgBAAA=]" />
		<POI MapID="25" xpos="-79.8924" ypos="32.6999" zpos="-484.724" type="mow.makers" GUID="UAHa6OzrlEuDC6eXe9VVSQ==" info="[9] Keep going straight to the West. You are looking for an Iron Legion small settlement. Next Marker will be in this camp next to a vendor. This is way North of the Old Piken Ruins Waypoint." copy="next to a vendor in an Iron Legion small settlement way North of [&amp;BOQBAAA=]" />
		<POI MapID="25" xpos="-404.625" ypos="48.0665" zpos="-599.624" type="mow.makers" GUID="aZ57WAoy2Ei2h+xxZY2IYA==" info="[10] An event can happen around here about defending this camp against gosths. After that you can escort Legionnaire Snarpshot to the Old Piken Ruins South.

Next Marker at the Old Piken Ruins Waypoint." copy="next to [&amp;BOQAAA=]" />
		<POI MapID="25" xpos="-394.427" ypos="44.6878" zpos="-904.186" type="mow.makers" GUID="gjInJT6Cw0eD89f5aJqDDQ==" info="[11] Head further South in the Echoslab Arches. You will find Next Marker there, next to a chest." copy="next to a chest, not far from Vista [&amp;BDsGAAA=]" />
		<POI MapID="25" xpos="-567.77" ypos="79.5427" zpos="-1073.65" type="mow.makers" GUID="2xbC5NTw2kGolrhEkxwF9w==" info="[12] That one was not easy to find, neither to reach! But you did it!

Next Marker at the top of a Charr tower near the Dewclaw Village Vista, East." copy="at the top of the Charr tower near Vista [&amp;BDUGAAA=]" />
		<POI MapID="25" xpos="-217.394" ypos="54.8001" zpos="-1105.05" type="mow.makers" GUID="lb4txX/WbESFubKtHsdi8Q==" info="[13] You can talk to the Charr just here to learn a bit more about the Village down below. When you are done, head directly into the Village and find Next Marker near a table." copy="near a table in [&amp;BNQBAAA=]" />
		<POI MapID="25" xpos="-166.446" ypos="18.1416" zpos="-1064.59" type="mow.makers" GUID="reAmmFqtBUmybbLSZyMThg==" info="[14] An event chain involving the Flame Legion threatening the prosperity of the Village happen here. You can wait for it if you want. Before going on, you can also unlock the Hero Challenge on the opposite shore.

This Hero Challenge is pretty interesting as the cauldron is a Searing cauldron, that is to say, one of those cauldron that destroyed Ascalon decades ago during the Searing.

When you're done, you could perhaps go back to the South of the Old Piken Ruins Waypoint and try to find diving goggles? If you do not want to waste your time doing that, simply head East from the Cauldron of Searing point of interest to reach a Bridge. You will then find a camp fire next to the bridge, where Next Marker will be" copy="next to a camp fire, near to a bridge, East of [&amp;BNUBAAA=]" />
		<POI MapID="25" xpos="-499.535" ypos="54.6982" zpos="-962.836" type="mow.makers" GUID="OWTywOyO10+2Fbf5cEs6hA==" mapVisibility="0" info="[14'] If you did not visit Dewclaw Village already, then just keep in mind that you found this, and I'll lead you back here latter. For now simply try to find the chest in the Echolab Arches further South.

Else, you are welcome to wear these diving goggles and leap! But be careful: you will have to aim very well not to die!
" />
		<POI MapID="25" xpos="-470.681" ypos="1.97189" zpos="-910.319" type="mow.makers" GUID="q/PQa4IWrkmPBnAMewTxpQ==" mapVisibility="0" info="[14'] Welcome in there! If you visited Metrica Province, the starting zone for the Asuras you might have heard about the Thaumanova Reactor Explosion! Talk to that Inquest Researcher to know more about how this is related to what's happening here...

See you later!"/>
		<POI MapID="25" xpos="-569.459" ypos="-0.272209" zpos="-864.335" type="mow.makers" GUID="RrjBhh6Fq0aGq/0YXbTlHw==" mapVisibility="0" info="[14'] Yes, you can indeed jump on this crystal and then on the following to skip most of the jumping puzzle. Puzzled?" />
		<POI MapID="25" xpos="336.294" ypos="-1.03235" zpos="-956.147" type="mow.makers" GUID="VkVLG9+y5Eq4s7IyEkRs/g==" mapVisibility="0" fadeNear="500" fadeFar="1000" info="[14'] You should arrive here after having walked through an Asura portal. Don't worry, you're safe! Next Marker is near the camp fire you see near the bridge, West." copy="next to the camp fire, near the bridge." />



		<POI MapID="25" xpos="255.137" ypos="0.702668" zpos="-960.036" type="mow.makers" GUID="EGg0J1vsmE6HzCMIVdHkcQ==" info="[15] An event can start here to help Rexavian Redfoot. I advise waiting for it. It will lead you South-East to the other end of the bridge. Next Marker at the end of the event.

If you are not doing the event, you will find Next Marker, which will be Marker [17] for you, behind a waterfall around this lake." copy="at the end of the event with Rexavian Redfoot." />
		<POI MapID="25" xpos="506.924" ypos="0.680676" zpos="-955.901" type="mow.makers" GUID="BX5GU695tUWKdDxI2HoRBQ==" info="[16] Keep going with the event until it's over. Then head behind the waterfall East to find Next Marker next to a chest" copy="next to a chest, behind a waterfall" />
		<POI MapID="25" xpos="593.172" ypos="1.16455" zpos="-897.827" type="mow.makers" GUID="JOHugLMDO0ucvUeg8/FQ3g==" info="[17] For Next Marker, you will swim to the West an reenter the Sunken Halls where you raided Separatists at the beginning of your journey on this map. In there you want to find a small pond." copy="find a pond in the Sunken Halls" />
		<POI MapID="25" xpos="189.286" ypos="3.45226" zpos="-750.428" type="mow.makers" GUID="HcxPMbn6SUOkPihEgWF8wA==" fadeNear="500" fadeFar="1000" info="[18] Well done!

Now head out of these halls by diving into this pond. After that, cross the bridge and run to the North-West. You will find an heart NPC named Braxa Scalehunter amidst devourer nests. Next Marker along her." copy="next to Heart NPC Braxa Scalehunter in the Champion's Shiled" />
		<POI MapID="25" xpos="-195.43" ypos="29.8887" zpos="-608.151" type="mow.makers" GUID="BXTurOL2fUCLjUmUnaM1yQ==" info="[19] Such a good place to spend some free time. You are now waiting for an event to start. This event will be about gathering devourers' eggs. I really advise you to wait for this event.

While waiting you can fill the heart. You can also roam the road West towards the South and Dewclaw Village. On this road, you might find an interesting kind of wolf.

If the wait is too long -which can happen due to the event chain being unfinished at later steps- go on to the Village of Scalecatch Waypoint to find Next Marker." copy="next to [&amp;BOcBAAA=]" />
		<POI MapID="25" xpos="-212.288" ypos="3.08277" zpos="-381.548" type="mow.makers" GUID="Ex0BkfrX+kWfi05bX6VeHQ==" info="[20] If you are doing the event chain with devourers, then keep following it.

Else, if the event is going on, Cerberus Scalecatcher will tell you where you should go.

Next Marker at the end of the devourers event." copy="at the end of the devourers escort that starts near [&amp;BOcBAAA=]" />
		<POI MapID="25" xpos="132.261" ypos="3.44065" zpos="-117.675" type="mow.makers" GUID="PCuReG2nY0Ki/g3xicyw8A==" info="[21] Well done! Listen very well to the NPC, another event involving devourers might start already, go on.

If no event is starting, take a look at the Meta event Devouring the Brand state. If there are no operations in the brand, you're good for a short wait. You can try to get the Hero Challenge of bit North. If the Meta event is about Sentinel Whiptail searching for a powerful ally you can join. However, if the Meta event is already about Sentinels, then you might want to wait. Beware that in the later case, if nobody is advancing the Meta, then you could wait forever.

Next Marker at Brandwtch Encampment Waypoint" copy="next to [&amp;BOkBAAA=]" />
		<POI MapID="25" xpos="181.887" ypos="4.86088" zpos="-113.438" type="mow.makers" GUID="62Fj5WY2o0KD5sf4uZZZjw==" info="[22] Still waiting for the Meta event to start? If you just found a giant devourer, just go on with the Meta until the end.

If you are having a hard time waiting and want to join the Meta in one of the Sentinels step, then go on. You can find a chest near Spentlung Depth point of interest, then keep going North to the Wreckage of Day's Labor. Finally head even further North to the Grundallion's Lair: you will find Next Marker inside the caves." copy="at the end of the Meta, next to a chest near [&amp;BN0BAAA=]" />
		<POI MapID="25" xpos="362.577" ypos="13.707" zpos="520.706" type="mow.makers" GUID="MpAQjsaUKEiUSmC/+6iXlQ==" info="[22'] Keep going with the Meta!" copy="at the end of the Meta, next to a chest near [&amp;BN0BAAA=]"/>
		<POI MapID="25" xpos="128.203" ypos="8.04889" zpos="1134.26" type="mow.makers" GUID="Yavy+TH52UeY2Reyx7mOYw==" info="[23] WHOOO! This Meta event is epic, right? I hope you liked it!

Now you can head East and find Next Marker out of these caverns at the Heartsond Falls point of interest." copy="at the [&amp;BN8BAAA=]" />
		<POI MapID="25" xpos="568.49" ypos="-0.224623" zpos="1163.18" type="mow.makers" GUID="W3IFSBXlz0OOc9jKSB1Aaw==" info="[24] Head South to Grostogg's Kraal, and find Next Marker crowning the Kraal, next to the Vista." copy="next to Vista [&amp;BDkGAAA=]" />
		<POI MapID="25" xpos="468.509" ypos="49.3341" zpos="899.371" type="mow.makers" GUID="Q0hYnQ34bUyCHKfU5BZyYw==" info="[25] An event chain can start here by fighting the Branded. It then chains into an escort of Gortho, Son of Malik. I advise you wait for this event chain. However, if players are defending outposts further down the line it is possible you will wait for a long time...

In case you want to skip, simply head to Newglade Kraal point of interest. Next Marker is there, in front of a tent." copy="at the end of the event chain, in front of a tent at [&amp;BNsBAAA=]"/>
		<POI MapID="25" xpos="-177.103" ypos="21.7434" zpos="890.034" type="mow.makers" GUID="kAy+EvN1JU+19BV6NEHdhw==" info="[26] For now let's not continue this attack on the Flame Legion. Don't forget to unlock the Waypoint that was before the bridge.

Then head North to the Vista near Fellmyst Falls point of interest." copy="next to the Vista [&amp;BDcGAAA=]" />
		<POI MapID="25" xpos="-251.823" ypos="20.3674" zpos="1121.52" type="mow.makers" GUID="H9MMEoKpLUasONuLAzf4MQ==" info="[27] Don't forget to unlock the point of interest too.

When you're done, head South walking into the river bed. You will find Next Marker under the bridge leading to Newglade Kraal." copy="under the bridge at [&amp;BNsBAAA=]" />
		<POI MapID="25" xpos="-144.216" ypos="-0.224981" zpos="930.778" type="mow.makers" GUID="kGDg/8I3FEuX0UbVANjY7w==" info="[28] Keep walking in the river bed. You will arrive at a junction. Find rocks, Next Marker on the rocks in the middle of the waters." copy="at a junction of the river, on rocks." />
		<POI MapID="25" xpos="-105.957" ypos="0.586132" zpos="746.075" type="mow.makers" GUID="Dh7CtWWz5E6JzaV8IV46aA==" info="[29] If you look up South-East, you should see gigantic thorns. This is where you are going.

Find NPC Taccius Stormbane, Next Marker next to him." copy="next to Taccius Stormbane, around thorns, North-West of [&amp;BOoBAAA=]" />
		<POI MapID="25" xpos="10.8464" ypos="25.4087" zpos="650.792" type="mow.makers" GUID="slkPgYYht0WUC2jKvpjhMw==" info="[30] If you are doing Living Story season 2, you might not want to do the event here just right now. It is indeed part of your story, and you will be lead here in due time.

For Next Marker, head South-East to the Viper's Run Waypoint." copy="next to [&amp;BOoBAAA=]" />
		<POI MapID="25" xpos="143.378" ypos="23.14" zpos="549.328" type="mow.makers" GUID="B8WIwM7v6kCYfpi5AiM3BQ==" info="[31] Go South into the brand. You will find a Charr tower North of Spentlung Depth point of interest. Next Marker at the top of this tower." copy="at the top of a Charr tower, North of [&amp;BOEBAAA=]" />
		<POI MapID="25" xpos="338.345" ypos="18.0966" zpos="242.424" type="mow.makers" GUID="/fqW6RdEcUypk6l/HiUDjg==" info="[32] An event can happen here to defend the tower. You need not wait for it. There is also a chest to find at the Spentlung Depth point of interest if you'd like to.

For Next Marker, head to the Vista North-West." copy="next to Vista [&amp;BDgGAAA=]" />
		<POI MapID="25" xpos="203.102" ypos="60.464" zpos="377.896" type="mow.makers" GUID="oktAUiugeEa3sh15SNt3eQ==" info="[33] Such a fascinating yet revolting view... This part of the brand is the Northermost part we are able to see. On this tour, it is the last time you will see the brand. If you completed the map in order, this is also the last core map you are visiting. Thus, perhaps is it the last time you'll see the brand, ever. Or will you venture into lands wild enough for you to fight branded again?

When you are done contemplating, head South. You are going back to Viper's Run, and looking for thorns there. Next Marker under thorns, near Brutus Rendflesh." copy="under thorns West of [&amp;BOkBAAA=]" />
		<POI MapID="25" xpos="-89.7549" ypos="22.7107" zpos="-76.261" type="mow.makers" GUID="HQbKLemYoE+V6brOzYsfug==" info="[34] Again, if you are on the right step of the story you might want to do the event here. If not, just come back after you end your journey on this map.

For Next Marker there will be quite a walk. You have to reach Scourgejaw's Vault, West from the Village of Scalecatch. Next Marker is in the Vault, at the top of some kind of scaffolding." copy="at the top of some scaffolding, in Scourgejaw's Vault, West from [&amp;BOcBAAA=]" />
		<POI MapID="25" xpos="-456.276" ypos="51.2823" zpos="-166.866" type="mow.makers" GUID="oFAi3e98GUOJhwUoSC6Miw==" info="[35] At the entrance of the Vault, two NPCs -Grimara and Spratch- can wait for an iron shipment to Cowlfang's Star. It is known that this event sometimes bugs and will not start or at least not work properly. If you are lucky, you can partake to the escort event and reach Next Marker at the end of the event.

Else head North to Sleekfur Encampment Waypoint. Next Marker at the top of the tank there." copy="either at the end of the event, next to [&amp;BOsBAAA=]; or at the top of a tank near [&amp;BOgBAAA=]" />
		<POI MapID="25" xpos="-563.024" ypos="68.9328" zpos="-279.439" type="mow.makers" GUID="hVPQeH97VEeMsX03BRaLTg==" info="[36'] If you are here, it means the event failed to start. Instead you can complete the heart here. Also, this is a good point to start looking at you Living World season 2 quest log. The first few tasks are to be performed around here.

When you're done, continue North-East to Cowlfang's Star." copy="next to [&amp;BOsBAAA=]" />
		<POI MapID="25" xpos="-179.147" ypos="19.8177" zpos="292.399" type="mow.makers" GUID="4Uc6bBpm+E+MPw+BxeV7dg==" info="[36] Before inavding the Flame Legion camp, give some time to the warband so that they can be ready.

Meanwhile, head to the Hero Challenge South of here at Soldier Mesa to find Next Marker." copy="next to the Hero Challenge at Soldier Mesa" />
		<POI MapID="25" xpos="-323.852" ypos="64.0929" zpos="17.4042" type="mow.makers" GUID="p1FBKEr8SEWucJqKqjsYcw==" info="[] Now head to Bulwark Waypoint." copy="next to [&amp;BOwBAAA=]"/>
		<POI MapID="25" xpos="-530.889" ypos="16.6937" zpos="425.074" type="mow.makers" GUID="YEyVR6atgkmTWY1xbtT53Q==" info="[37] Now go North, you will find Next Marker dangerously close to the Flame Legion territory, amongst a field of sugar pumpkins." copy="amongst suger pumpkins North of [&amp;BOwAAA=]" />
		<POI MapID="25" xpos="-415.487" ypos="37.4476" zpos="727.241" type="mow.makers" GUID="O8f8SmtCI0SmGPqOaYjzPQ==" info="[38] Go South-East to the Hero Challenge to find Next Marker." copy="near the hero challenge in Lake Carniflex" />
		<POI MapID="25" xpos="-320.993" ypos="0.307484" zpos="466.589" type="mow.makers" GUID="EbqIIsNT7kGz1HWoH4IbUA==" info="[39] Swim accross the Lake to get back the Cowflang's Star. You will find Next Marker there, next to the Reinforce Armor NPC." copy="next to reinforce armor NPC at [&amp;BOsBAAA=]" />
		<POI MapID="25" xpos="-98.9755" ypos="32.6182" zpos="296.221" type="mow.makers" GUID="k8vDAoWvSkKz9k+eNLlMpQ==" info="[40] There is an event chain leading from there to the Flame Legion camp. However, you might have to wait forever depending on how well the outposts ahead are protected by other players.

For Next Marker, head North, the Firewatch Encampment. Next Marker will be there, next to a camp fire." copy="next to a camp fire, near [&amp;BO0BAAA=]" />
		<POI MapID="25" xpos="-85.5897" ypos="3.07063" zpos="547.143" type="mow.makers" GUID="ZWsI5byaR0GMLvfbppq0uw==" info="[43] If you are doing the event chain, go on. Next Marker will be a bit South of Invictus Castrum point of interest, next to a book on the ground." copy="next to a book on the ground, a bit South of [&amp;BNoBAAA=]" />
		<POI MapID="25" xpos="-316.626" ypos="18.6834" zpos="607.495" type="mow.makers" GUID="QK4P5nTJ30WJtKFp/rrbRA==" info="[44] Did you read the book?

For Next Marker head North into the Flame Legion camp. It will be next to the Vista South of the Blasted Hearth point of interest." copy="at the Vista [&amp;BDwGAAA=]" />
		<POI MapID="25" xpos="-419.021" ypos="45.938" zpos="1075.98" type="mow.makers" GUID="HmVSmNtbakmf37Efg55Gsg==" info="[45] Well done! You are now at the end of you journey through the Iron Marches! Well... Not really at the end. First thing first, there is an event you can do just North to defeat the fire Shaman. I highly recommend you wait for it. Gather a small team of friends and allies to take him done. Or try it alone if you're up for a challenge!

Then, if you are doing the Living World season 2, it's time to revisit the map while doing the tasks of the story, or at least finishing what remains to be done.

Now, once again, I'm very happy that you are using this pack! I would love to hear from your experience, so do not hesitate to give feedback on Github or to contact me under 'Euste Ylhes.1095' [EU server]. I would genuinely like to improve this pack to provide as good of an experience as possible, so help me out :D" copy="&lt;3" />
	</POIs>
</OverlayData>