<OverlayData>
	<POIs>
		<Trail trailData="Trails/Lornar_Final.trl" animSpeed="0.5" alpha="1" type="mow.roads" fadeNear="500" fadeFar="1000"/>
		<POI MapID="27" xpos="294.425" ypos="151.851" zpos="1363.65" type="mow.makers" GUID="4B1rcFsRHEqM8wE7buBuXA==" info="[1] Hey! Still following this pack? I'm honored!

Welcome to Lornar's Pass! I hope you'll enjoy your journey on this AMAZING map.

IF YOU FIND A CRANK GEAR KEEP IT UNTIL THE END PLEASE!!!

To start with you are going West to the Homestead and waiting for Chef Lorela to go gather griffon's eggs.

Next Marker in the Homestead."
/>
		<POI MapID="27" xpos="96.2167" ypos="125.264" zpos="1364.69" type="mow.makers" GUID="HPW1f1d8uECOZeWyQR+GbA==" info="[2] Once you've helped with the eggs and defended
against the dredges, go get revanche on them East of here in their mine: Underburg.

Next Marker at the Hero Challenge there."
/>
		<POI MapID="27" xpos="453.117" ypos="156.705" zpos="1416.17" type="mow.makers" GUID="croU9sjLHkKKaL3HyP+l8g==" info="[3] Get out of this mine by the Southern entrance.
You can reach it just by following the wooden paths. 
Next Marker behin the Hero Challenge Further South."
/>
		<POI MapID="27" xpos="454.601" ypos="223.83" zpos="1136.69" type="mow.makers" GUID="qD6hAs4VeUSlZyohSqmryA==" info="[4] Continue South through this hollow passage.
Next Marker at the end of the passage."
/>
		<POI MapID="27" xpos="438.359" ypos="230.102" zpos="1092.44" type="mow.makers" GUID="eYkuuSvMH0WIGKCUJmz8Xw==" info="[5] In front of you are two huge peaks. On their right is a small rock formation. Go there and get the Vista.

Next point at the Vista."
/>
		<POI MapID="27" xpos="252.254" ypos="221.34" zpos="1030.23" type="mow.makers" GUID="xDYAt0gxjU2JzqnDEONq6w==" info="[6] In front of you is a lonely peak in the middle of the circus.
Go towards it, and come back south of Korakatt's Hall, where you helped Chef Lorela. You want to find a cavern entrance there.

Next Marker at the beginning of the cavern." />
		<POI MapID="27" xpos="41.9545" ypos="108.771" zpos="1304.4" type="mow.makers" GUID="et/wNWCwG0iHctlr5ffXNA==" info="[7] Continue in the cavern and take on you right at next crossroads.
Do the skritt event there if available.
Then kill Korritkir.

Next marker will be at the bottom of this Cavern, in what is a Kritt's throne, but will appears to you as a junk yard under a green light. "
/>
		<POI MapID="27" xpos="-107.611" ypos="125.84" zpos="1455.19" type="mow.makers" GUID="izLvax2so0uz03XWdC+Qsw==" info="[8] Explore this cave! So many paths! AWESOME. After that, get out by the Southern exit. 
Next Marker there."
/>
		<POI MapID="27" xpos="-202.573" ypos="69.7392" zpos="1168.39" type="mow.makers" GUID="s/GUtkvPS0qDC0+ub8u9WQ==" info="[9] Get on the road and turn right. Follow the Miners to their camp.

Next Marker in their camp, near Heart NPC there." />
		<POI MapID="27" xpos="-359.739" ypos="111.482" zpos="1065.08" type="mow.makers" GUID="ARmnZsiSZkKf4dxObNu1ig==" info="[10] Get out of the camp by the Western gate.
Don't bother getting the Vista, you'll that latter." />
		<POI MapID="27" xpos="-471.245" ypos="146.761" zpos="990.632" type="mow.makers" GUID="viWepj+kB02oPvnZFiNfuw==" info="[11] Turn right and reach the Waypoint.
After that, come back to the camp and get the Vista just East of it."
/>
		<POI MapID="27" xpos="-285.279" ypos="151.14" zpos="1063.54" type="mow.makers" GUID="AdlaKq86fkuHRUB3slTGEA==" info="[12] When you get down there, come back on the road. Go down the road towards South-East. At crossroads, take right.

Next marker on the road."
/>
		<POI MapID="27" xpos="-79.2241" ypos="84.8096" zpos="909.538" type="mow.makers" GUID="x+KL2Kb5X0iFUat1LTmOZA==" info="[13] If Rikvi Reidarsdottir is not already begging for help, continue to the Homestead you see further South. There will be some children playing in there. Wait for the Troll event.

After that, Next Marker will be in the Troll lair, under a rock further East."
/>
		<POI MapID="27" xpos="130.83" ypos="100.62" zpos="854.208" type="mow.makers" GUID="dvzbkyf90UmUme4iIehf3w==" info="[14] When you get out of here take a turn right then head straight East.

Next Marker is at the begging of a hollow passage between two huge peaks you already saw."
/>
		<POI MapID="27" xpos="286.214" ypos="199.888" zpos="887.532" type="mow.makers" GUID="LNfL8FC0wkui0ocDZuPNjA==" info="[15] After you went through this passage, go South.

Next Marker at the heart NPC."
/>
		<POI MapID="27" xpos="409.458" ypos="175.74" zpos="793.561" type="mow.makers" GUID="IWQg3jZpjkGERGeZrWmWGA==" info="[16] Don't stop to complete this heart. Instead go West and find a Priory camp.

Next Marker near this Priory Camp at Pinnacle Enclave Waypoint."
/>
		<POI MapID="27" xpos="196.635" ypos="135.521" zpos="728.469" type="mow.makers" GUID="QRSqNVOra0G+MKnh59hGCg==" info="[17] You can follow and help:
1) Scholar Penta
2) Scholar Alil Rodez (She might already be out South East you can see dredge tunnels there)

I advise waiting for these two events.
Keep an eye out for the Meta Event too.

IF YOU FIND A CRANK GEAR KEEP IT UNTIL THE END PLEASE!!! 
After you're done, follow the road further West.
Keep on the road to find the Next Marker."
/>
		<POI MapID="27" xpos="40.835" ypos="115.49" zpos="770.055" type="mow.makers" GUID="21EJKovnQkKg4ewA3wMTWw==" info="[18] It is said an escort sometimes happens there. Unfortunately, I never saw these NPCs move (UPDATE: I actually did saw them do the event once in May 2022, so... There's hope!). Keep going on the road without them..."
/>
		<POI MapID="27" xpos="-33.2839" ypos="110.194" zpos="631.871" type="mow.makers" GUID="kAwBYyNCHU+7x+TE410e0g==" info="[19] Take left.
And look in front, at that AMAZINGLY HUGE mountain." />
		<POI MapID="27" xpos="-76.0578" ypos="101.263" zpos="573.769" type="mow.makers" GUID="jDTTRdcAE0O7HWzsJ+qAeQ==" info="[20] Keep going forward."
/>
		<POI MapID="27" xpos="-151.098" ypos="95.2681" zpos="420.179" type="mow.makers" GUID="9LayRaNw9Uy5RLtnixWjJA==" info="[21] There can be a small event here but don't wait for it. Instead cross the bridge and follow the road up to the foot of this peak.

Next Marker is inside. Near the Point of Interest."
/>
		<POI MapID="27" xpos="-474.756" ypos="161.402" zpos="611.22" type="mow.makers" GUID="CvKW7NY2W0CV6uBX+xyG+w==" info="[22] When you get out, don't forget the vista. Then take the stairs towards South and find a cave going under downstair on the rigth.

Next Marker at the entrance of the cave." />
		<POI MapID="27" xpos="-462.643" ypos="125.093" zpos="405.262" type="mow.makers" GUID="eS/xl3rvt0mz/t4MjPASRg==" info="[23] You might want to bring company. Go trough this cave!

You will find informative markers on your way." />
		<POI MapID="27" xpos="-504.684" ypos="85.6364" zpos="538.494" type="mow.makers" GUID="rfAKc4N4+UagIwQrKfeYYg==" info="[24] A Champion Ice Wurm can spawn here."
/>
		<POI MapID="27" xpos="-450.902" ypos="91.002" zpos="761.338" type="mow.makers" GUID="ujqewbr0r0i5OX95kQRv2A==" fadeNear="500" fadeFar="500" info="Avoid Spoilers, don't go further!"
/>
		<POI MapID="27" xpos="-427.184" ypos="90.219" zpos="801.08" type="mow.makers" GUID="T72miLmzyk+8Ux0Vxi2nSA==" info="[25] A champion Troll camp appear here.
        (And that's not me)"
/>
		<POI MapID="27" xpos="-311.971" ypos="88.6328" zpos="797.652" type="mow.makers" GUID="T40N3Man7keDkyH19ct6rQ==" info="[26] Staigth in front of you is an entrance to a Cave. You can see a stone structure denoting the entrance.

Next Marker will be there."
/>
		<POI MapID="27" xpos="-145.723" ypos="58.9654" zpos="887.495" type="mow.makers" GUID="sqi8teP8SkiGWmBrqBrgMg==" info="[27] Next Marker at the Bottom of this Cave. A dredge event can happen in this valley. Do it if you will." />
		<POI MapID="27" xpos="-93.0738" ypos="53.1527" zpos="972.815" type="mow.makers" GUID="2itdN/qp20aqBVV0ftSSFw==" info="[28] Get out by Waypointing to Mistriven Waypoint just above you.

After that follow the road south and on the wooden planks on the edge of the cliffs.

Markers on you way."
/>
		<POI MapID="27" xpos="-78.8343" ypos="81.8774" zpos="839.523" type="mow.makers" GUID="cQeVAqwXdEyz8UJm9Wqq9w==" info="[29] This is definitly not the way to go if you didn't fight a Champion Troll or Wurm!

If you did, keep going on the wooden planks!" />
		<POI MapID="27" xpos="-91.2746" ypos="96.22" zpos="660.201" type="mow.makers" GUID="42uvhpBQB0KZKTi68m15wg==" info="[30] Go down by turning left on the snow."
/>
		<POI MapID="27" xpos="-113.949" ypos="69.708" zpos="699.435" type="mow.makers" GUID="s8prmyMjB0SgDgUsQblD8w==" info="[31] A dredge event can happen in the valley, do it if you will.

After that do as if you wanted to get back to the exit of the cave with the Giant Wurm and Champion Troll, but head further North. You should find a point of interest: Ravenbeak Shrine.

There will be the next Marker."
/>
		<POI MapID="27" xpos="-302.517" ypos="116.632" zpos="948.263" type="mow.makers" GUID="vrjKZGmWZkmMF+2AYyttgg==" info="[32] If you didn't walk on wooden planks on the flank of cliffs... I don't know what you're doing here!

If you did then head South-West without going back in the valley and find yet another cave entrance. (so more West than South actually)

Next marker will be there."
/>
		<POI MapID="27" xpos="-388.171" ypos="116.84" zpos="871.697" type="mow.makers" GUID="72txO91EWk2ssYAX1geFzw==" info="[33] Take the slope on the right.
Next point at the other end of that cave. You can't get lost." />
		<POI MapID="27" xpos="-313.054" ypos="121.315" zpos="732.63" type="mow.makers" GUID="5X/HIcFDV0uLHmzTfvX+1A==" info="[34] Keep going until you reach the Priory Bridge again. Do not cross it then, but keep going forward.

Next marker on your way."
/>
		<POI MapID="27" xpos="-305.453" ypos="91.9997" zpos="460.176" type="mow.makers" GUID="Wb1PuG6D6kqKKtchCqv2dg==" info="[35] If you did not visit the Priory yet... Wrong way.

Else, keep going South. You will see gences in the distance. You are heading to help with a Herd of Dolyaks!

Next Marker at the Heart NPC Lyot, near the herd."
/>
		<POI MapID="27" xpos="-282.519" ypos="56.2953" zpos="163.061" type="mow.makers" GUID="VSjveHLSEkuXzHzzEktbkQ==" info="[36] Wow! Look at the Priory and its Bridge from here. An event with a veteran wurm can happen here. After you're done with helping Lyot, take the trail south to the Homestead and find Bearstone Shrine point of interest further South-West.

Beware of Frosmaw on your way!"
/>
		<POI MapID="27" xpos="-466.553" ypos="86.3272" zpos="-5.38262" type="mow.makers" GUID="x5q1BX8tR0SbklmMUGKffg==" info="[37] Continue further South until you reach Stonescatter Wayoint, then Olia's point of interest.

Next Marker will be at the waypoint."
/>
		<POI MapID="27" xpos="-423.552" ypos="50.3009" zpos="-155.637" type="mow.makers" GUID="UfhRRR9S9068Pd/o0XBvGQ==" info="[38] Do not look further South yet. Instead, look back at the mountains North-East, you  should see two gig- antic peaks. You want to head towards them.

Look out for a road that you will cross when going towards these peaks. Follow it to the north.

Next Marker at Afgar's Waypoint."
/>
		<POI MapID="27" xpos="-37.8991" ypos="102.655" zpos="146.325" type="mow.makers" GUID="OmfFvHt0O0eIT5Id7+jxig==" info="[39] Keep an eye out for Steam Insurgence Meta Event.

You can go on your journey through a cavern behind this homestead.

Next Marker at the other end of the cavern."
/>
		<POI MapID="27" xpos="86.7084" ypos="133.032" zpos="320.308" type="mow.makers" GUID="ibr33TDImk6jQ5rXGRyBLQ==" info="[40] Head straight East. On the other side of the Lake of Lamentation a bit higher in the mountains is Lamentation Waypoint.

This is where you find the next Marker."
/>
		<POI MapID="27" xpos="447.918" ypos="165.674" zpos="325.101" type="mow.makers" GUID="inXW4K7lBUKJnqQhIwBexA==" info="[41] If you did not see the Priory Bridge yet... By Grenth's teeth! What are you even doing here?!

If you did see this bridge. Then find a tunnel south and may Grenth shield you.

Next maker will at Its feet."
/>
		<POI MapID="27" xpos="441.73" ypos="125.192" zpos="-59.8396" type="mow.makers" GUID="ZDHEa/hetEeyiGHXZ19AfQ==" info="[42] The red portal? Nah... Get out the same way you entered. After that head West and do the Hero Challenge and get the Vista.

Next Marker at that Vista."
/>
		<POI MapID="27" xpos="144.906" ypos="159.969" zpos="6.37302" type="mow.makers" GUID="K34rLIztJ0SQS/tQnBct7A==" info="[43] On your way here, you might have seen a dredge tunnel. Go in there and get to the Southern exit. If you did not see the tunnel, you can jump ahead on the skarp rock, then find a way down the mountain.

Next marker West near at Rocklair point of interest in the Highfirn Passage."
/>
		<POI MapID="27" xpos="102.556" ypos="125.901" zpos="85.575" type="mow.makers" GUID="KzfLzUdWg0qSBv76H8Eu5A==" info="[43'] So you did see the tunnel! And you decided to pass through dredges?

What, did you though I would reward you?" />
		<POI MapID="27" xpos="76.1322" ypos="124.941" zpos="23.3463" type="mow.makers" GUID="ntNa//LcPUGBhurRrTbabQ==" info="[43'] Uh? Ok... When you'll be at False Lake, there will be two islands. One of pirates, and the other without anything on it. Go check on  top of this second Island at that time."
/>
		<POI MapID="27" xpos="69.6569" ypos="106.582" zpos="-47.9463" type="mow.makers" GUID="8I9/jYPjtEiZR94duLzD9Q==" info="[44] Next marker West near at Rocklair point of interest in the Highfirn Passage."
/>
		<POI MapID="27" xpos="-179.302" ypos="82.3967" zpos="-179.233" type="mow.makers" GUID="wp100hCaI0uuPM4hKMgUYg==" info="[45] There is an event with Imp at the Heart NPC a bit East.

NPCs in that camp will also tell you about a bridge being under attack. There can even be an escort to Molitage Digs! (if you catch this one, it's really cool!)

In anycase, Next Marker at the bridge the NPCs will point to."
/>
		<POI MapID="27" xpos="-71.2937" ypos="71.2356" zpos="-473.763" type="mow.makers" GUID="Dqt0A7zxTkSM1vbh7WIDSw==" info="[46] Do events on the bridge if there are ongoing. Else, Next Marker at the Molitage Digs. To find it, follow the road and take left at every crossroads. (look at your minimap, it will be easier to spot the crossroads!!!)

THE MARKER WILL BE ON THE ROAD"
/>
		<POI MapID="27" xpos="192.215" ypos="87.4134" zpos="-488.02" type="mow.makers" GUID="KI2fuDTABkGhb7nw7D1NOw==" info="[47] Here is Molitage Digs, if it is taken by Dredges, then it means an escort will be on its way here soon. You can just roam the road you just did back to the camp to find this escort and help.Else, just defend this place. When you are done, turn back to the previous crossroad, and go North to the Next Marker at Winterthaw Waypoint." />
		<POI MapID="27" xpos="416.479" ypos="112.549" zpos="-535.984" type="mow.makers" GUID="ShjyRwRnfUCSOKgEr8mwDg==" info="[48] Wait here for an event to start. Do the event chain.

If you've been waiting for too long (more than 15 minutes), then the event is probably bugged (as of now I have enc- ountered this bug once). Don't wait anylonger then. Next Marker at a destroyer cave Just a bit South-West of this camp.

Else, Next Marker at the end of the event Chain."
/>
		<POI MapID="27" xpos="241.288" ypos="82.1372" zpos="-619.022" type="mow.makers" GUID="JqKkNYwXDEyz+S0MTAPtCw==" info="[49] Exactly West from here is a Vista on a Mountain. Get to it and find next Marker!

REMEMBER: IF YOU FIND A CRANK GEAR KEEP IT UNTIL THE END PLEASE!!! "
/>
		<POI MapID="27" xpos="0.695766" ypos="138.353" zpos="-649.182" type="mow.makers" GUID="gojyU+exJEK4va4TiPxt0g==" info="[50] These two Islands on False Lake are beautiful indeed.

Go down this mountain and cross the bridge again. then continue West of the bridge.You will find Next Marker by the Hero Challenge."
/>
		<POI MapID="27" xpos="-344.615" ypos="43.4244" zpos="-429.901" type="mow.makers" GUID="X5VjW3DDKU2YhmdyLWKj9A==" info="[51] You will now visit Jetsam Isle South on False Lake. Before you get on the island, get the False Lake Waypoint just South of the hanging bridge.

Next Marker on the island."
/>
		<POI MapID="27" xpos="-248.368" ypos="23.669" zpos="-656.529" type="mow.makers" GUID="R2AusHmWFEOcglCHqmMPCA==" info="[52] Depending on the state of the Unlikely Pirate Meta, the Island can be full of foes or allies. In any case, I advise waiting for the event. While you wait you can do the Hero Challenge is the Quaggan Village East of the Island.

This also where you'll find Next Marker. In one of their underwater houses."
/>
		<POI MapID="27" xpos="-115.332" ypos="-18.4194" zpos="-637.654" type="mow.makers" GUID="EtInYcxSk0CZChuVIqZZPw==" info="[53] After you have done the Meta on the Island, you can go back to False Lake Waypoint and Head South. You will find other Pirates on your way.

Next Marker will be even further south at Demon's Maw Waypoint."
/>
		<POI MapID="27" xpos="-182.891" ypos="25.46" zpos="-799.874" type="mow.makers" GUID="G6f8PDG6S0eprBedQzILCg==" info="[53'] Hi! Look South-East, you will see a small cave with lights on the shore of the Lake. Go there where you'll find Next Marker."
/>
		<POI MapID="27" xpos="-117.793" ypos="5.06176" zpos="-929.284" type="mow.makers" GUID="7y7D2QxmTU65vjly/7GQtQ==" info="[53'] Return to the Island you just left and investigate the other shore of the Lake, underwater. Look for selk. And find what looks like ruins embedded in the side of the Lake, underwater.

Find a way through. Next Marker after that. If you decide to delay this adventure, don't forget you can also find a Marker on the other side of the Lake, South. At Demon's Maw Waypoint."
/>
		<POI MapID="27" xpos="-412.682" ypos="-0.88214" zpos="-757.043" type="mow.makers" GUID="MS/4OVOmjUqiv+R2Pi5Txg==" info="[53'] Well Done! I knew you could do it."
/>
		<POI MapID="27" xpos="-406.281" ypos="42.1092" zpos="-1188.4" type="mow.makers" GUID="RofgN9fWmUuFza+4Um6+AQ==" info="[54] Don't forget to also get the Vista a bit South. After that cross the bridge and follow the road North. Next Marker on another birdge."
/>
		<POI MapID="27" xpos="-167.553" ypos="32.2348" zpos="-1053.96" type="mow.makers" GUID="27X417RAKUyA8p2bLdAfhQ==" info="[55] Down there can happen an event to collect Dwarven artifacts. I advise to wait for it. While waiting you can get Guutra's Homestead Waypoint down the road north.

Next Marker will be at the end of the Darwven artifacts event chain. If you don't wait for it, just head straight East and find Vanjir's Waypoint."
/>
		<POI MapID="27" xpos="-78.7688" ypos="55.9207" zpos="-976.084" type="mow.makers" GUID="55iSP92l6UOt13DqewRtBg==" info="[56] If you are doing the event chain, do not let the NPCs die, or you'll have to restart from the collect... After you defend this point wait, the event still chains!"
/>
		<POI MapID="27" xpos="313.26" ypos="87.1489" zpos="-1165.06" type="mow.makers" GUID="EV9h9YT190yjVMc57UzBog==" info="[57] Follow NPCs for the end of the Event.
After that you have 3 things to do in order: 
1) Go along the cliffs South-West and find Wolfpaw point of interest. Next Marker there.

2) Find NPC near the homestead just there and launch its event. No Marker at the end, just come back here and do task 3.

3) Find a way to get to the Vista South of here.  Next Marker There."
/>
		<POI MapID="27" xpos="93.7326" ypos="88.6596" zpos="-1338.03" type="mow.makers" GUID="a+t3Or+k3U2A2Uh5c07k6A==" info="[57'] Continue straigh West. You will find an Asura Lab. Next Marker at the Lab. Near Heart NPC." />
		<POI MapID="27" xpos="-55.0573" ypos="67.456" zpos="-1266.97" type="mow.makers" GUID="V4o4yWt4xkerfRAnoFEcjg==" info="[57'] There is an event chain here starting with collecting components for an ettin-proof suit. I advise doing this chain. It ends by destroying the Ettin Crusher.

After that, go back to Vanjir's Stead. And do task 2." />
		<POI MapID="27" xpos="397.832" ypos="118.752" zpos="-1288.23" type="mow.makers" GUID="1goJZi41CUumYxsw4AFI0g==" info="[59] You are now going back to the Priory Bridge.

If you do it on foot, know you can find the Modus Sceleris North of Lost Delver's Ridge on a grass Plateau. And also West of the Reaper's Gate at the foot of the Vista. These are cool events to do.

When you are at Refuge Peak Point, there will be a passage East. 

Next Marker at the beginning of the passage." />
		<POI MapID="27" xpos="474.612" ypos="139.927" zpos="-1180.83" type="mow.makers" GUID="7VrmZBQ3vUC747USA14Wlw==" info="[58] Every new player has to go through the struggle of finding this Vista. But, you're doing quite well. Usually there is a Champion Ettin if you take left. This is also something new players often end up  doing, and die from: bring some friends!

Next Marker at the Vista."
/>
		<POI MapID="27" xpos="177.478" ypos="83.1027" zpos="-813.87" type="mow.makers" GUID="OFWANqHOXUKmWQiy6Vfqvg==" fadeFar="2000" info="[59'] The Modus Sceleris can be here. Cool Event to launch if available.

Normally you come from Vinjar's Stead and Next Marker for you is near Refuge Peak waypoint."
/>
		<POI MapID="27" xpos="326.852" ypos="106.684" zpos="-435.675" type="mow.makers" GUID="NvykFoXg8UG5KPzZVeZqMA==" info="[!] Turn back, spoilers ahead."
/>
		<POI MapID="27" xpos="415.325" ypos="123.411" zpos="-409.779" type="mow.makers" GUID="7TB09JEukEeqzNe+H6bZyw==" info="[!] Turn back, spoilers ahead."
/>
		<POI MapID="27" xpos="256.648" ypos="113.693" zpos="-364.697" type="mow.makers" GUID="RAWPD6Upp0OpPmM6KN4/vw==" info="[!] Turn back, spoilers ahead."
/>
		<POI MapID="27" xpos="269.63" ypos="112.925" zpos="-276.1" type="mow.makers" GUID="6F0U5ry+Zk6YZhLPZzPx9w==" info="[!] Turn back, spoilers ahead."
/>
		<POI MapID="27" xpos="248.428" ypos="109.891" zpos="-147.986" type="mow.makers" GUID="5jOTXWrL30W3E0ux/Q6gpA==" info="[!] Turn back, spoilers ahead."
/>
		<POI MapID="27" xpos="166.244" ypos="93.9734" zpos="-24.0756" type="mow.makers" GUID="/lO1Nra+DEiqOo1FScXykg==" fadeFar="2000" info="[59'] The Modus Sceleris can be here. Cool Event to launch if available.

Normally you come from Vinjar's Stead and Next Marker for you is near Refuge Peak waypoint."
/>
		<POI MapID="27" xpos="-170.594" ypos="92.1269" zpos="394.282" type="mow.makers" GUID="Fcp5Nc0Z8U+QrBnSf44nuQ==" info="[60] Do not go South if you never crossed Priory Bridge before. Else, if you come from Vanjir's stead, you can find the passage East.

Next maker on the passage."
/>
		<POI MapID="27" xpos="-155.2" ypos="98.1314" zpos="360.118" type="mow.makers" GUID="ssKHTogooEC/2XHOajQDBg==" info="[61] There you go. Keep going through the hollow passage.

When you are at Lake of Lamentation, go at the North-Western end of it. You will find Dragon's sculptures there, along with NPC Dremus.

Next Maker Near Dremus."
/>
		<POI MapID="27" xpos="352.838" ypos="117.226" zpos="624.541" type="mow.makers" GUID="zf3RGn1iL0qD8tZkIq7mSA==" info="[61'] Do not go there if you have not been told to speak with Dremus yet."
/>
		<POI MapID="27" xpos="390.172" ypos="117.535" zpos="639.729" type="mow.makers" GUID="LHcKIxRQeEqsZ55v64FQWQ==" info="[62] Here is the end of your journey through Lornar's Pass!
I hope it was a great one!

If you have a Gear Crank, you can speak to Dremus and he will launch an Event. The challenge would be to
achieve this event alone!

Good Luck and thanks for using this pack! See you on the next map.

-You can contact me in game under 'Euste Ylhes.1095'!"
/>
	</POIs>
</OverlayData>