<OverlayData>
	<POIs>
			<Trail trailData="Trails/Mount_Final.trl" animSpeed="0.5" alpha="1" type="mow.roads" fadeNear="500" fadeFar="1000"/>
		
		
		<POI MapID="39" xpos="-74.4066" ypos="14.5983" zpos="721.862" type="mow.makersstart" GUID="1gGlHxN+T0yQAymlH4bV0w==" info="[1] Hey! Here you are on Mount Maelstrom! Now, South is only Orr and the desolate landscape of a risen ancient civilisation... Which is why, we will enjoy this pretty map, one of my favorite, as well as we can!

I hope you're ready! Hide this Marker to read Marker 2!"/>
		<POI MapID="39" xpos="-74.4066" ypos="14.5983" zpos="721.862" type="mow.makers" GUID="mOdrq2mqvkKNKZly3E6vAQ==" info="[2] Welcome adventurer! Ready yourself. Head West first and find Next Marker on a bridge, not very far."/>
		<POI MapID="39" xpos="-177.623" ypos="5.37988" zpos="692.453" type="mow.makers" GUID="arr7Nv/+MUGztZNmWyBIlg==" info="[3] On the other side, go South (left) and find Drysdan, Next Marker will be near him."/>
		<POI MapID="39" xpos="-177.177" ypos="14.2086" zpos="574.46" type="mow.makers" copy="[&amp;BMMCAAA=], reinforce armor NPC" GUID="6M+Mi/EuO0SRgmK1ufhvqA==" info="[4] This place is special in the Heart of every adventurer. This is the place where you often see many downstate players. But, not you of course. Go get this point of interest just West. Do the gathering roots event if it is active, after that you will be able to buy useful potions to fight risens!

For Next Marker go West to Bard's Valley, near the reparis NPC at Breth Ayahusasca point of interest."/>
		<POI MapID="39" xpos="-389.102" ypos="0.768806" zpos="465.04" type="mow.makers" copy="[&amp;BMwCAAA=]" GUID="ljfDGOoVPEmQ+blJDsqlQA==" info="[5] There is an event here and around to drive off pirates or save their prisonners. You might also meet their Captain...

When you're done, head a bit North to Next Marker at Bard's Waypoint."/>
		<POI MapID="39" xpos="-421.111" ypos="51.6572" zpos="568.586" type="mow.makers" copy="[&amp;BI4GAAA=]" GUID="3XSMJdw/x0uFME5DZ2AWHg==" info="[6] Continue further West to find Next Marker at New Skrittstead point of interest."/>
		<POI MapID="39" xpos="-595.098" ypos="88.0961" zpos="547.343" type="mow.makers" copy="[&amp;BLoCAAA=]" GUID="U5As7hdX6E+BIMSS49a/Gg==" info="[7] There are two events to defend the Quandry Scratch. On the Eastern front, which you are coming from, risens will try to attack. On the Western front, you will have to fight the Nightmare Court.

For Next Marker you are heading to the Western front, at Evisomancer's Resort point of interest."/>
		<POI MapID="39" xpos="-814.307" ypos="59.9125" zpos="586.596" type="mow.makers" copy="[&amp;BMgCAAA=]" GUID="rbvr+8zq7UCOiC+dFZ3lMg==" info="[8] Well done! That's a nice start. Now, continue even further West to Govoran Waypoint."/>
		<POI MapID="39" xpos="-1076.94" ypos="37.4866" zpos="560.39" type="mow.makers" copy="[&amp;BMQCAAA=]" GUID="Yf3s2Wm1bEWM4OfTn+3Jjg==" info="[9] Follow the road South until you discover the ruins of an ancient asura settlement: Rata Pten.

Next Marker there, on the top of the ruins."/>
		<POI MapID="39" xpos="-1056.48" ypos="61.098" zpos="222.809" type="mow.makers" GUID="c1xOyQAmc0iGCJ9wr/E1Xw==" info="[10] What do you think happened here? Why and when did the Asuras come to the surface here, so far from Rata Sum? While you explore, be careful about the Giant Spider!

Cross the hanging bridge South and find Next Marker there near the campfire."/>
		<POI MapID="39" xpos="-999.254" ypos="51.9433" zpos="96.5543" type="mow.makers" GUID="Ma6yezvLSE+WyXDHN8hGoQ==" info="[11] Now you are to cross the canyon South. Use the roots as natural bridges to do so. Next Marker is on the other side between two palm tree, visible from afar."/>
		<POI MapID="39" xpos="-950.88" ypos="57.3228" zpos="42.2016" type="mow.makers" GUID="Zbygel0u8Umn6ebENmzRtw==" fadeNear="1400" fadeFar="1500" info="[12] Continue East to the cliff, Next Marker's there, visible from afar."/>
		<POI MapID="39" xpos="-886.393" ypos="57.6065" zpos="63.4524" type="mow.makers" GUID="W5GGpOUflUmAEmmz+IFZzA==" fadeNear="1400" fadeFar="1500" info="[13] Well done! You can continue East by climbing this rock and find Next Marker near Sootberme Vista.

If you are alone and novice, beware on your way of the Champion Skelk Lurker that often comes there to take a nap..."/>
		<POI MapID="39" xpos="-739.93" ypos="53.3603" zpos="49.39" type="mow.makers" copy="[&amp;BMsCAAA=]" GUID="VBdckyR9yUqXqGZTX6Lh2A==" info="[14] Down there Firebreak Fort is a nice spot where you can access a vendor, your bank and the black lion trading post! It's perfect to come back to when you need these conveniences and you don't want to go in a big city or hub.

For Next Marker head South to Spaecia Illogica Waypoint."/>
		<POI MapID="39" xpos="-725.678" ypos="59.8632" zpos="-198.036" type="mow.makers" GUID="1nfP1xT5N0qZhRdEYprC7w==" info="Here can happen an event chain starting with gathering corpse arts from undead in the swamp West.

[15] If you are here for the first time DO NOT WAIT FOR THAT. Instead continue South and find Next Marker near Pixtor, Heart NPC.

[18'] Else, wait for the event to start. When you will be done, continue North of the Swamp through the Canyon where Next Marker will be."/>
		<POI MapID="39" xpos="-813.487" ypos="34.524" zpos="-377.089" type="mow.makers" copy="[&amp;BMcCAAA=]" GUID="VfWfXN06EEm+dShRA5vX8w==" info="[16] Cross the bridge ahead towards West and get Murkvale Waypoint where is Next Marker."/>
		<POI MapID="39" xpos="-969.566" ypos="0.771051" zpos="-407.672" type="mow.makers" copy="[&amp;BMsCAAA=]" GUID="QvbrHCKlpUqjllivUfPxWQ==" info="[18] Here can start an event to solve the mystery of the haunted marsh. After the event follow the NPCs, they will come back to Spaecia Illogica Waypoint and start the event chain there. Next Marker at Spaecia Illogica Waypoint.

If the wait is a bit long, check North of the Swamp for the collecting corpses event which might already be active."/>
		<POI MapID="39" xpos="-1056.02" ypos="41.1012" zpos="-388.458" type="mow.makers" copy="[&amp;BJIGAAA=]" GUID="25KWfZyq+UWP2mmoo6Fndg==" info="[17] Next Marker is at Aliyana's Haunt point of interest down in the swamp. Explore a bit the Southern parts to get Gloomirk Outpost point of interest and the Hero Challenge before you go to Aliyana's Haunt."/>

		<POI MapID="39" xpos="-1016.16" ypos="16.6333" zpos="-0.795825" type="mow.makers" copy="[&amp;BKcGAAA=]" GUID="Tmd559gp1E+YICsUHhpl5g==" info="[19] Go through the Canyon North until you meet Next Marker."/>
		<POI MapID="39" xpos="-965.115" ypos="18.1595" zpos="133.848" type="mow.makers" GUID="8OoaJ+fLckWRdPGVBH2N/w==" info="[20] If you are heading South, this is not the intended way... Else, continue your exploration by reaching Next Marker at Rata Pten Vista just North."/>
		<POI MapID="39" xpos="-923.556" ypos="66.8328" zpos="222.294" type="mow.makers" copy="[&amp;BMkCAAA=]" GUID="3vrMX7DUKk6H8NNZouMrAg==" info="[21] Turn back to get Criterion Waypoint where Next Marker will be!"/>
		<POI MapID="39" xpos="-903.992" ypos="73.0491" zpos="362.909" type="mow.makers" copy="Portal at the end of the Keeper of Earth event" GUID="f0z5lRpbgUeBQs7Z61QjYg==" info="[22] Whoooo! In the valley just down South-East is Next Marker. You are now waiting for an event called Keeper of Earth which will happen there. Next Marker at the end of the event, near a portal!!!

The waiting is at most 15 minutes. While you wait, why don't you try to climb to the very top of the Govoran Terraces?"
/>
		<POI MapID="39" xpos="-931.052" ypos="137.979" zpos="464.198" type="mow.makers" GUID="DSyH439EDEafbqzUM1rUQw==" mapVisibility="0" info="[22'] So. I can't make you climb all the way up there and give you nothing...
Here is something for you then: there is a small hole in the cliffs exactly North of [Govoran Waypoint]!"
/>
		<POI MapID="39" xpos="-99.5947" ypos="78.1427" zpos="12.1035" type="mow.makers" copy="[&amp;BLcCAAA=]" GUID="SKvnI/7i8kqsNm/lcC1EEg=="  info="[23] Now isn't this map getting a bit exciting?

Let's head North to Gorlois Spine point of interest where Next Marker will be."/>
		<POI MapID="39" xpos="-115.633" ypos="61.3593" zpos="130.891" type="mow.makers" copy="[&amp;BKgGAAA=]" GUID="LDVtvnpm/k+eZE+BcAi+IQ==" info="[24] Let's now cross the Ashen Waste toward South-West and climb the sides of Mount Maeltrom. You are looking for the Maelstrom's Core Vista there. This is where Next Marker awaits you."/>
		<POI MapID="39" xpos="-346.643" ypos="230.468" zpos="-108.927" type="mow.makers" copy="[&amp;BMUCAAA=], among research lab devices" GUID="2KoIL9xN20i3vuUEGVfCtw==" info="[25] Down in the Core happens a World Boss. You can keep an eye on it looking for the Giant Destroyer using '/wiki wb'.

For Next Marker, turn back and bypass the Mount East. You are looking for Herot's Ascent Point of Interest. The Marker is among research lab devices."/>
		<POI MapID="39" xpos="-88.779" ypos="51.8902" zpos="-248.306" type="mow.makers" GUID="KnvAocKVJEO8BnN4i1fWHw==" info="[26] Well done! This one was not easy to find.

For Next Marker continue South into these caves."/>
		<POI MapID="39" xpos="-164.737" ypos="16.5931" zpos="-445.606" type="mow.makers" copy="[&amp;BMYCAAA=], find Geitt" GUID="YTTFkMoYvUeU8/gysTvhew==" info="[27] For you first time here, continue South. You will find Next Marker near NPC Geitt at Theurgic Volute point of interest."/>
		<POI MapID="39" xpos="-167.151" ypos="16.6443" zpos="-576.377" type="mow.makers" GUID="0NEYABemaEi8yVhLfom9BA==" info="[28] Take these stairs, Next Marker at their top."/>
		<POI MapID="39" xpos="-168.139" ypos="73.4387" zpos="-608.912" type="mow.makers" copy="[&amp;BNYCAAA=]" GUID="eRaJVpxnAUCNCdfT1nQgxQ==" info="[29] Next Marker at Magmatic Waypoint."/>
		<POI MapID="39" xpos="-436.121" ypos="90.8434" zpos="-518.11" type="mow.makers" copy="[&amp;BM8CAAA=]" GUID="9bjuL7rJ2kmFohzyxv9fDQ==" info="[30] Next Marker at Avernan Waypoint."/>
		<POI MapID="39" xpos="-16.6507" ypos="77.4712" zpos="-313.96" type="mow.makers" GUID="DhP3pkUUpEuK0Y6cCRlS+A==" info="[31] Next Marker near a chest defended by a Veteran Cave Troll, in this area."/>
		<POI MapID="39" xpos="-100.168" ypos="76.8317" zpos="-303.827" type="mow.makers" copy="[&amp;BJUGAAA=], Boiling-Hot Magma." GUID="n371Con5aUGGDMeOmPLaHA==" info="[32] So, was it hard? Not so much I guess... Yea, well. If you're up for a challenge, Next Marker is near the Hellmouth Falls point of interest at some Boiling-Hot Magma."/>
		<POI MapID="39" xpos="-244.364" ypos="132.082" zpos="-427.7" type="mow.makers" GUID="MSeK+1T7xkGQcFvbeR7c+g==" info="[33] Ooooh! More exciting things on this map! 

If you want a real challenge, drop:
-> A Burning Ember
-> A Heart of Fire
-> A Heart of Darkness
-> A Fragment of Earth
On the Veteran monsters situated between the Magmatic and the Avernan Waypoints. Once you have them all in your inventory come back here and interact with the Magma. Find allies. GOOD LUCK!

Next Marker at the entrance of the Magmatic Conjury."/>
		<POI MapID="39" xpos="-460.031" ypos="90.8208" zpos="-478.982" type="mow.makers" GUID="6qzIXQ+b1EGV/jbZA/p7OA==" info="[34] For Next Marker get turn back and get outside of this cave. Near heart NPC Blork is a canyon. Find a natural way to get down there.

Next Marker is at the beginning of the slope going down."/>
		<POI MapID="39" xpos="-390.549" ypos="83.9446" zpos="-584.701" type="mow.makers" GUID="kTdxVptemUS8laJA5bKUSQ==" info="[35] Go down this slope and always take left. Next Marker on your way."/>
		<POI MapID="39" xpos="-322.185" ypos="22.8565" zpos="-581.265" type="mow.makers" copy="[&amp;BM0CAAA=]" GUID="XEK1rurFYE2CeuZkyUU1iw==" info="[36] Now it's straight forward to Maelstrom's Waypoint, where Next Marker is."/>
		<POI MapID="39" xpos="-306.096" ypos="10.1266" zpos="-289.125" type="mow.makers" GUID="//2DtYYAvkGZMjptGrFxaA==" info="[37] This is the place where the Meta Event associated to the World Boss Happens. Take a look at the next occurence, and wait, or go ahead: explore the core and find the other exit North.

Next Marker at the other exit, North."/>
		<POI MapID="39" xpos="-425.159" ypos="52.1465" zpos="-117.03" type="mow.makers" GUID="suI2yQL/6kipdnCIqVnxLA==" info="[38] Continue North, Next Marker outside of the Volcano."/>
		<POI MapID="39" xpos="-466.148" ypos="71.6836" zpos="90.9169" type="mow.makers" copy="[&amp;BLgCAAA=]" GUID="H4BQ02ghGEamJYEoLJhd2Q==" info="[39] If you are entering the cave, this is not intented in the tour. Else, if you are getting out, well done!

Continue towards North-East to reach Venomblight point of interest, where you will find Next Marker."/>
		<POI MapID="39" xpos="-390.45" ypos="70.807" zpos="202.801" type="mow.makers" copy="[&amp;BM4CAAA=]" GUID="kZucN9G+Oka61sGx5Iz9vQ==" info="[40] Continue is the same overall direction (North-East), to reach Next Marker at the Ashen Waypoint."/>
		<POI MapID="39" xpos="-198.569" ypos="62.549" zpos="303.422" type="mow.makers" GUID="htwd93hGI0yVjEr2jY4TRw==" info="[41] Bypass these rocks to go further East. You will find the Broken Arrow River, whose stream you will follow.

Next Marker downstream of the Broken Arrow River."/>
		<POI MapID="39" xpos="-6.03711" ypos="-0.42567" zpos="312.845" type="mow.makers" GUID="GrBnCZBG60OkRsyzbV/AkQ==" info="[42] Follow the river and stay on the left side. Next Marker is at the beginning of a hanging bridge."/>
		<POI MapID="39" xpos="178.502" ypos="5.92409" zpos="203.357" type="mow.makers" copy="[&amp;BNECAAA=]" GUID="WQbxxz0xGkCq06Nr8pv1tQ==" info="[43] Cross this bridge! Next Marker at the other end... near Oxbow Isle Waypoint."/>
		<POI MapID="39" xpos="190.674" ypos="3.68713" zpos="35.1374" type="mow.makers" copy="On top of the Island South of Oxbow Isle." GUID="CBNwRGriy026vcs6ShfIxA==" info="[44] Continue further South, on the Next Island. Climb to its top, to find Next Marker."/>
		<POI MapID="39" xpos="216.356" ypos="38.036" zpos="-160.257" type="mow.makers" GUID="PNI5ms7Fqk+Frgxws8HNrg==" info="[45] And South again, through the Treacherous Depths! Follow the Western Coast to find a way back to Avernan Volatile.

Next Marker at the beginning of the road going up to Avernan Waypoint."/>
		<POI MapID="39" xpos="111.837" ypos="6.67588" zpos="-409.093" type="mow.makers" GUID="YlH7k+/wyU2ZI3AkhR3NGA==" info="[46] Follow this road to find Next Marker."/>
		<POI MapID="39" xpos="-0.927342" ypos="62.1483" zpos="-205.839" type="mow.makers" copy="Wait for the Keeper of Light event, South of [&amp;BLcCAAA=], get into the portal" GUID="A4mXdjI5JEajcwFwx/2eWw==" info="[47] If you are trying to go through this road down to the water, this is not the intented tour. If you are coming from the water then, continue a bit North, back in the Ashen Waste.

You will wait there for the Keeper of Light to appear South of Gorlois Spine and get into the portal."/>
		<POI MapID="39" xpos="650.822" ypos="22.2866" zpos="-474.989" type="mow.makers" copy="Find a campfire in the [&amp;BLUCAAA=]" GUID="+6in5cwtbkW20g3CPk4+Tw==" info="[48] Next Marker, in the Tzanopl Grounds South, near a campfire."/>
		<POI MapID="39" xpos="721.234" ypos="58.8274" zpos="-663.826" type="mow.makers" copy="[&amp;BLsCAAA=]" GUID="YvhJ7blTu0mjtizN8AsyGw==" info="[49] Get the Vista, and head West to the Stychs and find Next Marker near Malxa Pyronetics point of interest."/>
		<POI MapID="39" xpos="505.122" ypos="12.5477" zpos="-559.609" type="mow.makers" copy="[&amp;BNICAAA=]" GUID="8RQYyKb4mUW/8uu2QX3txQ==" info="[50] If you find two keys on the local inquest you might be able to activate this cannon...

After you are done here, head North to Next Marker at Irwin Isle Waypoint."/>
		<POI MapID="39" xpos="440.335" ypos="17.1123" zpos="-352.613" type="mow.makers" GUID="m03lc0zU00e9hDPdQ8/8Ew==" info="[51] Go West and find Next Marker in the Treacherous Depths, near the Hero Challenge."/>
		<POI MapID="39" xpos="239.438" ypos="-57.1208" zpos="-392.898" type="mow.makers" copy="Find the highest point of the Krait Structure in the Mire Sea." GUID="3HMVmBVft0eAWTTpxYu3vw==" info="[52] An event to Help Yius defeat risen krait hypnoss, Sarsiss, might start around here. I advise to do it.

While waiting you can do the hero challenge.

Next Marker is in the area of the Mire Sea, at the highest point of the Krait Structure."/>
		<POI MapID="39" xpos="553.04" ypos="65.1515" zpos="-237.957" type="mow.makers" copy="In the Sunken Droknah, near the Quaggan Mayor." GUID="htqbd4trkU2B7yvPCt4FFg==" info="[53] Head North. To the Sunken Droknah. Next Marker there, under kelp, and near the Quaggan Mayor."/>
		<POI MapID="39" xpos="607.056" ypos="-52.6232" zpos="35.6816" type="mow.makers" copy="[&amp;BJEGAAA=], wait for the Keeper of Water" GUID="nIZddyBo5kamWX6EgLZIww==" info="[54] Fooooo! Well dooooone! Continue exploring East then North. You are looking for Mosstide Walfts point of interest where you will find Next Marker and wait for the Keeper of Water to appear."/>
		<POI MapID="39" xpos="267.235" ypos="0.506406" zpos="295.133" type="mow.makers" GUID="XYFZ+TcHEU2I2b+TN0nfGw==" info="[55] If you are looking for the Keeper of Water, you are in the right place! Wait for it to appear, this takes at most 15 minutes. After that enter its portal.

If you have already fought the Keeper of Water and are returning here, continue East. You will find a pass to the West. Next Marker is at the pass. "/>
		<POI MapID="39" xpos="120.166" ypos="55.2118" zpos="382.85" type="mow.makers" GUID="gry5jUiP50yhR4QMbU6qRw==" info="[56] Head straight North and look for a cave toward East. Next Marker at the entrance of that cave."/>
		<POI MapID="39" xpos="82.9774" ypos="27.7359" zpos="670.339" type="mow.makers" copy="[&amp;BNMCAAA=]" GUID="TvjUd1L+E0O+7s55KuxCAw==" info="[57] Go through this cave to reach Next Marker at Gallant's Folly point of interest, near the Gauntlet Waypoint."/>
		<POI MapID="39" xpos="302.546" ypos="55.6092" zpos="661.709" type="mow.makers" copy="Follow the Meta to [&amp;BEIFAAA=]" GUID="iA6/FqzYrE2QhkCDFBbahQ==" info="[58] A Meta Event takes place in this area. It starts by defending this place against trolls and goes on to break into infinity coil.

I advise waiting for this Meta. Next Marker is at the Infinity Coil, near the Crucible of Eternity Waypoint."/>
		<POI MapID="39" xpos="764.972" ypos="11.8018" zpos="443.646" type="mow.makers" copy="[&amp;BMICAAA=], near a golem" GUID="zLkZBU6jHk2wEUfNfU6fLQ==" info="[59] At the periphery of this inquest facility, in the corners of the hexagon, are Zones. What are they refering to? I'm letting you find that out.

Next Marker will be in Zone Blue, near the evacuation assistant golem."/>
		<POI MapID="39" xpos="768.272" ypos="15.9463" zpos="242.43" type="mow.makers" GUID="CuYOtnmiUkSQF6uUkb6bEg==" info="[60] Speak to the golem and get out. Next Marker out."/>
		<POI MapID="39" xpos="773.259" ypos="11.5145" zpos="207.421" type="mow.makers" copy="[&amp;BJgGAAA=], in the pond just South" GUID="+vX3Bd3BxEKpOG/dnED//w==" info="[61] Continue South-West to find the Lonatl Grounds, and see how inquest research affected the area... Next Marker in the pond near there."/>
		<POI MapID="39" xpos="1134.7" ypos="3.42538" zpos="37.4606" type="mow.makers" copy="[&amp;BNQCAAA=], near reinforce armor NPC" GUID="cUAWwlDhCEKUYuUvdN0XqQ==" info="[62] An event involving a World Boss takes place just West at the Observation Platform XKV. You may want to check for golem Mark II. it starts by disabling the containers before they release their toxins.

Next Maker is further South at Old Sledge Site Waypoint, a Sylvari camp, near the reinforce armor NPC."/>
		<POI MapID="39" xpos="913.946" ypos="15.3447" zpos="-178.122" type="mow.makers" GUID="B88730DXfUqeYpKiDkvzMg==" info="[63] Get the Vista South where Next Marker will be!"/>
		<POI MapID="39" xpos="817.421" ypos="34.1784" zpos="-235.549" type="mow.makers" GUID="4+SQvgwiWUG+Dst3zslYaw==" info="[64] In the water South can happen an event chain starting by harrassing inquest workers at the aquabase. I advise bringing friends to survive the full chain of events.

Next Marker upon the biggest building of the aquabase."/>
		<POI MapID="39" xpos="889.252" ypos="-27.5804" zpos="-366.136" type="mow.makers" copy="[&amp;BNUCAAA=]" GUID="beW+evonXUOQdvYqv6sSzA==" info="[65] Continue South-East. You are looking for Judgment Waypoint at Jugment Rock "/>
		<POI MapID="39" xpos="1060.06" ypos="1.03049" zpos="-610.396" type="mow.makers" copy="Enter the Keeper of Winds portal after defeating it, North of [&amp;BLUCAAA=]" GUID="8GtYEGXwRE+CyMuUUTGDWA==" info="[66] Imagine what is further South-East... Maybe one day will we be able to go there?

For Next Marker, head East, and find the Keeper of Winds North of the Tzanopl Grounds. Enter its portal after you defeat it!"/>
		<POI MapID="39" xpos="1015.02" ypos="22.3444" zpos="423.429" type="mow.makers" GUID="R9wKy26x5UyaTD5odWf1aA==" copy="Get Light Element, Use the Portal of Wind" info="[] Portal of Light (JP-Light)

When you reenter this zone by this Portal, get the Light element and keep it in your inventory.

Then get out using the Portal of Wind."
/>
		<POI MapID="39" xpos="1099.81" ypos="0.75612" zpos="345.565" type="mow.makers" copy="Get the element of water, then use the portal of water" GUID="3NL8VdTpb0ypa/jyt0OAPw==" info="[] Portal of Water (JP-Water)

Hey! Get the Water Element and then come back here to get out by the same portal you entered: portal of Water."
/>
		<POI MapID="39" xpos="1031.02" ypos="25.4402" zpos="582.281" type="mow.makers" copy="Get the Wind Element" GUID="ANJPsGXAokG4q/eU3a5LGg==" info="[] Portal of Wind (JP-Wind)

When you re-enter this zone by this portal, get the Wind element and you should be all set to open the chest!"
/>
		<POI MapID="39" xpos="1154.98" ypos="17.5652" zpos="577.969" type="mow.makers" GUID="ZIzEeRsCeUqvb+rG3Fwf5A==" copy="Get earth element, then use the Portal of Light" info="[] Portal of Earth (JP-Earth)

The idea of this place is to gather 4 elements to open a chest. This time, you will get the earth element, KEEP IT IN YOUR INVENTORY
until the end of this map tour.

Then find the Portal of Light, to continue." />
		<POI MapID="39" xpos="-841.634" ypos="49.4016" zpos="321.616" type="mow.makers" GUID="6//PtAFOxEqHCz3kHWsIXg==" info="[] Kill the Earth Keeper and enter the portal that will open here. See you at the other end!"
/>
		<POI MapID="39" xpos="1068.06" ypos="112.35" zpos="680.158" type="mow.makers" GUID="MtFyntIVMEaiFw/MYVFpGA==" info="WELL DONE! You are at the END of this map tour! I hope this was great! :D

Take some time to enjoy the view and calm atmosphere here. You should have all four elements in your inventory now, so... You can you to the tree at the center of this area and open the chest!

I guess I see you again in the Straits of Devastation? In anycase thank you for using this pack.

Do not hesitate to send feedback on github, or in game at [Euste Ylhes.1095].
BYE!!!"/>
	</POIs>
</OverlayData>
