<OverlayData>
	<POIs>
		<Trail trailData="Trails/Malchor_0.trl" animSpeed="0.5" alpha="1" type="mow.roads" fadeNear="500" fadeFar="1000"/>
		<Trail trailData="Trails/Malchor_1.trl" animSpeed="0.5" alpha="1" type="mow.roads" fadeNear="500" fadeFar="1000"/>
		<Trail trailData="Trails/Malchor_2.trl" animSpeed="0.5" alpha="1" type="mow.roads" fadeNear="500" fadeFar="1000"/>
		<Trail trailData="Trails/Malchor_3.trl" animSpeed="0.5" alpha="1" type="mow.roads" fadeNear="500" fadeFar="1000"/>
		<Trail trailData="Trails/Malchor_4.trl" animSpeed="0.5" alpha="1" type="mow.roads" fadeNear="500" fadeFar="1000"/>
		<Trail trailData="Trails/Malchor_5.trl" animSpeed="0.5" alpha="1" type="mow.roads" fadeNear="500" fadeFar="1000"/>
		<Trail trailData="Trails/Malchor_6.trl" animSpeed="0.5" alpha="1" type="mow.roads" fadeNear="500" fadeFar="1000"/>
		<Trail trailData="Trails/Malchor_7.trl" animSpeed="0.5" alpha="1" type="mow.roads" fadeNear="500" fadeFar="1000"/>
		<POI MapID="65" xpos="1172.46" ypos="54.3339" zpos="-256.287" type="mow.makers" GUID="ul9RexsTAESE6Fa6zyMzQA==" info="[1] Malchor's Leap! After the Straits of Devastation, this zone is all about invadind Orr. However, instead of an invasion with three lanes as in the previous zone, you are here simply invage from East to West through one main road. Along the way, you will find two temples to the Gods: Lyssa and Dwayna. One of your questions at this point might be: who's Malchor? Maybe you want to make a detour by Divinity's Reach and interact with some statues of the Gods there?

You are now within the area of Pact Troops, move out! Meta Event. Wether or not there is something to do for this Meta, you will start your journey walking down the main road and reach Next Marker at the Wreck of the Quashvian point of interest.

Enjoy you push towards the heart of Orr, good luck, and bring friends!" copy="at [&amp;BKECAAA=]" />
		<POI MapID="65" xpos="862.877" ypos="46.9182" zpos="-288.095" type="mow.makers" GUID="KN3ciz/670iCBhbyYNRLHw==" info="[2] The forces of the Pact usually also follow this road to join the Eastern Colonnade further down the road. Often times also, the Eastern Colonnade is besieged by swarms of Risens. Thus, keep going down the road but find Next Marker before arriving to the Eastern Colonnade, in front of a tent where you'll also the find the brave NPCs Tepp and Rathespen.

Before you go there, you can try to tour around here and find Researcher Nethry, she has interesting things to say on Orr." copy="in front of a tent South of [&amp;BIkCAAA=]" />
		<POI MapID="65" xpos="791.842" ypos="32.0832" zpos="-224.797" type="mow.makers" GUID="yElRe0o9KUiKl70565BECg==" info="[3] It is very likely that the Eastern COlonnade just North has been invaded by Risens. In that case, you definitely want to reclaim the position to help the Pact progressing further into Orr. To that purpose, don't hesitate to bring a friend.

Next Marker at the Eastern Colonnade, next to a reinforce armor NPC." copy="next to a reinforce armor NPC at [&amp;BIkCAAA=]" />
		<POI MapID="65" xpos="749.628" ypos="45.7651" zpos="-119.044" type="mow.makers" GUID="FpGA0RARYkmF9hgzfsHySA==" info="[4] Before you go for Next Marker, you could explore the river just West. You want to stay in the region within the two bridges (the Northern one is the Eastern Colonnade one, and there is another further South). Some say that audacious adventurers have never been seen again after venturing in these waters. Only the Gods know what happened to them and what they might have discovered...

When you're done, head further North next to the Hero Challenge at Shark's Tooth Isle. If you see a Giant Drake, you might want to keep your distances..." copy="next to the Hero Challenge at [&amp;BIgCAAA=]" />
		<POI MapID="65" xpos="686.406" ypos="24.6414" zpos="141.697" type="mow.makers" GUID="DzpV+XZhg0CVAgoSdTHtnw==" info="[5] Further South on this Island the Pact is trying to reduce the population of risen drakes in the area. However, it is not certain that destroying their eggs is making them happier then ever.

For Next Marker head East to the Wealdwood point of interest." copy="at [&amp;BI4CAAA=]" />
		<POI MapID="65" xpos="914.488" ypos="44.7238" zpos="227.42" type="mow.makers" GUID="iAq1fy+yGUm3vGf2e32KYQ==" info="[6] Very strange place. It reminds us that Orr was once a beautiful continent shining with gold and wealth. This sumptuous land sank and risen from the depths of the ocean has lost most of its ancient aura, and yet this strange hill remains... One wonders what kind of magic is it that can last for such a long time?

But you're not the only one wondering! The Inquest is everywhere, and so here it is. Don't let them harm this place, and don't take the risk of the Inquest being master of such power.

Tour the place to find Next Marker at the Upsilon Test Facility, next to a chest." copy="next to a chest at [&amp;BJACAAA=]" />
		<POI MapID="65" xpos="1034.65" ypos="-11.2379" zpos="353.204" type="mow.makers" GUID="dpvj0Bit8U6mMuT431VlKA==" info="[7] Continue South in the creek to reach Waste Hollow Waypoint, where you'll find Next Marker." copy="next to [&amp;BKgCAAA=]" />
		<POI MapID="65" xpos="1035.64" ypos="6.98039" zpos="71.9699" type="mow.makers" GUID="MPp3qNMreUWOHnik0cdwgg==" info="[8] Keep going South. You are haeding to Shelter Docks point of interest0

On you way you might still want to pay attention to the Inquest." copy="at [&amp;BJsCAAA=]" />
		<POI MapID="65" xpos="990.617" ypos="51.2838" zpos="-104.503" type="mow.makers" GUID="pEXtuD5GK0KHa3kAqJEKSw==" info="[9] There are a lot of information on Orr and its history in this Camp. If you like to, you can definitely check all this out! To test you out on this material Quiz Terminals are spread out around the Camp.

To the East is a long corridor leading to Kitah Manse. Next Marker will be in the basement of the Manse. There can be an event in the Manse... But it is very rare as at the end of this event the NPCs usually get stuck in the basement and the event can never start again." copy="in the basement of [&amp;BI8CAAA=]" />
		<POI MapID="65" xpos="1186.44" ypos="9.29405" zpos="-91.0294" type="mow.makers" GUID="hk9K2bxsy0mc6FBJT/G00w==" info="[10] For Next Marker go back to Shelter Docks and reach the Vista just South of there." copy="next to Vista [&amp;BLMGAAA=]" />
		<POI MapID="65" xpos="949.764" ypos="86.5902" zpos="-186.126" type="mow.makers" GUID="01QdEf4nnEmxX3/xqJj/pw==" info="[11] Go on by reaching ancient farms at Alarjann Bayt point of interest, East." copy="at [&amp;BI0CAAA=]" />
		<POI MapID="65" xpos="1136.81" ypos="46.7409" zpos="-186.275" type="mow.makers" GUID="dJZ/F/9MlEGFt5ZuUFkTRw==" info="[12] For Next Marker, go to Pagga's Post, South. Here is a Poem by Vance Palmer, just for you:
''Will they never fade or pass!
The mud, and the misty figures endlessly coming
In file through the foul morass,
And the grey flood-water ripping the reeds and grass,
And the steel wings drumming.

The hills are bright in the sun:
There's nothing changed or marred in the well-known places;
When work for the day is done
There's talk, and quiet laughter, and gleams of fun
On the old folks' faces.

I have returned to these:
The farm, and the kindly Bush, and the young calves lowing;
But all that my mind sees
Is a quaking bog in a mist - stark, snapped trees,
And the dark Somme flowing.''" copy="next to reinforce armor NPC at [&amp;BKYCAAA=]" />
		<POI MapID="65" xpos="1016.07" ypos="30.9919" zpos="-403.248" type="mow.makers" GUID="9/aCA+zzgUSvb6GoYO7MDg==" info="[13] You are here waiting for Pact forces to start walking towards Hope Falls. In most cases, this event takes place fairly often, however I have experienced sometimes when the event never starts. If you've been waiting for too long, head directly to the West and find Next Marker next to the Valley of Lyss Waypoint." copy="next to [&amp;BKoCAAA=]" />
		<POI MapID="65" xpos="605.992" ypos="47.3099" zpos="-400.122" type="mow.makers" GUID="rZ8RVmppP0SN91VLV7bD4g==" info="[14] If you are doing the event and have just established a Pact camp here, then you will be able to keep going with an escort to Wren.

Next Marker at Wren, near the reinforce armor NPC." copy="next to the reinforce armor NPC at [&amp;BKQCAAA=]" />
		<POI MapID="65" xpos="150.762" ypos="43.6218" zpos="-116.369" type="mow.makers" GUID="qSt+VbXL8Ee87P7ZlGsOog==" info="[15] You've already helped the Pact pushing through half of Malchor's Leap! Help them keep this place under control.

When you're ready go up the big struture that is the Temple of Lyssa. Next Marker next to Lyssa Waypoint." copy="next to [&amp;BK0CAAA=]" />
		<POI MapID="65" xpos="479.369" ypos="95.1647" zpos="149.011" type="mow.makers" GUID="sA37xQqL4UebCkkvzBd86Q==" info="[16] You are now within the area of the Temple of Lyssa Meta Event. For this Meta event, a Priesstess will appear in the middle of the Temple. She will rise a shield around her protecting her from any attacks. Your goal is first to disable the shield. For that purpose you can head to three peripheral areas of the Temple and perform a set of tasks. Once done, the Priestess becomes vulnerable and you can head to the center of the Temple to fight her. Note that she has a daze mechanic based on if you're facing her or not, look under her health bar!

Tour the Temple right know to unlock everything you need to. Then find Next Marker at the Vista near Wren Village." copy="next to Vista [&amp;BLQGAAA=]" />
		<POI MapID="65" xpos="91.1684" ypos="84.4854" zpos="-8.94223" type="mow.makers" GUID="B9MSKOqoxUajxWrCkuJG3g==" info="[17] Dhuum was the God of Death. Once upon a time Dwayna also had an half-god son with a mortal sculptor. This son of Dwayna was named Grenth. Along with seven mortal, Grenth once defied Dhuum for He was a brutal God. The battle took place in the Ossuary down there, and Dhuum got defeated, his power tranferred to the new God of Death: Grenth.

On another note, next to the tent down below is Byanca. After helping her collecting spectral weapons, I don't think she will be able to restrain her thirst for ommonberries ale.

For Next Marker you have to find a grotto under the Temple of Lyssa." copy="next to a karma vendor at BOsEAAA=[&amp;]" />
		<POI MapID="65" xpos="316.671" ypos="3.48541" zpos="193.725" type="mow.makers" GUID="/3B3EZXhI0O8lm9YMnxUig==" info="[18] Ooow! This was not that easy to find!

For Next Marker go out of here using the same way as submarines did to come in. Then swim North towards Mirror's Handle point of interest. On you way, admire the scale of the Temple of Lyssa from the sea. When you'll reach Mirror's Handle, be cautious about the risen Hyleks! If the petmaster is roaming, be extra cautious and bring a friend.

Next Marker even further North at the Vista." copy="next to Vista [&amp;BLIGAAA=]" />
		<POI MapID="65" xpos="528.409" ypos="34.0669" zpos="569.214" type="mow.makers" GUID="cpJL6CU52keL4/N3RH6sFw==" info="[19] For Next Marker you are going to Beacon Torch point of interest. You are looking for Next Marker around there under an enormous shell. You may want to bring some allies along with you!" copy="under an enormous shell at [&amp;BIoCAAA=]" />
		<POI MapID="65" xpos="54.4876" ypos="107.556" zpos="290.306" type="mow.makers" GUID="VPlQiW75NESEMbeToAZEGw==" info="[20] That was hard! Well done! Now, dive to the waters down the cliff and swim West for a while until you reach Mumur Waypoint." copy="next to [&amp;BK8CAAA=]" />
		<POI MapID="65" xpos="-328.632" ypos="2.38028" zpos="278.86" type="mow.makers" GUID="Sy0cZdE1hk+pxpR9siTiVQ==" info="[21] Two event chains can happen here:

1) The first one starts a bit South, in a Quaggan village underwater. It has a Largos;

2) The second one start right here when Feldera leave to the East to subdue proto-golems at the Inquest facility underwater East. It then has a bit of a hold during and restarts at the Blighted Arch Waypoint. And it goes on after that.

I advise doing event chain 2). For that purpose, Next Marker is next to the Blighted Arch Waypoint." copy="for Marker [22 ]next to [&amp;BK4CAAA=]; for Marker [23] on the shores of Jinx Isle West, near a crashed helicopter" />
		<POI MapID="65" xpos="-32.9569" ypos="36.5945" zpos="28.2696" type="mow.makers" GUID="QE4QhI3vkUexcEv/UjSEeg==" info="[22] When you will be done with the event chain at the Omicron facility, you can head West of Murmur Isle and look for a crashed helicopter on the shores of Jinc Isle. Next Marker next to the helicopter." copy="next to a crashed helicopter on the shores West of [&amp;BJoCAAA=]" />
		<POI MapID="65" xpos="-511.46" ypos="3.87546" zpos="380.308" type="mow.makers" GUID="TOBAaALBkEuAnOvbkpLUJg==" info="[23] You may find the team that was in the helicopter just here, ready to start a quest. If not, look at the state of Bashing Bauxite Alchemnicals Meta Event. You will want to join in.

While doing the Meta, Next Marker at Versoconjouring Waypoint." copy="next to [&amp;BLECAAA=]" />
		<POI MapID="65" xpos="-763.41" ypos="-42.127" zpos="384.043" type="mow.makers" GUID="WVqs195HZE6Fo41Vy3K84A==" info="[24] Keep going with the Meta, Next Marker in front of a Gate at Versoconjouring Array." copy="in front of a portal at [&amp;BP0EAAA=]" />
		<POI MapID="65" xpos="-844.636" ypos="-32.0672" zpos="292.566" type="mow.makers" GUID="I6hE33xKH0GxXNLXav4Amg==" info="[25] Well done!
Now enter this portal! Next Marker at the other end." copy="enter the portal" />
		<POI MapID="65" xpos="-691.472" ypos="3.21571" zpos="151.325" type="mow.makers" GUID="qEU4u5eR2UKycow9s5BKIg==" info="[26] Phew! That was a lot of underwater stuff. And guess what? It's not over!

For Next Marker you are swimming to the Harbinger point of interest. The Marker will be next to a Mariner plaque on the wreck." copy="next to a Mariner plaque at [&amp;BPkEAAA=]" />
		<POI MapID="65" xpos="-1067.47" ypos="-72.9181" zpos="-20.539" type="mow.makers" GUID="Cyy25zQ+9EKJR5hW4DNA8g==" info="[27] This ship appeared in the third Guildwars 2 novel, Sea of Sorrow. You can find the remains of a statue of the Captain of this ship, Cobiah Marriner, at the center of the Field of Fallen in Lion's Arch. He has nothing to do with Captain Cork whose risen corpse is said to rampage the area!

For Next Marker swim further South to the Vista." copy="next to Vista [&amp;BLUGAAA=]" />
		<POI MapID="65" xpos="-1079.68" ypos="26.2421" zpos="-282.151" type="mow.makers" GUID="bLYczFwZt0WKPM6r0f1wGQ==" info="[28] For Next Marker head South-East to the Hero Challenge." copy="next to the Hero Challenge South-East" />
		<POI MapID="65" xpos="-901.922" ypos="10.1749" zpos="-449.315" type="mow.makers" GUID="FHZxm+b2D0+FTt/q2mjCFg==" info="[29] Three Risen Sea Monsters can sometimes appear here!

For Next Marker head further East. There is yet another Hero Challenge, and a reinforce armor NPC." copy="next to a reinforce NPC in Snaketail Inlet" />
		<POI MapID="65" xpos="-545.136" ypos="1.05965" zpos="-349.752" type="mow.makers" GUID="61f1Vp/5KEGiVEMO5AYCEQ==" info="[30] While the Pact seem to perform really well at cleaning the area, they are not immune to the plague of risen. In such circumtances, it can happen that some that felt to the ground come back and try to kill you!

For Next Marker, swim a bit North to... Malchor's Anguish point of interest. Check the drowned statues there to find Next Marker. Time to learn a bit more about who Malchor was!" copy="near statues at [&amp;BJgCAAA=]" />
		<POI MapID="65" xpos="-663.766" ypos="-75.6299" zpos="-223.83" type="mow.makers" GUID="Ek+O5xkrZk+vZcUDed/bUQ==" info="[31] Malchor, a sculptor, in love with Dwayna. You might already have heard his shouting ''DWAYNA!!!'' on your journey, still echoing these fadded lands.

For Next Marker reach Lights Waypoint to the East." copy="next to [&amp;BLICAAA=]" />
		<POI MapID="65" xpos="-429.218" ypos="4.77606" zpos="-155.03" type="mow.makers" GUID="ibhxbXieIEuSF0US7vgyHg==" info="[32] Now head South and find a tunnel to reach the Hero Challenge South. Next Marker at the entrance of the passage." copy="at the entrance of a tunnel, somewhere South of [&amp;BLICAAA=gyj]" />
		<POI MapID="65" xpos="-408.926" ypos="8.81048" zpos="-247.179" type="mow.makers" GUID="WP8ezwERbkS4Ou55fS6yCA==" info="[33] You will go through this tunnel called King's Passage. This place is is full of Risens. By careful as some of them are very potent. You should bring allies along with you to get to Next Marker near the Hero Challenge in there." copy="near the Hero Challenge within [&amp;BFcGAAA=]" />
		<POI MapID="65" xpos="-369.845" ypos="18.6795" zpos="-331.741" type="mow.makers" GUID="WWhM8mvX4ECKJdDehnmlNA==" info="[34] Continue further South in this tunnel to find Next Marker at the Southern exit." copy="at the Southern exit of [&amp;BFcGAAA=]" />
		<POI MapID="65" xpos="-410.131" ypos="20.9339" zpos="-463.993" type="mow.makers" GUID="O77MMXBnWE6jTjNJIo96UA==" info="[35] Take a turn right on the slope and climb to Doric's Waypoint in the last Pact camp of Malchor's Leap." copy="next to  [&amp;BKcCAAA=]" />
		<POI MapID="65" xpos="-326.739" ypos="50.6186" zpos="-421.366" type="mow.makers" GUID="tBWFZhC4zEm3Afg6K19L+Q==" info="[36] You can take part to the Meta event here before going on with your journey. After having defended or reclaimed this Camp, the Meta chains to go kill a Risen knight, you will most likely require help for that last task.

When you're done, head a bit North-East, in the plain South of the Cathedral of Zephyrs. You are looking to do the Meta Event of this Cathedral. Next Marker will be found in these Plains, where the Meta begins. It will be visible from afar." copy="where the Cathedral of Zephyrs Meta Event starts, in the Plains South of the Cathedral" />
		<POI MapID="65" xpos="-140.482" ypos="36.7217" zpos="-320.084" type="mow.makers" GUID="GEUvKlW1jkicmew2sKfCWQ==" fadeFar="1500" fadeNear="500" info="[37] Here starts the Meta Event for the Cathedral of Zephyrs. If the Temple is already under control of the Pact, there is high chance that you will not be able to experience this Meta (unless the event to protect the Cathedral fails, which is unlikely).

Nonetheless, if you get the chance either now or later, I highly recommend you try this Meta out! Doing so, you will learn a bit more about Malchor! If you do the Meta, pay attention to your UI, at some point you will have to waypoint away to reach Malchor's Anguish point of interest that you already visited under water.

Next Marker next to Tempest Waypoint at the top of the Cathedral." copy="next to [&amp;BLACAAA=]" />
		<POI MapID="65" xpos="-186.43" ypos="105.2" zpos="-80.4234" type="mow.makers" GUID="b+Ldm8AXTk+VZ7N+82rzXw==" info="[37] I hope you had a chance to do the Meta. In any case, Next Marker is near the Hero point, next to a commeration plaque, at Sculptor's End." copy="next to a commemoration plaque at [&amp;BJECAAA= ]" />
		<POI MapID="65" xpos="-346.823" ypos="147.52" zpos="46.3491" type="mow.makers" GUID="R3+yuEhRYkWJYfMPZ8zgmg==" info="[38] Malchor's Leap...

For Next Marker, loop back to Doric's Shrine. You will be looking East of there to find a chest near the Balthazar statue.." copy="next to a chest near Balthazar statue East of [&amp;BJwCAAA=]" />
		<POI MapID="65" xpos="-18.0653" ypos="39.0443" zpos="-333.304" type="mow.makers" GUID="mCSMG/VQsUaUCyaPcR3D2g==" info="[39] Just South on the plateau, at Salyah Bayt an event involving an Inquest Ornithologist and chickens coops can happen. You will likely need friends.

Don't forget to unlock the Hero Challenge just West if not already done!

For Next Marker continue further East to Bayt Fallahin point of interest. " copy="at [&amp;BJ8CAAA=]" />
		<POI MapID="65" xpos="261.465" ypos="39.432" zpos="-414.847" type="mow.makers" GUID="ETripAKjdkykvdudPEYk0Q==" info="[40] Alright! You're almost at the end of this tour! Go back to Hope Falls and reach an underwater chest at the feet of the waterfall to find Next Marker." copy="next to a chest at [&amp;BKUCAAA=]" />
		<POI MapID="65" xpos="711.021" ypos="-6.47241" zpos="-524.34" type="mow.makers" GUID="F9G2Z10R30mB0WcprjvGKg==" info="[41] You are now looking for an entrance to a secret cavern. Good luck with that! I would advise looking everywhere around this fall. Keep your searches to the South of Hope Falls bridge.

See you later! Next Marker in the cavern!" copy="find a cavern somewhere South of Hope Falls bridge!" />
		<POI MapID="65" xpos="742.862" ypos="27.7335" zpos="-449.056" type="mow.makers" GUID="sul8iJNVq0KRiYmz3crhTg==" mapVisibility="0" info="[41'] This is a good way to go back on the land." />
		<POI MapID="65" xpos="723.356" ypos="48.1338" zpos="-448.269" type="mow.makers" GUID="65ep2V9lDECdcbX0Gf7pFw==" mapVisibility="0" info="[41'] If you are at the start of you adventure, do not explore this area, you'll come back later!" />
		<POI MapID="65" xpos="745.68" ypos="24.7589" zpos="-496.473" type="mow.makers" GUID="5SgSpypclEemKNl+M1g3Wg==" mapVisibility="0" info="[41'] Oh? Seems like you just found something interesting!" />
		<POI MapID="65" xpos="940.923" ypos="52.1461" zpos="-593.705" type="mow.makers" GUID="eBj7aZzpNEyAjhpzNxbuaQ==" mapVisibility="0" info="[41'] Opening these chests might require a bit of work... For Next Marker head to the top of the slope, near the Mastery Point." />
		<POI MapID="65" xpos="1006.98" ypos="123.117" zpos="-476.845" type="mow.makers" GUID="JzCG1YK6ZE6jDsWbgr9k0Q==" info="[42] WELL DONE!!!

Your journey throughout Malchor's Leap is over! If you couldn't do the Meta event of the Temples I highly recommend you check them out again later. They are worth it!

For your next destination, you can choose to push on through Orr in the Cursed Shore, or you might want to visit the icy lands of Frostgorge Sound (enter this map through Wayfarer Foothills).

In any case I hope you enjoyed you tour! If you have any remarks or suggestions you want to share, you can feedback on Github, on Blish-HUD discord and contact me in game under 'Euste Ylhes.1095' [EU server]" copy="Some must figth so that Orr may be free! (or something like that)" />
	</POIs>
</OverlayData>