<OverlayData>
	<POIs>
		<Trail trailData="Trails/Metrica_Final.trl" animSpeed="0.5" alpha="1" type="mow.roads" fadeNear="500" fadeFar="1000"/>


		<POI MapID="35" xpos="-481.486" ypos="47.2946" zpos="-725.334" type="mow.makersstart"/>
		<POI MapID="35" xpos="-481.486" ypos="47.2946" zpos="-725.334" type="mow.makers" GUID="v7YNWBUjckOWpwj9Tn0e1w==" info="[1] Welcome to the start of a new map tour! You can visit this first area freely, but you want to go south towards the entrance of the Wildflame Cavern as soon as you are ready to start some action."/>
		<POI MapID="35" xpos="-388.23" ypos="45.8721" zpos="-797.467" type="mow.makers" GUID="ksCybeZtUECWl8nBhW7rRw==" info="[2] Wait for Chott and help him collecting fire opals in the caverns. Get the vista on your way or while waiting. When the event ends, follow Chott to the Battleground Plaza and spectate the duel!" />
		<POI MapID="35" xpos="-252.384" ypos="24.2241" zpos="-697.213" type="mow.makers" GUID="xqiUnkc8FU6Zk9qxZgGi2w==" info="[3] Are you as proud as Chott is right now?

Well, go south to the Incinergen Labs which is precisely Chott's Lab. An event can trigger near there at the Golemagical Institute that will lead you to the area where the first story instance of the Asuras occurs. I do not advise waiting for it as it seems to have a very long cooldown. Enter the Golemagical Institute anyway using the Asura Gate." />
		<POI MapID="35" xpos="-279.608" ypos="20.8025" zpos="-894.971" type="mow.makers" GUID="6cBVosoG0E21Bpmknrl6dA==" info="[4] When you get out of here using the gate again, take a walk towards the Metamystics Lab which you will bypass by South (on the right). Go straight toward the water. There will be a Hylek village."
/>
		<POI MapID="35" xpos="54.0827" ypos="2.68775" zpos="-722.534" type="mow.makers" GUID="iamgZk19CUOZTAb6qN2jnQ==" info="[5] Continue on this trail and go up the slope, there on you right will be a stange brigde made of floating rocks. Cross the water on that bridge and start to loop back by reaching the other side of the Hylek Camp.

Next point will be near Blopp, the Heart NPC." />
		<POI MapID="35" xpos="165.278" ypos="3.56172" zpos="-653.123" type="mow.makers" GUID="cIQtpJuXoE6uZjMKaxPQAg==" info="[6] Now dive into the lake ,and get the point of interest. Far on the other end if a waterfall. Explore around the waterfall... And find the next point." />
		<POI MapID="35" xpos="453.839" ypos="1.25061" zpos="-869.401" type="mow.makers" GUID="GbyVb1vYrEC7czOZgEpZag==" info="[7] An event can trigger here (you might have done it already). When you get out, head right (North), you'll check on the Oozes at PR&amp;T Esoterics. Next point in this lab."
/>
		<POI MapID="35" xpos="417.488" ypos="46.723" zpos="-717.883" type="mow.makers" GUID="rjzO103Tiku5rtQz91sQsQ==" info="[8] Go back to the waterfall and cross the bridge to the Incomp Optics lab."/>
		<POI MapID="35" xpos="347.19" ypos="3.68355" zpos="-873.718" type="mow.makers" GUID="xKEmllYLhUC1AW4FhMXZsQ==" info="[9] If you are exploring around the waterfall, do not head this way.

If you come from the Ooze lab instead, then keep going. You are now going back to the Hinterlabs and aiming for the Metamystic Lab. You'll find one point on your way, near [Jeztar Falls Waypoint]." />
		<POI MapID="35" xpos="140.213" ypos="19.3047" zpos="-884.121" type="mow.makers" GUID="1CEh5khhW0m3tKbR8RvxeA==" info="[10] Several events can trigger in the labs forward. Don't forget you are going to the Metamystic Lab. It is easy to find as this is where young asuras, called progenies, start learning stuff. The next point will be by the heart NPC."/>
		<POI MapID="35" xpos="-89.3849" ypos="37.9817" zpos="-797.912" type="mow.makers" GUID="Vm06ctOTJkW1eKJ70f9pIQ==" info="[11] Take some time to visit the Metamystic Lab, go through all the floors, and take a na- good look  at the sky with professor Gaz. Then get out of the lap by the North-West entrance and use the spiraling slope to move to the Hydrone Unit Waypoint."/>
		<POI MapID="35" xpos="-202.661" ypos="18.3114" zpos="-624.717" type="mow.makers" GUID="nwYe0TNud0+2lgAMzEz70w==" info="[12] Go East then North, under the arch, and join Senior Researcher Shoon."/>
		<POI MapID="35" xpos="-390.594" ypos="25.56" zpos="-490.654" type="mow.makers" GUID="MXjI4W1D10qGNjOp905/UQ==" info="[13] This heart NPC will tell you if you have to help the salvage specialists in the Lab just east. I advise waiting for the event chain to be active, it occurs very often and is quite fun. While you wait, you might want to get the Old Golem Factory Waypoint north."/>
		<POI MapID="35" xpos="-351.766" ypos="9.06253" zpos="-337.349" type="mow.makers" GUID="8XAJ7JuSQU+IGac1EvsI0g==" info="[14] If you have done the event in the lab, you know where to go. Else come back to the heart NPC and wait for the event. If you don't want to wait, try to find the point in the area of the lab on your own."/>
		<POI MapID="35" xpos="-401.662" ypos="-1.13303" zpos="-242.088" type="mow.makers" GUID="f84HlnIQHUyWFJ9JG7J9Ww==" info="[15] You've done the event! Or you're like Sherlock!

Anyway, go the nearest waypoint and cross the water on the bridge. (a proper one this time!) Follow the road to the Voloxian Passage and get into Brill Alliance Labs. The next point is near the Vista at this lab."
/>
		<POI MapID="35" xpos="-92.7342" ypos="46.5571" zpos="-158.372" type="mow.makers" GUID="eWfjRSYeS0iS8UpJQFDLUw==" info="[16] GET THE WAYPOINT JUST DOWN THERE IF NOT YET DONE.

Some events involving Skritts can happen in the lab. You might also want speak often with NPCs in the Lab to enquire if events are active in the Serpent Wind. Try to figure out where the Serpent Wind is, because this is where the next point will be."
/>
		<POI MapID="35" xpos="106.762" ypos="64.2306" zpos="-327.895" type="mow.makers" GUID="kjjtimGVPkaQ/QEVx4iIdw==" info="[17] This is indeed Serpent Wind. Do the events if there are active, then continue on the other side of this cavern. The next point will be on a floating-platform which is garden. It will be South-East of the exit (meaning, on your right)" />
		<POI MapID="35" xpos="407.448" ypos="47.6063" zpos="-384.667" type="mow.makers" GUID="wByS4UhxP02EOO5M4k0HqQ==" info="[18] You think you are so good at jumping. Yea, well... I'm not impressed.

The heart here is boring, but an event with Oozes can take place to fill it quickly. Instead head North-East. You'll find Oola's Hero Challenge." />
		<POI MapID="35" xpos="608.363" ypos="23.7528" zpos="-155.21" type="mow.makers" GUID="K5moD7HauUqvnInSQKOHEQ==" info="[19] When you've done the hero challenge, speak to Orl's Krew. They might be right there, or already wayting a bit further in the cavern but locked outside the lab... Chances that there are already in the lab are low. If they are already in the lab  and you want a full experience, wait for event reset."/>
		<POI MapID="35" xpos="665.357" ypos="24.3801" zpos="-185.716" type="mow.makers" GUID="7quTJe9DhkyLqLrLXxv52A==" info="[20] To enter Oola's Lab you will need an Energy Crystal.

This crystal can be dropped on most of the foes in Metrica Province, but if you do not have one in your inventory at that point, it is a good time to learn about the Trading Post! Open the Store ('O' by default, the Lion Icon), then navigate to the Trading Post tab on the left. There search for and buy the Energy Crystal. After that go to the PvP Lobby (the crossed swords icon). Find the Trading Post NPC there(ask for help if needed), get your Crystal and leave the Lobby. There you are right back here, now visit Oola's Lab! But be careful: Asuras are very protective of their inventions."
/>
		<POI MapID="35" xpos="588.046" ypos="44.6306" zpos="-374.166" type="mow.makers" GUID="JglHXgzmlk+mEK0KqTvggw==" info="[21] You are now out of Oola's Lab, and hopefully in one piece!

Next, you will have to pass the proof of fire. To that purpose go South and get the Akk Wilds Waypoint. Then follow the path toward Parnna's Gate." />
		<POI MapID="35" xpos="611.645" ypos="43.4995" zpos="-566.356" type="mow.makers" GUID="3HoGIJvBTkSzdw04Jbm1rA==" info="[22] If the gate is already open, you can either:

1) wait for the event chain to reset 
or 2) enter and take it from there.

The first events of the chain are when the gate is not active and either involve protecting the gate from the Skritts or getting a matrix crystal converter back from them.

For the next point head into the gate!"
/>
		<POI MapID="35" xpos="470.392" ypos="45.2154" zpos="-568.635" type="mow.makers" GUID="y35SRXCmMESQ2c/mNpODQA==" info="[24] If you already went through the Gate, then keep going. You will get out of this cave near the Oozes Lab. Then you will walk through the Hylek camp again. Back to the Lab working on Skritts.

There just follow the road East towards [Desider Atum Waypoint]. If you are already tired of walking, you can directly waypoint to [Rana Landing Complex Waypoint] and follow the road East."/>
		<POI MapID="35" xpos="610.032" ypos="21.596" zpos="-814.891" type="mow.makers" GUID="R832tKhDtkeccAiqMdeMhQ==" fadeNear="4000" fadeFar="5000" info="[23] After the event ends, you can get out the same way you entered... Or waypoint to Akk Wilds Waypoint and walk back to the Gate. After that, no more fire I promise! Just enter the skritt cave nearby the Gate and get the vista." infoRange="100"/>
		<POI MapID="35" xpos="209.334" ypos="2.60677" zpos="-139.898" type="mow.makers" GUID="FgsoGJp300WbX8ZH6TWFrA==" info="[25] Just in front is the Desider Atum Center.
Visit and learn the basis of crafting. Near the entrance, along the road will be a Hylek. Her name is Caracolt, speak to him and start an escort."/>
		<POI MapID="35" xpos="212.798" ypos="10.7032" zpos="14.8592" type="mow.makers" GUID="aKlkQag8cU+nVaWLtwotYg==" info="[26] Caracolt will wait here for the event. Wait for her if she is not here. Or try to find the Hylek village on your own. Next point will be at [Michotl Grounds Waypoint] Near the Hylek village."/>
		<POI MapID="35" xpos="-167.986" ypos="9.45769" zpos="125.062" type="mow.makers" GUID="2YYb39f8uUSR32GFTEG7Xg==" info="[27] head to Arterium Haven Waypoint. You will wait at the Haven for an event chain to start. All will be explained at the next point in the Haven."/>
		<POI MapID="35" xpos="146.898" ypos="37.7344" zpos="278.396" type="mow.makers" GUID="BOX9lkYEP0uVr6GUU2AhJw==" info="[28] The event chain here starts with defending the Haven from the Hyleks, but you can also take it from the point when you have to escort Rikkiti. Following a skritt around is one of the best experience you can have in game, please wait for it! (as they say in Claypool). 

Next point will be on some key point of Rikkiti Escort."/>
		<POI MapID="35" xpos="528.087" ypos="32.815" zpos="64.1032" type="mow.makers" GUID="v5XN2Yi3OU+VxKZCFfNypw==" info="[29] Continue the event chain.

Next point on a wooden brigde over the water at the Hylek Village ahead."/>
		<POI MapID="35" xpos="366.264" ypos="0.254817" zpos="92.4037" type="mow.makers" GUID="r9PIECw2eUiOd0qfeqKMpQ==" info="[30] You can get out through a passage just West. Or you can find the passage North.

In anycase you are heading toward the Luminates Plant. If you take North, you will arrive directly and next point is at the Plant, near a repair NPC. Else, going West you will find another point at the end of the passage." />
		<POI MapID="35" xpos="101.516" ypos="9.66804" zpos="76.9196" type="mow.makers" GUID="PZObRPd2vkSgVRPYq52LtA==" info="[30'] If you know who Rikkiti is, you're doing it right. Run back to the Arterium Haven, then follow the road North East until you find the Luminates Plant.

Next point is at the Plant, near a repair NPC. "
/>
		<POI MapID="35" xpos="481.917" ypos="42.1779" zpos="390.7" type="mow.makers" GUID="OGu8Cu9UPEuh8CTu4CwDZA==" info="[31] You may want to wait for the Meta Power Overwhelming. NPCs at the Luminates Plant will tell you if something is going on and point you to it if an event of the Meta is active. You may want to look at the UI too.

While you are at it, you might want to check on the timer for the World Boss on this map. Type '/wiki et' in your chat and check for the Fire Elemental. If it is in more than 1h you got time, else you either want to take the next steps very slowly (fire elemental spawns every 2 hours) or go as fast as you can. 

NEXT POINT AT THE NEAREST HERO POINT."/>
		<POI MapID="35" xpos="502.192" ypos="22.4503" zpos="402.102" type="mow.makers" GUID="a6rUR02NikKnustAzbdHLQ==" info="[32] While you are at the Luminates Plant,an Inquest Attack to steal the LUM0009 golems can also happen. This event will then leads you to the Inquest Outer Complex. It's a cool chain to do as you can then get the vista and hero point at the Inquest Outer Complex.

Next point will be at the [Hexane Regrade Waypoint], South of the Inquest Outer Complex." />
		<POI MapID="35" xpos="533.56" ypos="35.0026" zpos="683.792" type="mow.makers" GUID="ehuI3OnDJkCti4AfhCL0Iw==" info="[33] After you're done with the Meta and have visited the Inquest Outer Complex. You have two choices.

You can waypoint back to Rana Landing Complex Waypoint (Where the Lab working on Skritts is). From there, head West and cross the water. You will find a small Asura camp,
The next point is there.

Else, look at the sign just there, isn't it intriguing? If so, head back to the Luminates Plant, and find a Cave East of it.
A point awaits for you there."/>
		<POI MapID="35" xpos="563.318" ypos="62.6075" zpos="41.2372" type="mow.makers" GUID="uAD6VgnfdE6PmZy0yVBKFw==" fadeNear="1000" fadeFar="1000" info="[33'] This is the start of the Goemm's Lab jumping puzzle. If you did not visit a Troll cave near the Luminates Plant, you are not on rails. You can speak to the Golem and try you best in the lab.

Or just surrender already and waypoint back to Rana Landing Complex Waypoint (Where the Lab working on Skritts is). From there, head West and cross the water. You will find a small Asura camp, The next point is there."
/>
		<POI MapID="35" xpos="624.114" ypos="-0.438676" zpos="323.687" type="mow.makers" GUID="k1rfvBqUqkO2ve9wmRiWMA==" info="[33'] This is a Troll cave, but I promise this is not a Troll Marker. Or is it?

If you think so, just waypoint back to Rana Landing Complex Waypoint (Where the Lab working on Skritts is). From there, head West and cross the water. You will find a small Asura camp, The next point is there.

Else, waypoint to [Cuatl Waypoint] where Rikkiti escort ended. From there, go along the cliffs towards south, and find a hidden passage among the greenery."/>
		<POI MapID="35" xpos="423.217" ypos="275.255" zpos="547.061" type="mow.makers" GUID="YFi33BoUKUGrn9ABXmWq9w==" info="[33'] Didn't you surrender already?"/>
		<POI MapID="35" xpos="434.842" ypos="359.777" zpos="771.418" type="mow.makers" GUID="xodexeTAnEuRXeQKxE9SPA==" info="[33'] Remember when you were talking big after just having reached that garden on the floating platform... Now is still a good time to give up!"/>
		<POI MapID="35" xpos="420.716" ypos="522.997" zpos="599.835" type="mow.makers" GUID="ZuXtURZb3k+ho3CLCNVNfw==" info="[33'] Woah! Now that's willpower!

If I were you, I would stop now. There is still so much to go through."/>
		<POI MapID="35" xpos="496.72" ypos="534.139" zpos="634.882" type="mow.makers" GUID="oHKpMLM+FU+UYv2lNm66cg==" info="[33'] Ok, I'm impressed."/>
		<POI MapID="35" xpos="526.187" ypos="547.787" zpos="615.297" type="mow.makers" GUID="hCGY5q5X4ESt5H5JVUP0ig==" info="[33'] Just imagine there is a final boss and you need a group to beat it!"/>
		<POI MapID="35" xpos="560.897" ypos="557.564" zpos="751.521" type="mow.makers" GUID="62W9BSABbUScZgCZVxSyMw==" info="[33'] Ah! Just kidding!"/>
		<POI MapID="35" xpos="482.14" ypos="39.5125" zpos="13.562" type="mow.makers" GUID="gB1oBjTJtkKPS64An5cFKg==" fadeNear="1000" fadeFar="1000" info="[33'] WELL DONE!!!

Now waypoint back to Rana Landing Complex Waypoint (Where the Lab working on Skritts is). From there, head West and cross the water. You will find a small Asura camp, The next point is there."/>
		<POI MapID="35" xpos="-472.998" ypos="0.905927" zpos="-114.189" type="mow.makers" GUID="rel+mlb9s0GKAGIvVdbWHw==" info="[34] Explore further, there are some events with kraits here. After you are done, continue north along the water. Do not cross the water again while looking for a passage to a skritt cave."/>
		<POI MapID="35" xpos="-524.477" ypos="18.2697" zpos="210.108" type="mow.makers" GUID="mZe4/KEFKkqjSeWmtV4ERg==" info="[35] Get the Anthill Waypoint and while waiting for the Event, go check the Asuras NPCs. They will sometime speak with Skritts and you will finally be forced to recognize the IQ superiority of Skritts." />
		<POI MapID="35" xpos="-407.97" ypos="41.6511" zpos="327.66" type="mow.makers" GUID="/KQneZSs7kW9jKCn0Bi7Jw==" info="[36] You can wait for an event in the cave,
or get out by the northern exits. When you get out, follow the Western edge of the map and find another cave." />
		<POI MapID="35" xpos="-514.164" ypos="14.4319" zpos="542.623" type="mow.makers" GUID="hAMvumCVQUmSNr9sH4HxPg==" info="[37] Depending on the Fire Elemental timer, you can either 1) go straight in the Thaumanova Reactor  or 2) Explore this cave.

An event might happen there.This event only happens if the Inquest event at Survivor's Encampment fails. After that, you only have to wait for the Thaumanova Reactor Fallout Meta Event with the Fire Elemental. Explore this North-West corner of the map.

The next point will be at the center of the 
Thaumanova Reactor."/>
		<POI MapID="35" xpos="-372.529" ypos="24.5853" zpos="740.19" type="mow.makers" GUID="oSYMlNiq+ESSuyu7TRsCuw==" info="[38] While you wait, you can try to find a Matrix Cube Key in Thaumanova Reactor and charge it. You will have to wait for the Fire Elemental to finally fully charge the key. After that, come back here to the console and use the key then jump in the hole. You will need help to kill the Steam Ogre.

The next and final point is up North near [Muridian Waypoint]." />
		<POI MapID="35" xpos="-82.2038" ypos="27.7763" zpos="903.451" type="mow.makers" GUID="W/RB0ybl/Em7Z9p/5M6Owg==" info="[39] Here you are at the end of your adventure in Metrica Province! Next on the list might be Brisban Wildlands? You might want to go back to that Troll cave East of the Luminates Plant before?

-You can contact me In-Game under 'Euste Ylhes.1095' [EU server]" />
	</POIs>
</OverlayData>