<OverlayData>
	<POIs>
		<Trail trailData="Trails/Ruins_Final.trl" animSpeed="0.5" alpha="1" type="mow.roads" fadeNear="500" fadeFar="1000"/>


		<POI MapID="21" xpos="-688.125" ypos="68.8566" zpos="-378.249" type="mow.makersstart" GUID="34oQx0/IDUORUMDoKzmHfA=="/>
		<POI MapID="21" xpos="-688.125" ypos="68.8566" zpos="-378.249" type="mow.makers" GUID="SoeG+lgK0UqfLb/PWhWImw==" info="[1] Hello and Welcome to the Fields of Ruins! You are now in Enbonhawke. Please, do not say you come from Divinity's Reach...

Anyway, first thing is to explore this city. If you activate the trails, you will see it is a bit of a mess in here. These trails will lead you to different books for completing a collection. Markers will guide you at key points of this in-depth exploration of the Stronghold.

If you do not want to do that, head to the cemetary South in the town. Next Marker [no.17] will be at the Hero Challenge near Gwen's Grave."
/>
		<POI MapID="21" xpos="-437.937" ypos="60.9556" zpos="-727.504" type="mow.makers" GUID="pNkbmkdBtU61a8mIH6EpCA==" info="[2] In the Inn, you will find Tome I, II, III, IV, V"
/>
		<POI MapID="21" xpos="-815.185" ypos="66.224" zpos="-722.58" type="mow.makers" GUID="JWbS6IzFn0Ol/cJdPY2hNg==" info="[3] Tome VI upstairs."
/>
		<POI MapID="21" xpos="-793.694" ypos="60.7257" zpos="-628.633" type="mow.makers" GUID="MBoOSaO/eUGX+TDycP18SQ==" info="[4] There is an event to collect Helms in the Skritt cave here."
/>
		<POI MapID="21" xpos="-461.567" ypos="69.455" zpos="-449.306" type="mow.makers" GUID="uxOlzATmZEG6r9ifeeo8fg==" info="[5] Don't miss Tome VIII. An event with Separatists can happen in this steet."
/>
		<POI MapID="21" xpos="-729.411" ypos="60.6393" zpos="-567.201" type="mow.makers" GUID="3ircA1UNA0aMiZAkibKhuQ==" info="[6] A Separatist Leader is jailed here. Some Separatists are plaaning to free him.

An event can happen to fight this Leader (he will run through neighbouring streets before you will be able to hit him."
/>
		<POI MapID="21" xpos="-506.354" ypos="69.0279" zpos="-826.541" type="mow.makers" GUID="OsglX/TeN0a6Ya5uTFz/Vw==" info="[7] Visit the Asuran Lab to find Tome XIV.

Then waypoint to Hawkgate Waypoint."
/>
		<POI MapID="21" xpos="-521.144" ypos="60.0334" zpos="-375.408" type="mow.makers" GUID="9ChFEdHsC0ic7X9N8IGc5w==" info="[8] Find Volume XV behind the Asura Gate."
/>
		<POI MapID="21" xpos="-695.339" ypos="69.7638" zpos="-413.969" type="mow.makers" GUID="SSLns2jPC0OgevDOqgckfw==" info="[9] Waypoint to Fallen Angels Garrison Waypoint."
/>
		<POI MapID="21" xpos="-725.845" ypos="60.6087" zpos="-657.429" type="mow.makers" GUID="7pBupA3eIEKeoit4iTaQuQ==" info="[10] Follow the trail this Marker is on.

In the street you will walk, an event to get some animals back to their pens."
/>
		<POI MapID="21" xpos="-564.906" ypos="84.6446" zpos="-788.127" type="mow.makers" GUID="MrQcJ+eQSUKLUsWmBDOBTQ==" info="[11] First time here, read the Volume XVI. Then jump on the roof on your right.

[15] Second time, continue to climb on your left." />
		<POI MapID="21" xpos="-616.1" ypos="51.4246" zpos="-522.433" type="mow.makers" GUID="VP1GuKXPkkuAluwcImJ9aA==" info="[12] Don't forget Volume XVII

After that waypoint to Kestrel Waypoint." />
		<POI MapID="21" xpos="-377.513" ypos="69.6061" zpos="-614.146" type="mow.makers" GUID="jzHLTgt+vUWAnFh2u2Lm7w==" info="[13] Follow this trail to Volume XVIII."
/>
		<POI MapID="21" xpos="-575.327" ypos="57.7282" zpos="-713.037" type="mow.makers" GUID="/VzN6BieOUS9PMoFWRl1Qg==" info="[14] The jump to the roof is a but hard, but it is totally feasible."
/>
		<POI MapID="21" xpos="-598.111" ypos="80.9781" zpos="-795.777" type="mow.makers" GUID="pwZTsyelfUa9qJYDqRdqfQ==" info="[16] Volume XX is inside. After that head to the cemetary South-East in the Stronghold.
Next Marker near Gwen's Grave."
/>
		<POI MapID="21" xpos="-384.732" ypos="74.5223" zpos="-861.883" type="mow.makers" GUID="ulcV5O/hiEOhvwBS7Bg0yw==" info="[17] You can head out of the City throught the Southern Gate. You will find Next Marker East. It will be at the Southern edge of the map, near Desert Gate point of interest."
/>
		<POI MapID="21" xpos="-243.116" ypos="45.2619" zpos="-868.503" type="mow.makers" GUID="Nwfyxr9U2kqGGJazW6mdhw==" info="[18] Head out of the Excavation site East.

Next Marker near Forlorn Gate Waypoint." />
		<POI MapID="21" xpos="-18.4031" ypos="17.6963" zpos="-702.85" type="mow.makers" GUID="wo0PTJ/C/kqP3EV6oG4Tcw==" info="[19] There is an event to defend this camp from Ogres.

Do not especially wait for it, but head to hautclaire Vale instead.

Next Marker at the point of interest there. You might need to do an event to open a gate for going there." />
		<POI MapID="21" xpos="166.156" ypos="44.3827" zpos="-703.98" type="mow.makers" GUID="itjkQObt4kCkEkq18vtKSQ==" info="[20] You can do the local heart while waiting for the Meta event to happen here.

You can also get the Hero Challenge East. 

For Next Marker, go to the Heart NPC a bit North East."
/>
		<POI MapID="21" xpos="-461.451" ypos="62.1005" zpos="-336.869" type="mow.makers" GUID="COuR3hIHHUawdev9/XdBXQ==" info="[21] I advise waiting for the event to Escort the Royal Messenger to Summit Peak.

If it has already started,Vanguard Morrison, just ahead on your left will tell you where the Messenger currently is.

Next Marker at the end of this escort."
/>
		<POI MapID="21" xpos="59.0665" ypos="6.37835" zpos="198.424" type="mow.makers" GUID="pYLQnn1ABEWVFsVvHDtm3Q==" info="[22] You can follow the Messenger after the end of the event, but nothing really happens.

Next Marker at the center of Summit Peak." />
		<POI MapID="21" xpos="55.0752" ypos="43.0729" zpos="338.169" type="mow.makers" GUID="Ly+WWLHnPkCr1g+xjbbcEQ==" info="[23] Alright, lot of things to do here:

1) If Kelith Boneflayer is in under this tent, Marker [24] is nearby him;

2) A bit East is a Charr camp, where you'll find Marker [25];

3) In the human camp South are Markers [26] and [27].

All these will lead you around the map and the order does not matter. When you're done, do Marker [27] which will drive you away from summit peak."
/>
		<POI MapID="21" xpos="82.1944" ypos="41.9638" zpos="361.325" type="mow.makers" GUID="pwiTaQI6kk6r9KldtfGX4Q==" info="[24] Boneflayer will sometimes start an event to go and crush the renegades. Follow him, additional markers your way."
/>
		<POI MapID="21" xpos="274.137" ypos="7.35738" zpos="347.705" type="mow.makers" GUID="jvuBDrNWG0W8knLh2K3xAg==" info="[25] At this position will start an event to attack Separatists in caverns East. Follow the Human leader, and come back."
/>
		<POI MapID="21" xpos="248.84" ypos="21.1963" zpos="86.0098" type="mow.makers" GUID="xRcfIj5JsUSQynrbAGA33g==" info="[26] At this position will start an event to help Raughol with Harpies. Follow the Charr leader and come back."
/>
		<POI MapID="21" xpos="77.0449" ypos="6.3834" zpos="123.585" type="mow.makers" GUID="QWc3dO9BsEaEH7mqCjNkcg==" info="[27] At this position should be a pack bull and perhaps NPC Caravan Guide Kelly.

She will start an event leading you to a campsite North. While waiting there can be an event to kill Giant Wasps here, or to help to cure the Vanguard Army at the caves South of the camp.

If the waiting is actually too long, just walk out of Summit Peak North, and follow the road Nort-East until you reach Rosko's Campsite Waypoint. (look at the trail on your map)"
/>
		<POI MapID="21" xpos="39.5018" ypos="22.3869" zpos="749.929" type="mow.makers" GUID="OuUB88lwZEOGjpnubkvmXw==" mapVisibility="0" info="[24'] Continue with the event. On your way back, pay attention to the hill South-West. There might be a nervous renegade upon it. Go and speak to her."
/>
		<POI MapID="21" xpos="-11.6664" ypos="37.405" zpos="626.142" type="mow.makers" GUID="xE3BNw7bXU+Tr6Zq27RMXQ==" mapVisibility="0" info="[24'] Here might be a nervous renegade upon it. Speak to her to start a event chain."
/>
		<POI MapID="21" xpos="120.468" ypos="15.6133" zpos="223.262" type="mow.makers" GUID="M4d/PMfq0UmHtmuH3sPcUQ==" mapVisibility="0" info="[24'] Here, all that was to be seen about Marker 24 is over. You can explore events of Markers [25-26-27]. Remember Marker [27] final event will lead you away from Summit Peak."
/>
		<POI MapID="21" xpos="611.721" ypos="16.9027" zpos="438.289" type="mow.makers" GUID="pjyu4OlhtUWZXjCVXDOdIQ==" mapVisibility="0" info="[25'] Stick with your team, do not waste time on possible local events."
/>
		<POI MapID="21" xpos="795.58" ypos="23.4025" zpos="412.885" type="mow.makers" GUID="6sLPDvXw6Ua9HiL00fh4dA==" mapVisibility="0" info="[25'] When you're done here, come back to Summit Peak with your team.
You will then continue to Markers [24], [26] or [27]." />
		<POI MapID="21" xpos="727.913" ypos="15.5706" zpos="92.9089" type="mow.makers" GUID="E7dRJa/Zp02eZrqFldRDgw==" mapVisibility="0" info="[26'] Stick with your team.

When you're done here, come back to Summit Peak with your team. You will then continue to Markers [24], [25] or [27]."
/>
		<POI MapID="21" xpos="143.499" ypos="29.1961" zpos="358.645" type="mow.makers" GUID="8/ruIUflNUuad0D2suFktQ==" mapVisibility="0" info="[27'] Caravan Guide Kelly of Marker 27 can sometimes stand here. In this case, and if the event is not active, it means that it will not start anytime soon.

Remember if the waiting time is too long you head out of Summit Peak North, and then follow the road North-East to reach Rosko's Campsite Waypoint."
/>
		<POI MapID="21" xpos="354.328" ypos="2.78248" zpos="747.092" type="mow.makers" GUID="HwV0c3HnbUqbwIZGKlWPxg==" info="[28] An event can happen in the campsite to defend it against Harpies.

After that, explore North of the camp and find your way to Next Marker, which will be Further East, above the cliffs."
/>
		<POI MapID="21" xpos="634.85" ypos="64.6251" zpos="700.811" type="mow.makers" GUID="f+JWpUN7rEW5uiNVFxSwSg==" info="[29] You can free explore this North-East corner of the map.

After you are done, head South back to Fangfury Watch Waypoint." />
		<POI MapID="21" xpos="545.343" ypos="7.90049" zpos="492.168" type="mow.makers" GUID="LQc5HDdNmUOpNsPe/raCUg==" info="[30] If you are doing event from Summit Peak, please ignore this Marker.

Otherwise, find Kailani the Foolhardy in the camp, and help her develop some top-notch Charr technology!

Next Marker after that, be heading in the Highden Caves East then South."
/>
		<POI MapID="21" xpos="759.467" ypos="17.7545" zpos="379.518" type="mow.makers" GUID="5N55+lTq1kyhqGlV6kXlgA==" info="[31] If you are leading an offensive on Separatists, stick with your team.

Else, explore the Highden Caves to find a dead Drake Broodmother.

Next Marker near the body"
/>
		<POI MapID="21" xpos="884.346" ypos="15.8183" zpos="295.612" type="mow.makers" GUID="JvG5J1sjZUC4M97rwnAOKQ==" info="[32] Continue South-East.

You will go through the Belag Crossroad, and almost back to the Siege Plains lookig for the Wreckage of Bloodgorge Watch Waypoint, where Next Marker will be. This will be exactly South of Warrior's Crown Camp at Summit peak, when you go through the caves South of this camp."
/>
		<POI MapID="21" xpos="297.658" ypos="24.4594" zpos="-476.992" type="mow.makers" GUID="+LAxeBy5Mk+GIiPbX/Xdaw==" info="[20b] An event to rescue Olla can be started around here. That's a nice one to do. But you will come back latter if you want, so do not wait for it.

Next Marker by follow the trail under the bridge North East. In the charr Settlement of Mithric Cliffs, at Deathblade's Watch Waypoint."
/>
		<POI MapID="21" xpos="672.825" ypos="31.6796" zpos="-201.138" type="mow.makers" GUID="zN3qgDw02UiwnqbQRL1exQ==" info="[20c] Two events can happen here, to drive off some humans separatists or to break a fight among Charrs.

You can freely explore the town.

When you are done, continue South to find an Ogre camp. Next Marker at a Sylvari glade within the area of this Ogre Camp. (follow the hounds and other animals)" />
		<POI MapID="21" xpos="725.447" ypos="50.9961" zpos="-485.246" type="mow.makers" GUID="tbd0sFKifkunaEDchOPamg==" info="[20d] An event to defend this place against Ogres can happen.

Next Marker will be deeper in the Camp at Chief Otyugh Tent."
/>
		<POI MapID="21" xpos="640.982" ypos="81.0059" zpos="-619.629" type="mow.makers" GUID="jUWishAIGE2d7hxI7qe4ew==" info="[20e] Well done! If you did not fight against Otyugh, you're lucky, be quick and run back to the Ogre Road Waypoint that is North-West from here.

Next Marker at the Waypoint."
/>
		<POI MapID="21" xpos="413.362" ypos="35.102" zpos="-467.37" type="mow.makers" GUID="7tutNElBwU+Vg/UIeWpayA==" info="[20f] You're done exploring this South-Eastern part of the map.

You can check on Olla's event again a bit West near the heart NPC. Just know that it only happens when Folorn Gate Camp event fails.

For Next Marker Waypoint back in the Stronghold at the Hawkgates Waypoint. The Marker will be a bit down the road toward North-East, to exit the city."
/>
		<POI MapID="21" xpos="79.567" ypos="16.7835" zpos="-151.179" type="mow.makers" GUID="ZUKwWDYFd0CQlnIc80TT1Q==" info="[33] You will now take part in the Ogre Wars Meta Event.

The first state event of this Meta will be to Capture Bloogorge Watch, which is the camp just on the other side of this fence.

When the Meta ends the state of the Meta is ''Our allies have taken Foulbear Kraal''.

When you're done continue South-West to the Spetter's Waypoint."
/>
		<POI MapID="21" xpos="313.576" ypos="55.4317" zpos="-225.246" type="mow.makers" GUID="p8nRUIF0xUWtAAnaHApV7g==" mapVisibility="0" info="[33'] If you are here, it means you're done with the Meta.

Remember that Next Marker is West at Spetter's Waypoint." />
		<POI MapID="21" xpos="-112.92" ypos="31.241" zpos="-337.023" type="mow.makers" GUID="p5eBOPuN0U+qdBgP05lAKA==" info="[34] Go West along the outer edges of the Stronghold. On the other side of the map you will find Bento Canyon. Next Marker at Tyler's Bivouac Waypoint.

Get the Vista on your way!"
/>
		<POI MapID="21" xpos="-725.922" ypos="10.1795" zpos="-136.535" type="mow.makers" GUID="d1PjnUAFgEWCvX6QU2kJjA==" info="[35] Go North into the Dragonrot Domains by sticking on the Western edge of the Map.

An event to escort a Pack Bull to Dommspy Watch can also start here. I do not advise to wait for it nor to do it. You will eventually come back latter for it if needed.

Next Marker North-East, you will naturally find it by following given instructions."
/>
		<POI MapID="21" xpos="-829.534" ypos="12.5507" zpos="59.59" type="mow.makers" GUID="0npn4lXCV06INRjzjdmthw==" info="[36] You are entering the Dragonrot Domain!

Follow the natural corridor North until you reach the Helliot Mine Waypoint. Next Marker there.

On your way, you might encounter an event to defend the Mines. Do it."
/>
		<POI MapID="21" xpos="-751.669" ypos="15.1725" zpos="310.225" type="mow.makers" GUID="NvJGRX/AV0OfLXQhgeOKPg==" info="[37] If you've done the defending the Mines event, it will chain inside that cavern. If not, wait for it.

Next Marker when you're done by going further North. Near the Heart NPC named Kranged Lodefinder. " />
		<POI MapID="21" xpos="-681.644" ypos="44.4422" zpos="752.445" type="mow.makers" GUID="nBQS6VAUGU+wdmche7AaMQ==" info="[38] You can explore the area you just walked freely.

Note that there is an abandonned mine that you might be able to find, and a grave to an heroic Sylvari. When you're done, head West to Tanaebron Waypoint, where Next Marker awaits for you."
/>
		<POI MapID="21" xpos="-557.64" ypos="14.2743" zpos="725.975" type="mow.makers" GUID="/eE9RpcnZky5WgGt/nylXA==" info="[39] On the other side of the Lake is the heart NPC.

Near him can start an event to help a Charrs Patroling the area. I recommend doing this event. Note that the Patrol might already be on duty around the lake, needing someone to revive them.

Next Marker on the other side of the Lake, at the Vista. "
/>
		<POI MapID="21" xpos="-380.694" ypos="12.1064" zpos="673.609" type="mow.makers" GUID="+nopc3b8z06AZOofFzrVfQ==" mapVisibility="0" info="[39'] The Patrol event starts around here."
/>
		<POI MapID="21" xpos="-561.596" ypos="3.11973" zpos="431.707" type="mow.makers" GUID="vowTzG5VM02OyjiDw/b+tg==" mapVisibility="0" info="[39'] Stay with the Patrol, the event chains."
/>
		<POI MapID="21" xpos="-472.448" ypos="-28.917" zpos="734.387" type="mow.makers" GUID="U8YgyWH0l02byl6/lSxscQ==" mapVisibility="0" info="[39'] The Patrol event ends here.

Next Marker is at the Vista on the Eastern side of the Lake."
/>
		<POI MapID="21" xpos="-332.169" ypos="54.7508" zpos="610.448" type="mow.makers" GUID="Au1Kl8yolkqJ7jnA0aSHlg==" info="[40] Next Marker North-East at Thunderbreak Waypoint."
/>
		<POI MapID="21" xpos="-227.874" ypos="20.1743" zpos="720.252" type="mow.makers" GUID="rjEqBCyrkUylisyN+WdpEQ==" info="[41] Looking South you should see a camp.

Next Marker in this Camp at Skoll's Bivouac Waypoint." />
		<POI MapID="21" xpos="-206.487" ypos="8.08208" zpos="485.512" type="mow.makers" GUID="Yj9+t1bJPECukkEWbSy3KA==" info="[42] This camp can be undersieged by Renegades coming from the North.

After that, it will be quite empty, and ressources will need to be collected in the woods South. You can do all these events.

When you are done, run South-West to Wreckage Doomspy's Watch East of Dragonsrot Domains.

Next Marker there, exactly of the point of interest."
/>
		<POI MapID="21" xpos="-438.881" ypos="14.9959" zpos="221.102" type="mow.makers" GUID="RqamdDVok0uAe08nTDecDQ==" info="[43] This place can be attacked by Branded, defend it. If it has already been attacked and failed to defend, NPC Siegemaster Erold will points you to help an escort bringing supplies here. If the escort fails, you will have to defend again.

After the escort, stay around as it will chain into another event involving a branded Griffon will take place. While waiting, you can hunt and slay the Giant Branded Devourer South.

For Next Marker, explore the Sniper's Woods (South) looking for an Ordinary Bush."
/>
		<POI MapID="21" xpos="-497.631" ypos="7.21626" zpos="-27.0074" type="mow.makers" GUID="zokFPfLTzUa4lYmm8k7Lzg==" info="[44] This bush will sometimes allow you to start an event. I advise waiting for this event.

Next Marker at the end of the event. Follow the NPCs until the very end, even when the event is not anymore active on the overlay."
/>
		<POI MapID="21" xpos="48.9543" ypos="18.4934" zpos="-19.2205" type="mow.makers" GUID="Iy/SpDJbzUW1UKsuEeSNnQ==" mapVisibility="0" info="[44'] Keep following SERGEANT AMI even after the event ends!!! You might have to wait a little."
/>
		<POI MapID="21" xpos="-53.9083" ypos="25.587" zpos="408.549" type="mow.makers" GUID="IKnzYKxshkOoaJciAQLD4A==" info="[45] This is the end of that map tour! I hope you'll enjoy this final task to help settle peace between Charrs and Humans!!!

Anyway, next for you can be a lot of maps: Blazeridge to the North, Dredgehaunt Cliffs in the Shiverpeaks, or even the Bloodtide Coast, if you don't mind levelling up a little before heading there. In any case, if you have feedback, you can join me in-game at [Euste Ylhes.1095]!

See you! o/"
/>
	</POIs>
</OverlayData>