<OverlayData>
	<POIs>
		<Trail trailData="Trails/Sparkfly_Final.trl" animSpeed="0.5" alpha="1" type="mow.roads" fadeNear="500" fadeFar="1000"/>
		
		
		<POI MapID="53" xpos="-344.964" ypos="12.2172" zpos="901.761" type="mow.makersstart" GUID="efbECJO5hEmTR3xg0wGtdg=="/>
		<POI MapID="53" xpos="-344.964" ypos="12.2172" zpos="901.761" type="mow.makers" GUID="aVopvG2wyk+tr6F0292VWw==" info="[1] Welcome in Sparkfly Fen!
This tour will be cool! You will be dealing with Zhaitan forces from now on and until you get to Arah, the city of Gods!

To start with, wait near this camp by doing the heart. An event to defend the camp, and then to escort a bull will trigger. While waiting, keep an eye on the Ocean's Gullet East, where a Champion Megalodon can spawn.

Next Marker at the Tower of Modius at the end of the escort event." copy="end of escort event at [&amp;BLUBAAA=]"
/>
		<POI MapID="53" xpos="-502.273" ypos="36.8667" zpos="410.214" type="mow.makers" GUID="w/lh5NUfbEWZzfGMSuuA2Q==" info="[2] Nicely done!

Next Marker at Ocean's Gullet Waypoint, downstream of the river you crossed to come here." copy="next to [&amp;BMkBAAA=]"
/>
		<POI MapID="53" xpos="-344.736" ypos="21.5995" zpos="525.316" type="mow.makers" GUID="Ga3BJLGEhEOoq9qgpx5AGA==" info="[3] Go back upstream, to the Nicantl Grounds. There you'll find a way to the Hero Challenge, and continue South-West from there.

Next Marker will be on the shore of headwaters among Cauliflowers." copy="amongst cauliflowers, South of the Hero Challenge around [&amp;BLQBAAA=]"
/>
		<POI MapID="53" xpos="-543.832" ypos="89.5233" zpos="513.968" type="mow.makers" GUID="S7pm3Cm1XkuppZHvUheAmg==" info="[4] Continue further South to find Next Marker at the Orvanic Cliffs Vista." copy="at Vista [&amp;BHgGAAA=]"
/>
		<POI MapID="53" xpos="-518.116" ypos="76.9615" zpos="352.174" type="mow.makers" GUID="SYCj5fcTA0ucK/tdqW5R7A==" info="[5] Explore further West without getting back on the land below. You will find ruins in a cave.

Next Marker is hidden in the ruins, above a tumb." copy="in hidden ruins, above a tomb"/>
		<POI MapID="53" xpos="-660.457" ypos="65.941" zpos="340.709" type="mow.makers" GUID="QEv9Psh5SE2mm/uK9rlhXw==" info="[6] Well done! There is also a chest to find in there, but it is very well hidden...

After that, you can go West to get the Orvanic Shore Vista. On your way, you may pass through the Quinatl Deadgrounds point of interest.

Next Marker near the Vista." copy="next to Vista [&amp;BHkGAAA=]" />
		<POI MapID="53" xpos="-246.966" ypos="34.0548" zpos="293.797" type="mow.makers" GUID="7dh3uGh66ESF0n/xPPoQ2w==" copy="[&amp;BMEBAAA=]" info="[7] Cross the Water East and find Next Marker at the Sorewatch Post."/>
		<POI MapID="53" xpos="-176.257" ypos="1.70453" zpos="415.594" type="mow.makers" GUID="dP3ZylyOUE2aCKlM5D9f+w==" info="[8] This is one of the three Posts surrounding the Astrozintli Forelands. It is used as a defensive asset to protect the village against the undeads.

You will come around this area again. Each time, you can keep an eye out for Protecting the Zintl Holy Ground Meta event.

For Next Marker, bypass the village north, and you will find some Hylecks under trees, near a tunnel." copy="under trees North of the village, next to scout NPC"/>
		<POI MapID="53" xpos="-14.1744" ypos="12.571" zpos="576.801" type="mow.makers" GUID="dbdImCd6O0iXbz7yz+huwg==" info="[9] You can continue through the tunnel South to get in the village and Find Next Marker on your way."/>
		<POI MapID="53" xpos="19.2773" ypos="33.3567" zpos="483.083" type="mow.makers" GUID="zPzCBrqYCka1lqErwmot1g==" copy="at [&amp;BMIBAAA=]" info="[10] Continue watching for the Meta just in case. You can also tour the village for a bit. Note that there are crafting stations in this village. Perhaps these Hyleks will inspire you some new recipes?

Next Marker down the road at the Eastern gate of the village, at Swampwatch Post."/>
		<POI MapID="53" xpos="169.481" ypos="5.21669" zpos="566.361" type="mow.makers" GUID="RB9e33Zsl0SoBXy4wDvezg==" copy="[&amp;BLQDAAA=]" info="[11] The Meta can also happen here.

Next Marker will be at Mire Waypoint."/>
		<POI MapID="53" xpos="212.17" ypos="3.09765" zpos="709.881" type="mow.makers" GUID="3or57LalOUSZSJyWvJyKaA==" copy="[&amp;BLEDAAA=], top of the watchtower" info="[12] Next Marker at the top of the watchtower on the beach of Battlement Shore, North-West from here."/>
		<POI MapID="53" xpos="134.138" ypos="23.2897" zpos="757.285" type="mow.makers" GUID="8POGX0ET3Eezs+NmW29fqA==" copy="[&amp;BMUBAAA=], Priory Tent" info="[13] Here happens the Assault on Fort Cadence Meta Event. This event starts by Sinking the Ash Horizon. If this fails, the undeads will take over the beach, and then take over the fort itself.

Next Marker in not very far from Fort Cadence Waypoint, at a Piory tent."/>
		<POI MapID="53" xpos="186.254" ypos="40.7301" zpos="848.795" type="mow.makers" GUID="n1hhWRizs0+zPGn+f/rcWA==" info="[14] Here are several scholars. All they want is helping with the figth. Especially, Yorix can start an event which will lead you in the ruins North.

Next Marker at the bottom of the ruins North, where the event with Yorix ends." copy="at the end of Yorrix's event, at the bottom of The Shattered Keep" />
		<POI MapID="53" xpos="264.301" ypos="-0.450921" zpos="947.569" type="mow.makers" GUID="3uGp9P9MKEKhRNtMp+jlHg==" info="[15] If you are doing the event, you can continue doing it until the end.

After that, Next Marker will still be in these ruins, near a Chest!" copy="next to a chest in The Shattered Keep"/>
		<POI MapID="53" xpos="279.447" ypos="33.7872" zpos="999.005" type="mow.makers" GUID="/YO/7m237ke7cb4y/WVb4A==" copy="near [&amp;BMYBAAA=]" info="[16] That's neat! Well done!

For Next Marker head out of these ruins and of Fort Cadence too. You'll follow the northern side of the map until you reach Floodwater Causeway, East. You will be aiming for braggi's Stead Waypoint"/>

		<POI MapID="53" xpos="520.064" ypos="5.40637" zpos="807.31" type="mow.makers" GUID="ViNel7aeO0q27ZiIYxXEtQ==" info="[17] Hey! Here are great dialogue between Frakki and Watl about the spirits of nature!

When you're done listening to these two, head South. There are ruins everywhere, you are looking for a chest hidden west of a Vista.

See you there!" copy="next to a chest West of Vista [&amp;BHcGAAA=]"/>
		<POI MapID="53" xpos="607.87" ypos="27.7936" zpos="666.951" type="mow.makers" GUID="aa8MfCVtNUCFTq0YaciyWQ==" info="[18] Well done! Next Marker will be at Saltflood Waypoint further South. Do not forget to get that Vista on your way :D" copy="next to [&amp;BMcBAAA=]" />
		<POI MapID="53" xpos="491.874" ypos="34.6994" zpos="539.674" type="mow.makers" GUID="cnRJ6Z0LF0WUzqPRFP2OyQ==" info="[19] Allright! Now, it does get a bit more intricate. There is an interesting event ahead.South, where you can see the Hyleks huts.

Next Marker will be there exactly on the point of interest of Occuintl Grounds." copy="at [&amp;BLMBAAA=]"/>
		<POI MapID="53" xpos="540.405" ypos="64.0219" zpos="410.075" type="mow.makers" GUID="VRaaFq8S6E6DrwyUz7QZiA==" info="Two cases :
1) [20] It's your first time here, please continue on the road further South until you cross a bridge. Dive into the water and find Next Marker at the entrance of a cavern.

2) [25'] It's your second time here, either you go back to the Astrozintli Forelands Southern Post. Or you do the escort event that will start soon if you've just been doing the even with Hyleks. Next Marker for you at the Southwatch Post of the Astrozinli Forelands." copy="[21] at entrance of a cave South, in a river; [26] at [&amp;BMMBAAA=]"/>
		<POI MapID="53" xpos="577.717" ypos="74.7741" zpos="130.504" type="mow.makers" GUID="G7YfIQV5AUCu36b4q3al0Q==" info="[21] Hey! Just follow the stream. Next Marker at the other end of this underground river!" copy="follow down stream"/>
		<POI MapID="53" xpos="372.386" ypos="54.0923" zpos="336.77" type="mow.makers" GUID="a7ocjxChy0i+1SZQyFtumg==" info="[22] Well done! Did you go for that rich vein? Mmm... I guess the Champion Spider was a challenge.

Anyway, head South-East and find Flamefrog Waypoint. Next Marker there!" copy="next to [&amp;BMwBAAA=]"/>
		<POI MapID="53" xpos="581.218" ypos="40.3526" zpos="16.5204" type="mow.makers" GUID="gPtpOD5IfUe9YItZTSJfkw==" info="[23] Alright! A bit West, you might have encounter Agent Voltan. You can start an event with him. Do it.

If the event ''Rescue the Occuintl Hylek'' is already ongoing, join in!

In any case Next Marker is in the cave where the Hyleks are kept captive." copy="in a cave just West where Hyleks are prisoners"/>
		<POI MapID="53" xpos="489.457" ypos="6.37915" zpos="61.2718" type="mow.makers" GUID="hvWcClop40iBRuOAM1T4JA==" info="[24] Free the Hyleks! Then run for their life by doing the escort event.

Next Marker back at the Occuintl Grounds point of interest North. You will reach that place by doing the escort event..." copy="do the event, leads you back to [&amp;BLMBAAA=]"/>
		<POI MapID="53" xpos="682.959" ypos="70.4054" zpos="10.2035" type="mow.makers" GUID="w6CZNBAdq0KDHnLXuGhH3Q==" info="[25] If you're doing the escort event, go on and follow the Hyleks after that.

Next Marker for you at the Occuintl Grounds point of interest.

[33'] If you are here for the second time, then head on South in the Diresight Caverns!

Next Marker for you in the caverns, near a Chest." copy="at [&amp;BLMBAAA=]"/>
		<POI MapID="53" xpos="-44.7472" ypos="7.58168" zpos="212.783" type="mow.makers" copy="at [&amp;BLcBAAA=]" GUID="8fk4NLUKeE+Ft5A3gA/kgA==" info="[26] Swim South-West to the underwater point of interest. Next Marker will be there.

Don't forget about the Meta taking place here at the Hylek village :D"/>
		<POI MapID="53" xpos="-204.522" ypos="-22.3028" zpos="89.5367" type="mow.makers" GUID="H3JCBXDArUOd/5CLkZpdow==" info="[27] Reach the coast West. You'll find a tunnel that leads to the Next Marker near Forvar's Waypoint." copy="next to [&amp;BMoBAAA=]"/>
		<POI MapID="53" xpos="-595.721" ypos="5.94458" zpos="61.2296" type="mow.makers" GUID="39+AUJBYZEWuKgXkvlkE5g==" info="[28] Now swim again! This time South-East... You are aiming at the point of interest in the middle of Leeshore Gauntlet, then continue further.

Next Marker Near Heart NPC Danu, on the other side, under a tent made of leaves."
copy="near Heart NPC Danu, on shore South-East of [&amp;BMABAAA=]"/>
		<POI MapID="53" xpos="-233.52" ypos="30.1553" zpos="-265.918" type="mow.makers" GUID="QwZhvwr+/kOgEiodXN4ZfQ==" info="[29] Here an event involving risen can happen. it starts by speaking to a Wyld Hunt Taction with the event icon. Please do not do it yet.

Instead, Head South in Aleem's Penance. Next Marker at the point of interest there, near a chest." copy="at [&amp;BLwBAAA=]"/>
		<POI MapID="53" xpos="-239.239" ypos="36.7651" zpos="-432.349" type="mow.makers" GUID="UmBf+iZG7kqNOwiDaqMJzA==" info="[30] Explore a bit West. You can get the Hero point South-West, the Aleem's Waypoint West and Next Marker is in front of a tomb.

Be careful about the Champion Risen Juggernaut! See you there!" copy="in front of a tomb a bit North of [&amp;BM8BAAA=]"/>
		<POI MapID="53" xpos="-111.507" ypos="11.8956" zpos="-304.868" type="mow.makers" GUID="nuXyjzs0DkOE0nCY95i+Bg==" info="[31] Still alive? Impressive. You can defend the Tomb against risen attacks, if you fail (or if the event was failed before) the tomb will open and a Champion Juggernaut will roam the area!

Now go North. Near the Stone of Hazaan is a hero point, Next Marker's there." copy="at the Hero Challenge near [&amp;BLoBAAA=]"/>
		<POI MapID="53" xpos="-68.1681" ypos="-30.092" zpos="-49.543" type="mow.makers" GUID="xnPNphXfMUC8k/nmwFRRAg==" info="[32] Nicely done! If the Stone of Hazaan is crowded by undeads, you can try to reclaim the position by starting an event near Heart NPC Danu South-West, back on the coast of Leeshore Gauntlet. Else you can partake to the defense event of the area.

When you're done with the Stone of Hazaan, continue North to Toade's Head Waypoint." copy="next to [&amp;BMsBAAA=]"/>
		<POI MapID="53" xpos="72.6156" ypos="2.67875" zpos="30.2786" type="mow.makers" GUID="I005gOaWFUe/j2+usGZSzg==" info="[33] You are now looping to Flamefrog Waypoint East. Continue even further East to find Next Marker near sources where you escorted Hyleks before." copy="near the sources West of [&amp;BMwBAAA=], where you escorted Hyleks before"/>
		<POI MapID="53" xpos="706.415" ypos="69.542" zpos="-315.907" type="mow.makers" GUID="xWsXNkKm5kal3o2qD81xIQ==" info="[34] Well done! These are a bit of a maze, but you are amazing, so it's nothing to you. By the way, there is an event here with nightmare court thorn wolves!

For Next Marker, head West and find the exit of these caves." copy="find exit of the caves, West"/>
		<POI MapID="53" xpos="532.425" ypos="49.476" zpos="-277.683" type="mow.makers" GUID="AU6xBx2HCkSzuIl87VGc1A==" info="[35] Continue down to Dryground Village Waypoint West. Next Marker awaits you there, near the reinforce armor NPC." copy="next to reinforce armor NPC near [&amp;BE0DAAA=]"/>
		<POI MapID="53" xpos="316.223" ypos="2.88085" zpos="-341.449" type="mow.makers" GUID="P4D62KUfz0u253I2LPZHHg==" info="[36] There is a point of interest West of the village, this is where Next Marker will be." copy="at [&amp;BLgBAAA=]"/>
		<POI MapID="53" xpos="167.162" ypos="3.19746" zpos="-301.088" type="mow.makers" GUID="JUvk1UfCQU2RC9/UcsGiFw==" info="[37] An event can happen here to fight against risens. Do not wait for it. If the Champion Risen Juggernaut is wandering in the area, try your chance with a group of allies.

Next Marker is South at the other side of Thundertroll Swamp, around Brackwater Waypoint, near the reinforce armor NPC.

Crossing the Swamp, be careful about the Champion Troll! (who is not me, for once.)" copy="next to a reinforce armor NPC near [&amp;BM4BAAA=]"/>
		<POI MapID="53" xpos="279.781" ypos="3.83595" zpos="-668.038" type="mow.makers" GUID="9ZPidX5ztkqnAfW25sKalw==" info="[38] Get Brackwater Waypoint and continue South. You'll find a cave entrance, West from the portal to the next map, and Next Marker is there." copy="at a cave entrance West from the map portal South of [&amp;BM4BAAA=]"/>
		<POI MapID="53" xpos="205.331" ypos="27.2141" zpos="-869.933" type="mow.makers" GUID="S7uh9joP7kyWV1MD/khIWg==" info="[39] Explore this cavern, and find Next Marker at the other exit!" copy="find another exit"/>
		<POI MapID="53" xpos="72.5287" ypos="29.2461" zpos="-824.225" type="mow.makers" GUID="8bMF/LGyd0udhkh/sUhOfg==" info="[40] Continue West, through the Shattercleft Hills. Next Marker on the road." copy="on the road West through the Shattercleft Hills"/>
		<POI MapID="53" xpos="-119.902" ypos="69.5811" zpos="-827.276" type="mow.makers" GUID="HE2+a6ymgEOeCsCEGJx8VQ==" info="[41] In the cave North is a Mastery Point. You can collect it, but it is only useful at lvl 80.

Else you want to go further West. You are getting closer to the end of your tour on this map.

Next Marker at Splintered Coast Waypoint." copy="next to [&amp;BNABAAA=]"/>
		<POI MapID="53" xpos="-390.079" ypos="8.30289" zpos="-760.23" type="mow.makers" GUID="1SvY6PepUkyChSKV4rTE6A==" info="[42] Here happens a great Meta Event. Check for Tequalt world boss using '/wiki wb' in your chat.

While waiting and to prepare for the Meta you can (look at the Meta Event panel on your screen):

1) Go to Caer Brier Waypoint (East) and do events in the Chokevine Gorge.

2) The Heart NPC Kamma just North and help.

3) Go to Brooloonu Waypoint (Further North-West) and do quaggan events.

Next Marker is in United Arcarnist Lab a bit North, near reinforce armor NPC, and will explain the World Boss." copy="next to reinforce armor NPC at [&amp;BL0BAAA=]"/>
		<POI MapID="53" xpos="-382.971" ypos="10.9358" zpos="-598.406" type="mow.makers" GUID="Ki7B3cWYzkazxYqVpRar5g==" info="[43] Tequalt Mechanics: Phase 1 and 2 alternate every 25% of Tequalt's maximum health.

Phase 1: Tequalt is stationary and on the ground. Players split: some will directly attack Tequalt, others will use turrets from the backline on the beach while being defended by other players.

Turrets skill #2 is crucial as it prevents Tequatls from summoning a bone wall.

Phase 2: Defend the Megalasers, there are three batteries and the Megalaser itself to defend. Players split to each of them and Tequalt is away in the air.

Failing to defend one of these result in a devastating attack from Tequatl...

Have Fun! After that, Next Marker in at the Eastern border of the map at Darkweather Waypoint." copy="next to [&amp;BM0BAAA=]"/>
		<POI MapID="53" xpos="-552.942" ypos="-47.1019" zpos="-386.934" type="mow.makers" GUID="Ty4j/zqygUGGIRBT4T2hJw==" info="[44] You can start an event to escort Quaggans around here. They will then help for the Woldboss.

While you are in this area, check the Krait structure a bit South-West. You might find an interesting Marker there... Be careful about the Champion Krait there!"/>
		<POI MapID="53" xpos="-682.87" ypos="21.6094" zpos="-549.901" type="mow.makers" GUID="IrzixEZzDEi1rembAaRyGQ==" mapVisibility="0" info="[44'] After you kill Tequatl, you will be able to dive in the sea and find a hole.

Get into that, but be careful as the water will be poisonned. There is a chest at the bottom of the cave, after that, you will be able to swim to the surface to exit the poisonnous water." />
		<POI MapID="53" xpos="-17.299" ypos="0.481483" zpos="-664.856" type="mow.makers" GUID="TKZKjZ6zBUmUG+RJ3dg/rQ==" info="[45] As part of the Meta Event, you can defend Chokevine Gorge against risens. But go back to the Splintered Coast in time to battle Tequatl!"/>
		<POI MapID="53" xpos="573.687" ypos="32.4477" zpos="-614.433" type="mow.makers" GUID="ZjH9YcSMAUe2R2EX2LjcbQ==" info="[46] See how this is not the end of this tour? Where should you go now? Mmm... Maybe wisit the asura lab a bit South?

Or else, head to Mount Maelstrom if you don't mind to let this unfinished!"/>
		<POI MapID="53" xpos="645.093" ypos="40.6689" zpos="-770.606" type="mow.makers" GUID="5PrEixFJakGmZDFAgBLsjw==" mapVisibility="0" info="[47] Ho ho! Straight ahead, behind the yellow asura-tech-gates is your final MARKER!

Good Luck... Bookah!"/>
		<POI MapID="53" xpos="748.845" ypos="29.4659" zpos="-860.647" type="mow.makers" GUID="MSxYosPjFUqGOMBe82RQEA==" mapVisibility="0" info="[48] WELL DONE!
Whooo! This is such a cool place to end this map tour! Thank you so much for using this pack.

Next on your list should be Mount Maelstrom.

Anyway, if you have some feedback, you can still join me in-game at [Euste Ylhes.1095]!

Have fun!!! o/"
/>
	</POIs>
</OverlayData>
