<OverlayData>
	<POIs>
		<Trail trailData="Trails/Steppes_1.trl" animSpeed="0.5" alpha="1" type="mow.roads" fadeNear="500" fadeFar="1000"/>
		<Trail trailData="Trails/Steppes_2.trl" animSpeed="0.5" alpha="1" type="mow.roads" fadeNear="500" fadeFar="1000"/>
		<Trail trailData="Trails/Steppes_3.trl" animSpeed="0.5" alpha="1" type="mow.roads" fadeNear="500" fadeFar="1000"/>
		<Trail trailData="Trails/Steppes_OgreAssault.trl" animSpeed="0.5" alpha="1" type="mow.roads" fadeNear="500" fadeFar="1000"/>
		<Trail trailData="Trails/Steppes_4.trl" animSpeed="0.5" alpha="1" type="mow.roads" fadeNear="500" fadeFar="1000"/>
		<Trail trailData="Trails/Steppes_5.trl" animSpeed="0.5" alpha="1" type="mow.roads" fadeNear="500" fadeFar="1000"/>
		<Trail trailData="Trails/Steppes_JP.trl" animSpeed="0.5" alpha="1" type="mow.roads" fadeNear="500" fadeFar="1000"/>
		<Trail trailData="Trails/Steppes_6.trl" animSpeed="0.5" alpha="1" type="mow.roads" fadeNear="500" fadeFar="1000"/>


		<POI MapID="20" xpos="-560.85" ypos="20.6085" zpos="-1057.87" type="mow.makersstart" GUID="NTaiBpoIbUGQwWLgceAi1A=="/>
		<POI MapID="20" xpos="-560.85" ypos="20.6085" zpos="-1057.87" type="mow.makers" GUID="Ivz/mScXHEOClJbpTLoeMw==" info="Welcome on the Blazeridge Steppes!

This time you're in for a big and cool one! I hope you are as ready as usual. For a start, you are going to walk East along the cliffs.

At some point you will cross a small stream of water, if you go upstream you will find Next Marker under a waterfall!"/>
		<POI MapID="20" xpos="-260.153" ypos="21.0522" zpos="-1180.51" type="mow.makers" GUID="8hktrZYmeUGCHtIiIcoJrg==" info="[2] Go on further East along the water. You will find fishing nets in the rivers at Ferrusatos Village.

This is where Next Marker will be, near a fireheart." copy="[&amp;BPEBAAA=], near fire"/>
		<POI MapID="20" xpos="71.4441" ypos="4.17426" zpos="-1081.39" type="mow.makers" GUID="zhyJx2zELE67dwQpASF8WQ==" info="[3] A chain of events can start here involving Tokkra. I advise waiting for it. While waiting why don't you take part in the local fishing tradition by lurring drakes into nets?

At the end of the event chain you will find Next Marker near a chest at Drake Hollow point of interest." copy="[&amp;BFQDAAA=], near the chest"/>
		<POI MapID="20" xpos="-148.86" ypos="36.4161" zpos="-909.359" type="mow.makers" GUID="SbNWk3okP0y7GH/a5zpctQ==" info="[4] Well done! Now you have to be quick: I think your allies are panning to blow up the whole camp. You are not running back with them though...

Indeed, try to find an exit into the cliffs South-West. Next Marker outside the camp near Tumok's Waypoint." copy="near [&amp;BPsBAAA=]"/>
		<POI MapID="20" xpos="-290.413" ypos="21.8677" zpos="-988.294" type="mow.makers" GUID="J/xngQ4Zs0muCPXTg1VBOg==" info="[5] So... You actually did it? Well, no surprises, I that point I was expecting nothing less from you. Next steps are going to be a bit rough.

First thing, know that an event to defeat some renegade charrs can happen around here. I do not advise waiting for it.

Instead you are going to walk along the outsides of the cliffs surrounding the camp to the West trying to find a way uphill. Next Marker will be on you way, at the location where you will finally be able to start climbing!"/>
		<POI MapID="20" xpos="-121.223" ypos="34.9394" zpos="-985.831" type="mow.makers" GUID="eoXWoQ4dQ0Cq84CPmuiMDg==" info="[6] This is a good ramp to start you ascension to the top of this hill. Next Marker at the very top: see you there! (hopefully)"/>
		<POI MapID="20" xpos="-236.261" ypos="76.5324" zpos="-881.903" type="mow.makers" GUID="UGtUHmJbgUSrXedHncMLyQ==" info="[7] Now take some time to pause and look at the area. Look at the lightings in the sky, the beautiful autumnal colors of the eternal ascalonian lands. Oh, by the way, did you see THAT DRAGON!!!???

Now that we did our job of looking around and writing poetry, maybe can we head out? To the North-East? Trying to reach Soot Road Waypoint?

Go?" copy="near [&amp;BFIDAAA=]"/>
		<POI MapID="20" xpos="-61.7153" ypos="18.0318" zpos="-743.052" type="mow.makers" GUID="Tpw/ap725kiqjDTSEr2FuA==" info="[8] If you are coming from the scenic view at the top of the hill, this is for you: go on North. Next Marker on you way. 

[19] If you are coming from the Crystal, then continue on the road to the West until your reach Steeleye Waypoint. Next Marker there." copy="near [&amp;BPoBAAA=]"/>
		<POI MapID="20" xpos="-55.1019" ypos="38.4248" zpos="-599.373" type="mow.makers" GUID="uc/Pbxj66EuEeDs1O7fk2g==" fadeNear="300" fadeFar="800" info="[9] If you are going North, then start taking a soft turn right toward the East. You will want to look for some devourers' nests.

Next Marker among the nests, South of an enormous Searing crystal." copy="Find devourers nests. Hint: just South of an enormous Searing crystal."/>
		<POI MapID="20" xpos="126.264" ypos="59.3658" zpos="-432.127" type="mow.makers" GUID="RYfQjLCaQEuPFKRHmrqOeg==" fadeNear="300" fadeFar="800" info="[10] Continue towards the East until you reach a road, then follow this road South to reach Behem Waypoint.

Next Marker near Behem Waypoint." copy="near [&amp;BP0BAAA=]"/>
		<POI MapID="20" xpos="251.881" ypos="76.0898" zpos="-590.456" type="mow.makers" GUID="uvhptn3GFEOsKo8ELLVJYw==" info="[11] Continue of this dirty trail and stay on the most obvious path to find Next Marker."/>
		<POI MapID="20" xpos="380.959" ypos="87.1903" zpos="-637.303" type="mow.makers" GUID="5dNwA33HcUCOf/qwR1GXhA==" info="[12] Hey! Look on your right (South), there is a way between the rocks. This is where you want to go now!"/>
		<POI MapID="20" xpos="403.393" ypos="87.9021" zpos="-699.35" type="mow.makers" GUID="ywdlyJjnM06WdLAoe8I6cw==" info="[12bis] Now, if you want to, you can explore on your right (West). If you reach uphill and look into the orange bush... Maybe you'll find something? Or maybe you won't.

Otherwise, Next Marker is near the Vista a further down on the cliff! Good luck with the griffons!" copy="near [&amp;BB8GAAA=]"/>
		<POI MapID="20" xpos="493.343" ypos="53.357" zpos="-750.817" type="mow.makers" GUID="TIIV1O7DZ0G1btWaohZD4w==" info="[13] An event can happen here to collect griffons claws for Thell. After that Thell will go back to Foewatch Encampment which also happen to be your next destination!

You can wait for the event of directly reach the camp. Next Marker is in said camp... On a bed?!" copy="at [&amp;BPgBAAA=]. On a bed?!"/>
		<POI MapID="20" xpos="334.322" ypos="118.061" zpos="-737.808" type="mow.makers" GUID="HfveHo/+BEqCBLpRFsq0dQ==" mapVisibility="0" info="[13'] Eh... I'll admit there is not much here. But, what about you go back to Marker [11] and you walk further East on the road instead of coming here by walking between the rock?

Next Marker on your way at the end of the road."/>
		<POI MapID="20" xpos="509.172" ypos="106.898" zpos="-601.687" type="mow.makers" GUID="y7VLLJbDmUScrbRrprVkQg==" mapVisibility="0" info="[13'] That's good. I hope the spiders were not too much of an issue for you? HEY CAREFUL ANOTHER ONE JUST BEHIND YOUR BACK!

Phew... Anyway, try to venture further into that cave. Do you feel it too? The taste of adventure and risk?"/>
		<POI MapID="20" xpos="574.043" ypos="86.8047" zpos="-557.951" type="mow.makers" GUID="+dcVVzbuA0m8bkVDHn8H9Q==" mapVisibility="0" info="[13'] So, yeah... This is a cool place! There is a chest that you can find... If you want to know how to get out, maybe reach the chest?"/>
		<POI MapID="20" xpos="577.846" ypos="63.3765" zpos="-488.533" type="mow.makers" GUID="YkI/mnbEpkS/MvsUgyzMVA==" mapVisibility="0" info="[13'] Ok young adventurer. If you are here, you can already see the chest. Take a look aroung this platform, don't rush, and see you there :D"/>
		<POI MapID="20" xpos="574.635" ypos="87.7819" zpos="-584.109" type="mow.makers" GUID="kwm3/LA/4EK7oSBEE/CWKw==" mapVisibility="0" info="[13'] Mmm... Is that all? I'm not sure if you should turn back or not."/>
		<POI MapID="20" xpos="572.397" ypos="18.8388" zpos="-518.224" type="mow.makers" GUID="F8vcfveV2UG9oeama3OS2A==" mapVisibility="0" info="[13'] Did you rush and just die by jumping from the very top of the room? Do you ever read what I try to tell you? -sigh-

If you're alive, well, that's a whole other story! I'm so happy and we're going to swim! Yeah, just jump into the water and swim South!"/>
		<POI MapID="20" xpos="579.396" ypos="1.54933" zpos="-732.233" type="mow.makers" GUID="M5FzMqv8GU6a/CVZ415ccw==" mapVisibility="0" info="[13'] And CONGRATULATIONS! You did it, and in one piece! IMPRESSIVE -as usual... it's even starting to get a bit annoying.

Anyway, reach the Vista above on the cliffs to go on your journey!" copy="near [&amp;BB8GAAA=]"/>
		<POI MapID="20" xpos="452.438" ypos="35.6638" zpos="-1036.91" type="mow.makers" GUID="mMYn13dcd0SzgO5fI5qwRQ==" info="[14] You are now going to part take into the Ogre Assault Meta Event. I'm telling you because it can take place here sometimes. Keep an eye on the Meta event but do not wait here.

After completing the nearest Vista go West to Splintered Fort Waypoint. You can do so by crossing water walki upon a bridge South. On your way take Twin Sisters Waypoint.

Next Marker near Splintered Fort Waypoint." copy="near [&amp;BFEDAAA=]"/>
		<POI MapID="20" xpos="227.68" ypos="14.3641" zpos="-919.965" type="mow.makers" GUID="BeW8WIUwikeYfmoIRNBhkA==" info="[15] The Ogre Assault Meta Event starts here by defending the Fort. If you fail, you might fall back to other positions such as the encampment you are coming from.

In anycase the Meta then proceed to assault the Ogres. I want you to wait on that and to help the Fynn and Kor launch a perfect assault!

Next Marker after the bloodshed, at the end of the assault, you will not miss it."/>
		<POI MapID="20" xpos="385.438" ypos="74.7733" zpos="-357.815" type="mow.makers" GUID="uP+hZVNsok2dRzZ4KYXmQQ==" info="[16] Well done, you're on the right path. Continue until the end of the Meta.

Next Marker, to reach after the end of the Meta, further North near Gastor Gullet Waypoint." copy="near [&amp;BE8DAAA=]"/>
		<POI MapID="20" xpos="339.878" ypos="72.8152" zpos="-113.31" type="mow.makers" GUID="I2Qp5ZWyIEOcbCbPF7FEnw==" info="[17] If you look West, you shall see the top of an enormous Searing crystal. And if you are following, you will remember you already saw this crystal back at the devourers' nests.

Anyway, Next Marker is near the Crystal near the Hero Challenge." copy="near the hero challenge at [&amp;BPABAAA=]"/>
		<POI MapID="20" xpos="118.777" ypos="12.5726" zpos="-254.587" type="mow.makers" GUID="3vqTwLbY7kSvFaqvSHgxXQ==" info="[18] Go South-West and reach Soot Road Waypoint that you already unlocked.

An event chain involving two events with grawls can happen here. Do not wait for it as you will be back here later. Do not waste time getting the Vista either." copy="near [&amp;BFIDAAA=]"/>
		<POI MapID="20" xpos="-287.11" ypos="5.27163" zpos="-617.619" type="mow.makers" GUID="sy5pImWd6keYltJ8GQ5Scw==" info="[20] So? What do you think about this? Pretty impressive am I right? Charrs are badass, that's for sure. 

Of course, you can spend as much time as you need to in this luxury resort. Activities involve defending the walls and repairing them... Mostly. Eventually, tourists and plebs might take the place over and you would need to retake it.

Anyway, when you feel like it you can go away following the road West. Stay on the road carefully to find Next Marker."/>
		<POI MapID="20" xpos="-458.729" ypos="19.1361" zpos="-578.181" type="mow.makers" GUID="Kt/WCXjT4E2SOPKeu+pY9A==" info="[20] Now take a turn left (West) and join the cliffs to try to find a way to go up there. Next Maker on your way up."/>
		<POI MapID="20" xpos="-543.692" ypos="49.5968" zpos="-587.334" type="mow.makers" GUID="b2Ym/F0S1EyeU4AQKS4SZA==" info="[21] Goof job! Just climb this and find Next Maker on top of Dragonwatch, where you can best look at the brand."/>
		<POI MapID="20" xpos="-495.11" ypos="72.0495" zpos="-489.632" type="mow.makers" GUID="5JBZ1E9+Mk+XWQGTi/k1kw==" info="[22] Once again you might be able to see a dragon flying above the Steppes. What is sure is that you are definitly seeing the metallic pit down below which you are joining to find Next Marker near th e repairs NPC.

On your way, don't forget to unlock the last whiskey bar waypoint."/>
		<POI MapID="20" xpos="-463.168" ypos="30.5896" zpos="-420.221" type="mow.makers" GUID="S10sh69Hgkiw/y60i4z+jQ==" info="[23] You should find an NPC named 'Ref' Sparkeeper around here. Speak to him, get down into the pit, and start fighting creatures coming from the brand!

When you're done proving your strength to the world -and eventually to yourself- continue towards North. You are aiming at Kinar Fort Waypoint to find Next Marker." copy="near [&amp;BFADAAA=]" />
		<POI MapID="20" xpos="-359.69" ypos="39.7026" zpos="-42.4043" type="mow.makers" GUID="Vfou/80Yv0GDObAAF8ynIw==" info="[24] Hey! There is an event here to defend/reclaim the fort. You do not need to wait for it to happen.

Instead, you can head out a little bit further North to find Heart NPC Faithspotter. Next Marker there."/>
		<POI MapID="20" xpos="-375.362" ypos="53.0108" zpos="13.6601" type="mow.makers" GUID="C28eLShyPEWW5EvQPJ6/1Q==" info="[25] Alright. There are some event involving Skritt that can happen West of here, within the perimeter of this heart, at Tongue Rock.

I advise filling this heart in order to wait for one of these events. There are not especially insteresting but you still need to gain some level before exploring the remaining of the zone.

Anyway, when you are done or when you feel like it, you can cross the brand East and join Refuge Sanctum Waypoint. Next Marker is near the repairs NPC around there." copy="near repairs NPC at [&amp;BAUCAAA=]"/>
		<POI MapID="20" xpos="-130.432" ypos="20.7818" zpos="-81.4062" type="mow.makers" GUID="bZTE7J1KO0e0MpQO6tOBYw==" info="[26] There is a very cool event chain here that start by collecting artifacts from Serenity Temple. I advise waiting for it.

When you are done, you can continue East. That will lead you back to the Searing Crystal. Next Marker will be in the surroundings of the Searing Crystal, at the bottom of a Grawls cave, near a rich vein of minerals." copy="Near a rich vein around [&amp;BPABAAA=]"/>
		<POI MapID="20" xpos="108.276" ypos="31.3857" zpos="-83.1702" type="mow.makers" GUID="ziWoPi5Ro0KU2dI2Bj6/dQ==" info="[27] Well done! That one was kind of hard to find! Next one is worse.

You will head North. What you are looking for is a small lake. Next Marker on the bank of the lake.

You will perhaps be lucky and find the lake easily by watching the sky and looking for harpies..." copy="You are looking for a Marker on the banks of a lake."/>
		<POI MapID="20" xpos="182.159" ypos="0.708485" zpos="169.859" type="mow.makers" GUID="exl/4tHHG0KIiMX+yI25Tg==" info="[28] IMPRESSIVE!

Now that you are here, an event chain can occur here that I suggest you complete. It starts by clearing this place out of harpies. After that, help the ogres as necessary and follow them home.

Next Marker at Degun Shun, Ogres village, near repairs NPC." copy="near repairs NPC in the Ogres village"/>
		<POI MapID="20" xpos="480.784" ypos="42.2948" zpos="209.525" type="mow.makers" GUID="v9GoU1wSHUa9HibfWwZdnw==" info="[29] For the next step of our journey through the Steppes (I hope you are enjoying it!) we are going further North.

You are looking for a hero challenge located East of Lunk Kraal Waypoint. Next Marker at the hero challenge." copy="near a hero challenge, East of [&amp;BAACAAA=]"/>
		<POI MapID="20" xpos="568.161" ypos="32.9553" zpos="461.446" type="mow.makers" GUID="LpsKy4pCUESIS4Q/sSaTbg==" info="[30] Now that you are here, take a look around. At the other side of this place, you might be seeing an Ogre going by the name Gork.

If Gork is not there, I suggest you wait for him to reappear. The event chain involving Gork is cool.

After the event chain, you will find yourself in a Ogres camp just North. Next Marker at the other end of this camp." copy="at the Northern entrance of Lunk Kraal camp that you reclaimed with Gork."/>
		<POI MapID="20" xpos="326.995" ypos="36.9475" zpos="614.717" type="mow.makers" GUID="TTld+xjqnEqKytvru341gA==" info="[31] Now heading Souht-West towards Guardian Stone Waypoint. You should pay attention to wooden watchtowers in the distance, this is where you want to head.

Next Marker near Guardian Stone Waypoint, next to the repairs NPC." copy="next to repairs NPC near [&amp;BP8BAAA=]"/>
		<POI MapID="20" xpos="-30.1829" ypos="26.5205" zpos="415.179" type="mow.makers" GUID="wiWhTNV/NUC18jQtepb+5w==" info="[32] Don't you find this outpost beautiful? I do. 

Next step even further West, next to the repairs NPC near Brandview Waypoint." copy="repairs NPC near [&amp;BAQCAAA=]"/>
		<POI MapID="20" xpos="-480.932" ypos="36.4527" zpos="420.666" type="mow.makers" GUID="/vjGVBU/3EOIZt46DO5YtQ==" info="[33] A very cool event chain starts here. I really advice to wait for it as it will guide you to Next Marker.

The event chain start by talking to Mirayla. If she is not here, or not willing to talk yet, just let her some time.

Next Marker at the end of the event, you can not miss it." copy="complete the event involving Mirayla"/>
		<POI MapID="20" xpos="-220.305" ypos="2.14491" zpos="195.649" type="mow.makers" GUID="oocXv3tqQU+vjoWFg0K2ew==" fadeNear="300" fadeFar="800" info="[34] WOW! You freed her friend and you even took down this infamous inquest golem! Well... Nothing to brag about to be honest.

Now for Next Marker it will be quite a walk. You are getting out of this lab and then following the river towards the North until you find Next Marker. Can't miss it." copy="Walk in the river towards North to find Next Marker"/>
		<POI MapID="20" xpos="-405.393" ypos="0.0529331" zpos="642.187" type="mow.makers" GUID="XIoYe8SzKky3x1HhMbd4XQ==" info="[35] Next Marker is at the Vista above us!

Good Luck!"/>
		<POI MapID="20" xpos="-373.211" ypos="33.0162" zpos="654.065" type="mow.makers" GUID="qPaSaPhCpEKnW4FnC8a8gA==" info="[36] Get back down there and go along the wall East until you find a passage through the wall to the North.

Next Marker will be North of the Wall, next to Lowland Burns Waypoint." copy="Find a way North through the Wall, and reach [&amp;BE4DAAA=]"/>
		<POI MapID="20" xpos="-229.393" ypos="13.3877" zpos="805.498" type="mow.makers" GUID="XtKDcZeL5EushGs+XrK6xg==" info="[37] Now that you are here, you should start looking at 'Krakaltorrik's Legacy' Meta Event. You should absolutely participate in that one.

To know schedule you can use '/wiki et' and look for the Shatterer timer. Again, this one is an absolute requisite, if you happen to be able to do it, you should really do it! :D

For Next Marker you are going to run North-East to Brokentooth Maw Waypoint. (Look for a metallic Charr fort)" copy="next to [&amp;BAICAAA=]"/>
		<POI MapID="20" xpos="-118.788" ypos="17.9347" zpos="969.301" type="mow.makers" GUID="fRBP65213065aMjmJXCLtw==" info="[38] Go on to the East along the Northern border of this zone. Beware you might encounter some mighty ennemy on your way.

Next Marker next to Terra Carorunda Waypoint, East of here." copy="next to [&amp;BAECAAA=]"/>
		<POI MapID="20" xpos="312.025" ypos="19.1045" zpos="901.759" type="mow.makers" GUID="wUTIBNjkcEe+MVwym8yfcQ==" info="[39] There are two Hearts to fill in this North-East corner of the map. I advise doing both.

If you don't have time, then head directly to Fina Duskmaster (Heart NPC) where Next Marker is, South-East of here." copy="Next to Fina Duskmaster (Heart NPC)"/>
		<POI MapID="20" xpos="437.762" ypos="43.8703" zpos="751.145" type="mow.makers" GUID="kHE4ytN5BEmicwFO3PZagA==" info="[40] Ok. Get ready. The next bit is not that important and you could totally freely complete the remaining of the map from there. 

I write that knowing that you might be interrupted in this adventure at any time by the Kralkatorrik's Meta Event. (keep an eye out for this)

For the rough next bit, you are going to walk towards the West. You will then cross a road which will be below you. Next Marker is on that road and you should not miss it..."/>
		<POI MapID="20" xpos="241.213" ypos="3.88845" zpos="745.809" type="mow.makers" GUID="YP5yGVNWrUKjMai5bRUBKQ==" fadeNear="300" fadeFar="1000" info="[41] Well done! It was a tricky one. In the following part, there will be a lot of Markers, ready yourself, it'll be fun!!!

For now, continue down the road to the South."/>
		<POI MapID="20" xpos="168.826" ypos="13.9979" zpos="655.297" type="mow.makers" GUID="/X7tyubwzkCGHWUD8DO8Lg==" info="[42] Take a turn right and climb these stairs."/>
		<POI MapID="20" xpos="125.09" ypos="34.0156" zpos="669.116" type="mow.makers" GUID="qLUrzDjpYUuShJYbGyzBjQ==" info="[43] Take a turn left and stay along the wall."/>
		<POI MapID="20" xpos="0.680758" ypos="30.4611" zpos="596.315" type="mow.makers" GUID="YIRvOODVFEO7SkdyzTyIlg==" info="[44] Take a soft turn right, stay along the wall."/>
		<POI MapID="20" xpos="-84.3721" ypos="12.9819" zpos="607.682" type="mow.makers" GUID="fBQESiWKbUqfqaEw85NEJQ==" info="[45] Go on along the wall, you're not lost (yet)."/>
		<POI MapID="20" xpos="-178.129" ypos="16.6101" zpos="592.438" type="mow.makers" GUID="E7jnONpKzUGl3a0A5jGeVQ==" info="[46] On your right are stairs. You will climb them (it requires making a u-turn)"/>
		<POI MapID="20" xpos="-149.757" ypos="37.0326" zpos="611.569" type="mow.makers" GUID="TAuuGsg8Z0+b0wWB35Oh6w==" info="[47] Go on and turn right. "/>
		<POI MapID="20" xpos="-120.052" ypos="51.7471" zpos="618.143" type="mow.makers" GUID="DUVnhvUbjkqGAar0E7FGRw==" info="[48] You're still on tracks. Climb up!"/>
		<POI MapID="20" xpos="-103.469" ypos="64.6044" zpos="626.015" type="mow.makers" GUID="KDi/1HMz9kqC65TRZk0e4Q==" info="[49] Hop down!"/>
		<POI MapID="20" xpos="-93.0682" ypos="52.8683" zpos="624.006" type="mow.makers" GUID="uelof2SoEkWuwyb0GK0vww==" info="[50] Stay at that level and continue straight forward."/>
		<POI MapID="20" xpos="-60.5248" ypos="64.6496" zpos="623.345" type="mow.makers" GUID="qHlXCU47hkqgSJLn62dBsA==" info="[51] Defeat the veteran and find the chest."/>
		<POI MapID="20" xpos="-70.2675" ypos="63.8131" zpos="642.566" type="mow.makers" GUID="djklfkep6Ueo3I9NYRB5PA==" info="[52] Go along the wall to the West. You will need lose a little bit of heigh"/>
		<POI MapID="20" xpos="-89.9853" ypos="57.7878" zpos="646.615" type="mow.makers" GUID="l6xuZVSJS0yoFY3qTyJWBw==" info="[53] u-turn and get down the wall."/>
		<POI MapID="20" xpos="-67.3867" ypos="40.2299" zpos="650.641" type="mow.makers" GUID="kZozlRTS/0qWIEh4FG7kaQ==" info="[54] Go climb the stairs in front of you."/>
		<POI MapID="20" xpos="-38.1276" ypos="31.8215" zpos="633.744" type="mow.makers" GUID="YDRQDBzqI0y3Poh5LvoiLQ==" info="[55] Climb the stairs."/>
		<POI MapID="20" xpos="-35.0659" ypos="43.0191" zpos="653.946" type="mow.makers" GUID="cxphMNzJYke7n6gXEXShYQ==" info="[56] u-turn right and ramp up."/>
		<POI MapID="20" xpos="4.89532" ypos="63.8706" zpos="636.38" type="mow.makers" GUID="Ly6tK0T7rEOXG+7vWPYnig==" info="[57] Take a soft turn left."/>
		<POI MapID="20" xpos="9.18818" ypos="60.1032" zpos="670.948" type="mow.makers" GUID="RjekdmPrv0yVi3lc8X2OSw==" info="[58] Take right and find stairs to go downstairs."/>
		<POI MapID="20" xpos="56.5271" ypos="41.8799" zpos="703.25" type="mow.makers" GUID="bHg5yQR/S02eNJScdczong==" info="[59] Take right again!"/>
		<POI MapID="20" xpos="95.5612" ypos="39.8804" zpos="698.865" type="mow.makers" GUID="4hSeI8lGdUyF7AnDMJW8XQ==" info="[60] And now almost a u-turn left to find yet another stair going down..."/>
		<POI MapID="20" xpos="80.3153" ypos="42.7622" zpos="721.837" type="mow.makers" GUID="HW3KNZw78Ei/sy6FZPL9kA==" info="[61] Aaaaaand done!

Now next Marker is far North-West at Skara Braevus point of interest!" copy="next to [&amp;BPUBAAA=]"/>
		<POI MapID="20" xpos="-423.735" ypos="27.9206" zpos="977.015" type="mow.makers" GUID="eDCiuY6BSkWrZR1Nfurggw==" info="[62] Well done! You did awesomely great on that map! Fortunately, it is not over! Did you discover Crase's Folly point of interest on your journey here?

If so, go there and look around for Next Marker!

See you o/" copy="Explore around [&amp;BPcBAAA=]"/>
		<POI MapID="20" xpos="474.688" ypos="46.8195" zpos="1051.04" type="mow.makers" GUID="ZLvZi4uutUesWPOkzpFV8Q==" mapVisibility="0" info="[63] Uh? Are you coming from Skara Breavus point of interest at the Eastern edge of the map? If yes, then it's time to explore this area! Climb up!!!

If you are at Marker [39] simply doing the Hearts, then keep in mind this Marker is here, and ignore it for now."/>
		<POI MapID="20" xpos="492.237" ypos="69.4807" zpos="1051.08" type="mow.makers" GUID="7BqayIsMIUy1WBuv0TVeqw==" mapVisibility="0" info="[63']"/>
		<POI MapID="20" xpos="530.7" ypos="52.6292" zpos="1131.24" type="mow.makers" GUID="ODnNvyqfb0uRFpPXR7jjlg==" mapVisibility="0" info="[63']"/>
		<POI MapID="20" xpos="524.381" ypos="59.0378" zpos="1161.23" type="mow.makers" GUID="cBnOD4nycEaFfmsRSVozZQ==" mapVisibility="0" info="[63']"/>
		<POI MapID="20" xpos="528.688" ypos="67.9189" zpos="1149.22" type="mow.makers" GUID="O5MwLs8boEquYfDgAm2now==" mapVisibility="0" info="[63']"/>
		<POI MapID="20" xpos="511.917" ypos="68.9144" zpos="1149.54" type="mow.makers" GUID="U1S7jsF63UeOiNYJYaxeWQ==" mapVisibility="0" info="[63']"/>
		<POI MapID="20" xpos="468.999" ypos="67.2683" zpos="1163.14" type="mow.makers" GUID="hAwllc7YSEmBz9gbkOaUJQ==" mapVisibility="0" info="[63']"/>
		<POI MapID="20" xpos="443.424" ypos="87.5863" zpos="1126.02" type="mow.makers" GUID="luX5/2Z+ikGiMSNfRQaLfw==" mapVisibility="0" info="[63']"/>
		<POI MapID="20" xpos="404.233" ypos="104.007" zpos="1128.94" type="mow.makers" GUID="HrbevxygKk60i4lh0rYgKw==" mapVisibility="0" info="[63']"/>
		<POI MapID="20" xpos="388.93" ypos="97.3407" zpos="1176.19" type="mow.makers" GUID="7dd2yRoJD0ekQfpLNeV6ZQ==" mapVisibility="0" info="[63']"/>
		<POI MapID="20" xpos="342.814" ypos="55.9589" zpos="1137.93" type="mow.makers" GUID="UTmK8DWEkE2NdTYj8Un0bQ==" mapVisibility="0" info="[64]"/>
	</POIs>
</OverlayData>
