<OverlayData>
	<POIs>
		<Trail trailData="Trails/Strait_1.trl" animSpeed="0.5" alpha="1" type="mow.roads" fadeNear="500" fadeFar="1000" />
		<Trail trailData="Trails/Strait_EyeOfZaithan.trl" animSpeed="0.5" alpha="1" type="mow.roads" fadeNear="500" fadeFar="1000" />
		<Trail trailData="Trails/Strait_South.trl" animSpeed="0.5" alpha="1" type="mow.roads" fadeNear="500" fadeFar="1000" />
		<Trail trailData="Trails/Strait_North.trl" animSpeed="0.5" alpha="1" type="mow.roads" fadeNear="500" fadeFar="1000" />
		<Trail trailData="Trails/Strait_JP.trl" animSpeed="0.5" alpha="1" type="mow.roads" fadeNear="500" fadeFar="1000" />
		<Trail trailData="Trails/Strait_2.trl" animSpeed="0.5" alpha="1" type="mow.roads" fadeNear="500" fadeFar="1000" />
		<Trail trailData="Trails/Strait_Central.trl" animSpeed="0.5" alpha="1" type="mow.roads" fadeNear="500" fadeFar="1000" />
		<Trail trailData="Trails/Strait_Balthazar.trl" animSpeed="0.5" alpha="1" type="mow.roads" fadeNear="500" fadeFar="1000" />
		<Trail trailData="Trails/Strait_PreEye.trl" animSpeed="0.5" alpha="1" type="mow.roads" fadeNear="500" fadeFar="1000" />
		<Trail trailData="Trails/Strait_Final.trl" animSpeed="0.5" alpha="1" type="mow.roads" fadeNear="500" fadeFar="1000" />
		<POI MapID="51" xpos="897.378" ypos="36.6148" zpos="120.498" type="mow.makersstart" GUID="axvAuVk3JkeBxxG/5yNLAA==" />
		<POI MapID="51" xpos="897.378" ypos="36.6148" zpos="120.498" type="mow.makers" GUID="0o5CpYcwNUWNssNdJAP0Ag==" info="[1] Hello! Welcome to the Straits of Devastation! This is where you are joining forces with all the Orders as part of the Pact to strategize your assault on Orr and, hopefully, on Zhaitan himself.

As the first of the Orr zone series, you might be surprised to find out that there is no Hearts there! For now on, it's only point of interests, vista, hero challenges and events! I hope you are ready because this will greatly increase the pace and action you find on these maps.

To start with, let's head North to Rzaorslide Bivouac point of interest." copy="at [&amp;BNgCAAA=]" />
		<POI MapID="51" xpos="809.744" ypos="15.0523" zpos="437.539" type="mow.makers" GUID="xFDGn+G4Q0un/OQ3L04MIQ==" info="[2] We are starting this tour by doing a general walk around of the North-Eastern side of the map. An event can happen in this camp to defend it against risens.

When you are ready you can go on North-West to reach Plinth Timberland Waypoint. Next Marker is near this Waypoint on a stone bridge." copy="on a bridge near [&amp;BFgGAAA=]" />
		<POI MapID="51" xpos="720.481" ypos="9.33113" zpos="554.357" type="mow.makers" GUID="NeD/KmFoQk+Y2GLO30juBA==" info="[3] This part of the map can be infested by rotnouths as part of an event. You can part take in the cleaning!

For Next Marker, you want to follow the stream of water upstream until you find a waterfall and Artichokes." copy="amongst Artichokes, down a waterfall, upstream" />
		<POI MapID="51" xpos="815.979" ypos="57.0037" zpos="689.166" type="mow.makers" GUID="hmVJu5W4eEONhTpFHZuNgQ==" info="[4] Keep going along the edges of the map. There is a cliff North where you'll find Next Marker at the entrance of a pretty well hidden cave." copy="find the entrance of a secret cave North of Bramble Pass" />
		<POI MapID="51" xpos="655.301" ypos="52.6104" zpos="746.741" type="mow.makers" GUID="0d3eDJ2LI0WBzTZc1R4cSQ==" info="[5] Well done! Are you seeing the entrance of the cave? Before going ahead, you might want to explore in there!

When you are done, you can head West to Bramble Pass Waypoint for Next Marler." copy="next to [&amp;BOwCAAA=]" />
		<POI MapID="51" xpos="515.415" ypos="71.3179" zpos="728.891" type="mow.makers" GUID="H6RjT3n9sEukeiPRqowr8g==" info="[6] For Next Marker you keep going West to reach Oceanside Ordnance point of interest. The Marker will be in the camp next to Commander Blaike." copy="next to Commander Blaike at [&amp;BNcCAAA=]" />
		<POI MapID="51" xpos="312.025" ypos="20.6407" zpos="764.803" type="mow.makers" GUID="rgmasNrsz0K5kpisyMBW9w==" info="[7] An event can take place when risens take over the hospital. Don't let Zhaitan benefit from our wounded, help around!

For Next Marker, start by heading South and then continue South-East along the coast. On your way you might find an event to destroy a risen Galion. Next Marker at Underbelly Waypoint." copy="next to [&amp;BFkGAAA=]" />
		<POI MapID="51" xpos="515.915" ypos="0.365425" zpos="558.252" type="mow.makers" GUID="+tEBXOjYaU68Up0Pf+ZGLw==" info="[8] Depending on if you succeeded in destroying the risen Galion or not, you might see a crowd of risens trying to reach Fort Trinity.

You are also going to reach Fort Trinity, South of here. You will especially be looking for the submarines harbor inside of Fort Trinity." copy="in the submarines harbor at Fort Trinity" />
		<POI MapID="51" xpos="653.8" ypos="4.63525" zpos="101.114" type="mow.makers" GUID="gPMDQ5anPUi7Kzp93G/u/g==" info="[9] It is time for you to better understand how this map works. There are 4 Meta events on these map. The first three are:

1) The Northern Invasion of Orr;
2) The Central Invasion of Orr;
3) The Southern Invasion of Orr;

You are going to have a chance in participating all three. They all lead you to a same unique position from where the 4th Meta then starts. To start with all these events, you are heading South to Thunderhead Waypoint.

To that purpose you can wait for an escort event that starts just above you head to escort supplies to Siegemaster Denbi." copy="next to [&amp;BPACAAA=]" />
		<POI MapID="51" xpos="627.8" ypos="5.12572" zpos="-135.117" type="mow.makers" GUID="1ZkWwwxIjE2w70Su/zxA3A==" info="[10] You are waiting to do the Southern Invasion of Orr. This is the easiest and least buggy of all the invasion Meta. I advise you look at your UI to find out where the Meta is at. The Meta begins with Protecting this place while the Pact sets up trebuchets.

For Next Marker, simply follow the Meta event to Izz-al-Din point of interest.

While waiting you might do the Champion Drake Broodmother event, you will require a team." copy="at [&amp;BNwCAAA=]" />
		<POI MapID="51" xpos="425.639" ypos="15.1923" zpos="-361.465" type="mow.makers" GUID="QXmxNDvIK0qUSirVAWTUTg==" info="[11] You can follow up with the Meta event to reach Lone Post Waypoint." copy="next to [&amp;BPcCAAA=]" />
		<POI MapID="51" xpos="30.1493" ypos="1.6009" zpos="-309.29" type="mow.makers" GUID="I6mqbs/xikKxN8Dj1dmwsA==" info="[12] When you will take over the Lone Post with the Pact, the Southern Invasion will chain into another escort event. Do not follow this escort.

Head South-West instead, to the Conservatory point of interest. Next Marker will be there, next to a statue.

To that purpose you can wait at the Lone Post for an event chain starting by escorting a Pact squad to the conservatory. I advise waiting for it." copy="next to a statue at [&amp;BNEEAAA=]" />
		<POI MapID="51" xpos="-127.794" ypos="36.9401" zpos="-573.669" type="mow.makers" GUID="5WCY9UD9DEOxSi6d08Fcdg==" info="[13] Well done! Next Marker is just North in front of the Lasciate Gateway point of interest." copy="in front of [&amp;BM4EAAA=]" />
		<POI MapID="51" xpos="-92.9209" ypos="6.51452" zpos="-426.644" type="mow.makers" GUID="4FmgslJb1kSSiSEM3sgN/w==" info="[14] You will sometimes find this kind of doors around Orr. You open it by killing the veteran foe keeping them.

Continue through the door to the West to find a gold-covered tree." copy="Next to a gold-covered tree West of the [&amp;BM4EAAA=]" />
		<POI MapID="51" xpos="-199.737" ypos="4.49088" zpos="-393.299" type="mow.makers" GUID="jPVZpoS4kE6i/FLwzZC3hw==" info="[15] For Next Marker you want to go South-West. You will see a crashed helicopter on the ground. This is where you will find Next Marker." copy="next to a crashed helicopter South of [&amp;BPkCAAA=]" />
		<POI MapID="51" xpos="-339.485" ypos="0.380644" zpos="-506.125" type="mow.makers" GUID="ANQl1gR9/0qv33nOxIQSUw==" info="[16] An event can happen here to help repairing the helicopter. Do it if avaible!

Next Marker will be South from here next to a Melandru statue." copy="next to a Melandru statue South of the crashed helicopter" />
		<POI MapID="51" xpos="-336.671" ypos="22.3631" zpos="-634.056" type="mow.makers" GUID="tGosl7XfzEKxGdrszkQPRg==" info="[17] For Next Marker head East to Waywarde Waypoint." copy="next to [&amp;BPgCAAA=]" />
		<POI MapID="51" xpos="-217.712" ypos="25.1716" zpos="-682.931" type="mow.makers" GUID="PPIPEl3xbkm1WzghUpBHpA==" info="[18] For Next Marker go further East and then North as if you wanted to go back to the Lone Post. On your way will be an Orrian door where you'll find Next Marker." copy="at an Orrian door on your way to the [&amp;BOECAAA=]" />
		<POI MapID="51" xpos="-16.494" ypos="24.3125" zpos="-555.7" type="mow.makers" GUID="1gq0qrVpcUuLdKzkOUE0BQ==" info="[19] For Next Marker continue East to reach Broken Spit Waypoint." copy="next to [&amp;BPECAAA=]" />
		<POI MapID="51" xpos="291.157" ypos="0.388416" zpos="-464.245" type="mow.makers" GUID="L12DgS1bOUamXUeyVmAoPw==" info="[20] An event to keep risen sea creatures from replicating themselves can happen here.

When you are ready to leave, take a look North. You are seeing a tower. This is your next goal. Next Marker on your way to the Vizier's Tower, next to diving goggles." copy="next to diving goggles, on your way to [&amp;BN4CAAA=]" />
		<POI MapID="51" xpos="167.549" ypos="37.7654" zpos="-380.899" type="mow.makers" GUID="R0sFqN+nykqVrjOdbp4b3w==" info="[21] Next Marker at the top of the Tower, you can't miss it!" copy="at the top of [&amp;BN4CAAA=]" />
		<POI MapID="51" xpos="176.568" ypos="77.9261" zpos="-317.318" type="mow.makers" GUID="Y0AuwT3y+0SPcwnR6xa+iA==" info="[22] An event involving a Rizen Wizard can happen up there.

For Next Marker, go back to Izz-al-Din and reach the Vista on this island. From the Vista, looking South, you will only be able to spot one single small rock out of the waters. This is where you'll find Next Marker" copy="on an emerged rock South of Vista [&amp;BMAGAAA=]" />
		<POI MapID="51" xpos="538.177" ypos="1.56532" zpos="-512.568" type="mow.makers" GUID="cd1y7smBzkq0jrDWW1im6w==" info="[23] Well done! Two events chain can happen here. The first one is to help Bluboop. Second one is about excorting Guida back to  Cadrigan's Jetty, it starts a bit further East. I advise doing one or the other if available.

There might be even be yet another event further South about a risen captain. You need not wait for it.

Next Marker will then be at Cadrigan's Jetty." copy="at [&amp;BNsCAAA=]" />
		<POI MapID="51" xpos="852.368" ypos="2.56563" zpos="-320.498" type="mow.makers" GUID="esg2BdAgpUm5vVuqCQLBFw==" info="[24] Explore the cave system North and find Next Marker next to the Vista in there." copy="next to Vista [&amp;BL4GAAA=]" />
		<POI MapID="51" xpos="905.608" ypos="52.7908" zpos="-220.907" type="mow.makers" GUID="v1lfHHCArE2rlXJzvZDOPw==" info="[25] Where you ready to find such a beautiful area amidst these rotten lands? This is quite cool right?

For Next Marker find a way out of this verdant cave North. Vista on your way." copy="at a Northern entrance of the verdant cave." />
		<POI MapID="51" xpos="863.276" ypos="46.3466" zpos="-123.804" type="mow.makers" GUID="S4SP/NbsR0unHTI29A1VKQ==" info="[26] Go on North to exit the cave system. Next Marker at the entrance." copy="at the Northern entrance of the cave system" />
		<POI MapID="51" xpos="847.994" ypos="46.5785" zpos="-70.2293" type="mow.makers" GUID="MTl0GFc6vUC63Y59rCKTkg==" info="[27] Well done! Your exploration of the Southern part of the map is over. You are now heading towards the Northern Invasion Meta event. For that purpose start by reaching the Northern entrance of Fort Trinity. You will find Next Marker there." copy="at the Northern doors of Fort Trinity" />
		<POI MapID="51" xpos="734.365" ypos="8.18125" zpos="315.229" type="mow.makers" GUID="KtJYzXoSHEOPoVBjX64zyA==" info="[28] You are waiting for an escort event involving golem PAC-7000 to start. Keep an eye out for this golem as it will spawn around here. I higly suggest you wait for this event. You will then follow the full event event until you reach its end at Stentor Cannonade point of interest." copy="at [&amp;BNkCAAA=]" />
		<POI MapID="51" xpos="62.3764" ypos="16.4874" zpos="627.274" type="mow.makers" GUID="eW5L1TjoskuNRZ7Chqu4cg==" info="[29] Welcome to the Northern Invasion of Orr. This Invasion is lead by the sky! (but you'll be swimming) You might want to start gethering some people before starting this one, as some of the step can be hard to complete alone. The invasion starts by defending or capturing this place.

For Next Marker follow the Meta until you reach the opposite shore at Brassclaw Waypoint." copy="next to [&amp;BPQCAAA=]" />
		<POI MapID="51" xpos="-333.966" ypos="0.199494" zpos="212.487" type="mow.makers" GUID="hnS7yqtwL0iaqUpe6455bg==" info="[30] Well done! Once again you are not following the Meta anymore for its following steps. Instead you are heading North-West to Dire Shoal Waypoint by swimming along the coast." copy="next to [&amp;BOUGAAA=]" />
		<POI MapID="51" xpos="-721.569" ypos="-20.7026" zpos="419.291" type="mow.makers" GUID="s9gtUEnISkSfK1Y1ouogsg==" info="[31] An event can happen here to defend a Galleon from risens. Before you do this, I advise finding Next Marker which is located a bit South a beach near ship wrecks." copy="on a beach South of [&amp;BOUGAAA=], amongst ship wrecks" />
		<POI MapID="51" xpos="-789.832" ypos="0.170733" zpos="354.884" type="mow.makers" GUID="ZJ8TAOnycE6J0tE+dSgRlQ==" info="[32] An event can start here, an you are definitely waiting for it. This event starts with an escort to help the Pact reach the graveyard.

While you are waiting, you can try to complete the Galleon event in the bay just North.

Next Marker at the end of the graveyard escort, next to Antheneum Waypoint." copy="next to [&amp;BPUCAAA=]" />
		<POI MapID="51" xpos="-788.948" ypos="32.7996" zpos="-42.1968" type="mow.makers" GUID="d6UdCmyY5EGvssR+W6Y/3w==" info="[33] End the event chain and then head South-West to the Chapelof Lady Glaive point of interest. Next Marker will be there, next to a chest." copy="next to a chest at [&amp;BOgCAAA=]" />
		<POI MapID="51" xpos="-929.727" ypos="57.8247" zpos="-263.142" type="mow.makers" GUID="8gZCesUpwEumnp4nY4NxpA==" info="[34] An event involving a Champion Risen Captain can happen here. But, I bet you just did it.

To keep going, head North to Monastery of Tughra point of interest." copy="at [&amp;BOsCAAA=]" />
		<POI MapID="51" xpos="-941.058" ypos="22.5371" zpos="127.085" type="mow.makers" GUID="zMmJYAT+mkmmRPpxMWPtSQ==" info="[35] A small event chain can happen here starting by freeing agent Raia from her suit. It is a hard one to try doing alone.

For Next Marker you are pursuing you way to the North. It will be next to a statue near the Hero Challenge just North fron here." copy="next to a statue at the Hero Challenge North from [&amp;BOsCAAA=]" />
		<POI MapID="51" xpos="-914.777" ypos="23.0452" zpos="277.007" type="mow.makers" GUID="LObwQKNzCUCgaHDq3jK4RQ==" info="[36] I hope you are ready for a bit of underwater content! Else, next bit will get a bit annoying...

Head North of Dire Shoal Waypoint an look for a huge wreck underwater. Enter it an find the chest next to which is Next Marker." copy="next to a chest in a wreck North from [&amp;BOUGAAA=]" />
		<POI MapID="51" xpos="-599.493" ypos="-121.816" zpos="678.14" type="mow.makers" GUID="L/Zfo2JbckyiJe2RdPInww==" info="[37] WELL DONE! This one was not easy at all! NOT AT ALL! DEFINITELY NOT EASY! For sure, very hard even.

Next Marker will look like a walk in the park in comparison. Simply head to the Plaza of Lost Wisdom point of interest." copy="at [&amp;BOACAAA=]" />
		<POI MapID="51" xpos="-364.948" ypos="-115.418" zpos="662.691" type="mow.makers" GUID="bVzik/g6eUq1VgXTUgG5Pg==" info="[38] An event to defeat the risens guarding the Plaza can happen here. Meanwhile, a bit South, another event can happen to destroy some Kraits and help a Pact crew get back to Stentor Cannonade.

For Next Marker you are heading back to Fort Trinity! Look for it at Armada Harbor point of interest." copy="at [&amp;BP0DAAA=]" />
		<POI MapID="51" xpos="577.965" ypos="3.77672" zpos="213.615" type="mow.makers" GUID="G8EdaYxubEiqkN2hDUbuBA==" info="[39] If you are looking for submarines, it's not here but further South.

Else, you are going to start your last Invasion Meta event: the Central Invasion of Orr. Ready yourself and bring some allies if you can. This one can have a bit of a delay before resetting. While waiting you can try to take down the risen Megalodon rampaging in Terzetto Bay. There is also an underwater puzzle in Terzetto bay that can take you occupied for quite some time.

The Central Invasion of Orr starts with an event to defend the Megalasers and then destroy a bone ship here. Keep an eye out for these.

Next Marker on your way during the Meta next to the Vista at the Stygian Deeps point of interest." copy="next to Vista at [&amp;BN8CAAA=]" />
		<POI MapID="51" xpos="187.042" ypos="21.3247" zpos="181.093" type="mow.makers" GUID="1oeo5HlgnUigPygxsTyX9Q==" info="[40] Continue with the Meta. You may need to wait a little bit before it goes to next step, but it definitely will. Next Marker on the Orrian shore at Conquest Marina Waypoint." copy="next to [&amp;BPYCAAA=]" />
		<POI MapID="51" xpos="-219.104" ypos="0.417646" zpos="-86.3628" type="mow.makers" GUID="mdXmoAitlEOFeQk0LHXT1A==" info="[41] This time you are keeping with following the Meta. In fact you are now looking at a New Meta Chain named ''Temple of Balthazar''. Your next step is to escort Pact squad to the Pact rally point.

Next Marker at the rally point." copy="next to [&amp;BNIEAAA=]" />
		<POI MapID="51" xpos="-502.657" ypos="40.7429" zpos="-114.735" type="mow.makers" GUID="QQVnu5oBZUi6kSudqfJSRA==" info="[42] Wait a little for the Meta event Temple of Balthazar to start the ''Help the Pact reach the Altar of Betrayal''. Gather some allies if not already done or you will probably fail the event. Make sure to keep at least one NPC alive or the event fails.

If there is a lot of people, be extra-careful as the event will heavily upscale and some foes will become savage.

Next Marker at the end of the Meta next to Glorious Victory Waypoint." copy="[&amp;BPoCAAA=]" />
		<POI MapID="51" xpos="-658.069" ypos="95.7807" zpos="-463.124" type="mow.makers" GUID="XKRWGefKaEakw0K1AG5n9g==" info="[43] Well done! This event was once part of the end game of Guildwars 2 and was very interesting to run since it drops good materials. It still is an enjoyable event, but there are usually less players than it used to be.

Now head down the Cathedral of Glorious Victory following the slope South-West. You will reach an Hero Challenge in front of which Next MArker will be." copy="In front of an Hero Challenge South-West of [&amp;BPoCAAA=]" />
		<POI MapID="51" xpos="-799.239" ypos="60.6887" zpos="-651.324" type="mow.makers" GUID="qC7zi7fmOE6vzrPTLx8RPw==" info="[44] For the last bit of your adventure on this map, you are going to go back to the Blighted Battleground, West of Waywarde Waypoint. To do so, bypass the Cathedral of Eternal Radiance by the North.

Once in the Blighted Battleground area, try to find a beacon of green light or NPC Nallandra. Next Marker will be next to her. It will be visible from afar." copy="next to NPC Nallandra in the middle of the Blighted Battleground, West of [&amp;BPgCAAA=]" />
		<POI MapID="51" xpos="10.6364" ypos="0.253991" zpos="-682.31" type="mow.makers" GUID="Jin58IQA8E2k7JDMsYSWWA==" fadeFar="1500" fadeNear="300" info="[45] If you are pretty early in you exploration of the map, ignore this Marker.

Else, this one was not the easiest to find! But youy did it nonetheless.

If no NPC is there (yet), then you're in for a wait. This will be your last event on this map and I really advise you to take part: it's a good one. It starts by destroying risens to help Nallandra send a signal to her team. After that follow the team.

Next Marker at the end of the event chain, unmissable.

While you wait, there is an event involving a Champion Hylek South. You will have to make a detour by swimming to reach the area where the event takes place." copy="do the event chain starting near Nallandra in the Blighted Battleground" />
		<POI MapID="51" xpos="-580.815" ypos="15.6743" zpos="-716.977" type="mow.makers" GUID="TRuCBAnHw0SIP8QZDFkzgA==" info="[46] WELL DONE! I didn't lie when I told you it was a great event!

You're almost at the end of your journey on this map. Keep following the event chain until you find Next Marker at the Western entrance of these ruins." copy="At the Wertern entrance of Zho'qafa Catacombs" />
		<POI MapID="51" xpos="-777.387" ypos="41.2905" zpos="-649.673" type="mow.makers" GUID="x1AELbW+D0aGr1zCbv672g==" info="[47] If you are looking for a Marker in front of a Hero Challenge after having completed the Temple Meta event, it's just above.

Else, if you are coming from a long event chain in the Catacombs, then simply head to Sentry Waypoint, where last Marker awaits you." copy="next to [&amp;BPsCAAA=]" />
		<POI MapID="51" xpos="-894.804" ypos="37.0907" zpos="-375.322" type="mow.makers" GUID="cHSaKEu6MUSUpgBOEGCgsw==" info="[48] AAAAAAAAAAND IT'S THE END OF YOUR MAP TOUR! How are you liking Orr so far? I hope you just answered ''a lot'', because there are still two maps to go...

Thank you again for using this pack. I know this map is not the favourite map of many people, to say the least, but I hope it was still enjoyable! If you have remarks or criticisms, please feedback on the github or contact me in-game at [Euste Ylhes.1095].

For the Next Map, you can go to either Malchor's Leap or Frostgorge Sound. This last one can be a good one to complete now or after Malchor's Leap so as to take a break from the suffocating atmosphere of Orr continents.

See you on Next Map! Be Well! o/"/>
	</POIs>
</OverlayData>
