<OverlayData>
	<POIs>
		<Trail trailData="Trails/Timberlines_1.trl" animSpeed="0.5" alpha="1" type="mow.roads" fadeNear="500" fadeFar="1000"/>
		<Trail trailData="Trails/Timberlines_2.trl" animSpeed="0.5" alpha="1" type="mow.roads" fadeNear="500" fadeFar="1000"/>
		<Trail trailData="Trails/Timberline_3.trl" animSpeed="0.5" alpha="1" type="mow.roads" fadeNear="500" fadeFar="1000"/>
		<Trail trailData="Trails/Timberline_4.trl" animSpeed="0.5" alpha="1" type="mow.roads" fadeNear="500" fadeFar="1000"/>
		<Trail trailData="Trails/Timberline_Krattz.trl" animSpeed="0.5" alpha="1" type="mow.roads" fadeNear="500" fadeFar="1000"/>
		<Trail trailData="Trails/Timberline_Fainn.trl" animSpeed="0.5" alpha="1" type="mow.roads" fadeNear="500" fadeFar="1000"/>
		<Trail trailData="Trails/Timberline_5.trl" animSpeed="0.5" alpha="1" type="mow.roads" fadeNear="500" fadeFar="1000"/>
		<Trail trailData="Trails/Timberline_JP.trl" animSpeed="0.5" alpha="1" type="mow.roads" fadeNear="500" fadeFar="1000"/>
		<POI MapID="29" xpos="-552.891" ypos="38.698" zpos="915.97" type="mow.makersstart" GUID="ma7Zpl8GCkeAKRvahyyisA==" />
		<POI MapID="29" xpos="-552.891" ypos="38.698" zpos="915.97" type="mow.makers" GUID="ejsBuQciI0S+tjyEAhXySw==" info="[1] Welcome! Welcome to the Timberline Falls! If you are coming from Dredghaunt Cliffs, don't worry, this one is fabulous!

Without further ado, let's start! Your first step will take place South at Kyesjard point of interest. Next Marker will be near a reinforce armor NPC.

Have a lot of fun on this map!" copy="reinforce armor NPC at [&amp;BEECAAA=]" />
		<POI MapID="29" xpos="-433.599" ypos="48.0272" zpos="728.804" type="mow.makers" GUID="cGraESy7NUSKqVXlO1WbaA==" info="[2] An event can happen here to protect the beer kegs from skritts.

When you are done with this place, go and explore North-East, along the lake to try and find diving goggles. Next Marker there.

On your way you might encounter an event to help Hogarth catch Skritts." copy="Find diving goggles (Western shore of the Lake)" />
		<POI MapID="29" xpos="-166.201" ypos="29.3888" zpos="890.434" type="mow.makers" GUID="yqeNWldAqEC/4R37SP/jPg==" info="[3] Well done! Before diving you should know about the local fishmen rumors that a Lake Monster inhabits these waters.

For Next Marker you are heading South on the wooden bridge that connects both shores of the Lake. Please ignore the Waypoint that is also present South as you will come back for it later." copy="on a wooden bridge." />
		<POI MapID="29" xpos="-233.682" ypos="3.75984" zpos="668.542" type="mow.makers" GUID="IehKKrTgBkOQpj0t1QtieQ==" info="[4] Continue to the West. You should find an energy probe next to which Next Maker is." copy="Next to an energy probe" />
		<POI MapID="29" xpos="-566.819" ypos="27.3786" zpos="563.943" type="mow.makers" GUID="VTjT4FdJz0CyRufeMq1jMw==" info="[5] Go South along the cliffs and the Western border of the Map. You will find a garden full of Cauliflowers.

Next Marker amongst the cauliflowers." copy="among cauliflowers" />
		<POI MapID="29" xpos="-565.89" ypos="40.0922" zpos="379.537" type="mow.makers" GUID="0pbFU+eFr0+LNiieqMVVmw==" info="[6] Well done! Take some time to collect all these. After that continue South until you cross a small stream of water. Follow downstream.

Next Maker on a branch downstream." copy="find a stream of water and follow it." />
		<POI MapID="29" xpos="-422.101" ypos="1.22485" zpos="305.521" type="mow.makers" GUID="JUpAIHHwKk2zFgd/Q94gIA==" info="[7] Go North under the stones and find Thistlereed Grove point of interest.

Next Marker will be there, next to a chest." copy="next to a chest at [&amp;BEACAAA=]" />
		<POI MapID="29" xpos="-466.239" ypos="4.67637" zpos="424.932" type="mow.makers" GUID="lNwh7kUUHEe9oreIhrXmnw==" info="[8] This was not that easy! Well done!!!

For Next Marker head a bit North-East. There is a wooden bridge where you'll find it." copy="on a wooden bridge." />
		<POI MapID="29" xpos="-352.349" ypos="1.05901" zpos="499.287" type="mow.makers" GUID="AE4WgZLc1UalxkONXXFHKw==" info="[9] Continue South along this road until you meet Thistlereed Waypoint." copy="next to [&amp;BFECAAA=]" />
		<POI MapID="29" xpos="-378.307" ypos="24.7951" zpos="382.473" type="mow.makers" GUID="nwHLfVHIlUeJE3sj8VYGsw==" info="[10] Ok, next step is not that easy. You are going to go straight to the East, and try to find an entrance to a cavern.

Once you're in, look for Stovepipe Pogue point of interest. Next Maker at the entrance of the cavern." copy="at the entrance of Fionnghuala Scratch." />
		<POI MapID="29" xpos="-260.641" ypos="30.3998" zpos="387.171" type="mow.makers" GUID="bZ3WAtZxYUy8qVnmUtOqIQ==" info="[11] If this is the second time you go through here, ignore this one.

If it is only your first time, then keep going in the cavern. Once you're in, look for Stovepipe Pogue point of interest. Next Maker exactly on the point of interest.

Note that you might see an event involving Krattz in there. You should not get involved." copy="at [&amp;BD4CAAA=]" />
		<POI MapID="29" xpos="-91.0392" ypos="46.843" zpos="284.798" type="mow.makers" GUID="4aBJIuhS9EKdoNMi/vulrg==" info="[12] First time here? Ignore any event and keep going by heading further in the cavern to the North. Next Marker when you're getting out.

[40] Second time here? Finish the event with Krattz if not already done, then head to the Eastern galeries (they then lead you North-East). Next Marker when you get outside." copy="[&amp;]" />
		<POI MapID="29" xpos="-73.286" ypos="49.7703" zpos="493.325" type="mow.makers" GUID="1JXKDOjPYkKWTd9DvBh/aQ==" info="[13] Let's not waste time before these Jotuns return.

Next Marker is North-West, at Gentle River Waypoint." copy="next to [&amp;BFACAAA=]" />
		<POI MapID="29" xpos="-161.051" ypos="12.4973" zpos="626.055" type="mow.makers" GUID="INsey4X97UOn2X0uVfy+BA==" info="[14] If not already done, you can start by getting the Vista just North. After that climb up to the East to find Balddistead.

Next Marker at Balddistead point of interest, near a camp fire." copy="near camp fire at [&amp;BEICAAA=]" />
		<POI MapID="29" xpos="48.842" ypos="78.2216" zpos="716.662" type="mow.makers" GUID="9rPfc8VMhE2JyEmbV7rLKw==" info="[15] So are you enjoying this map so far?

For Next Marker head a bit South and join White Paper Waypoint." copy="next to [&amp;BE8CAAA=]" />
		<POI MapID="29" xpos="134.492" ypos="58.7141" zpos="482.561" type="mow.makers" GUID="eLm5+D6HrE+txBuj4eMsWw==" info="[16] We are now crossing the iced lake North to reach Iron Veil Waypoint where Next Marker awaits." copy="next to [&amp;BFMCAAA=]" />
		<POI MapID="29" xpos="198.45" ypos="47.6653" zpos="873.254" type="mow.makers" GUID="w2lAk/UY8kSDyji3xWDJVA==" info="[17] A dredge event can take place here it then chains inside the dregde mines with one other event.

For Next Marker you are going to enter the Dredge mines. Next Marker at the entrance." copy="at the entrance of the Dredge mines" />
		<POI MapID="29" xpos="275.284" ypos="54.6533" zpos="808.875" type="mow.makers" GUID="/k9OL7K01UmNttDsWofXXA==" info="[18] Enter the mines and start looking for a spiral staircase.

Next Marker when you find the spiral staircase." copy="Find a spiral staircase in the mines." />
		<POI MapID="29" xpos="407.046" ypos="16.3146" zpos="763.099" type="mow.makers" GUID="Mn6Fd2GsY06qRVo66D/oUA=="  info="If you are looking for a spiral staircase: WRONG WAY.

Else, you can go on."/>
		<POI MapID="29" xpos="306.488" ypos="43.3265" zpos="760.05" type="mow.makers" GUID="7qPbNH2fmUa1zl8WGzoB+A==" info="[19] Well done! Go downstairs and find your way further underground. You will enter a beautiful ice tunnel.

Next Marker on you way inside the ice tunnel." copy="inside an ice tunned" />
		<POI MapID="29" xpos="192.145" ypos="5.72256" zpos="655.956" type="mow.makers" GUID="ikdqmkIcgECCiC8MSE3ZFA==" info="[20] Keep going and find a way out of here. Next Marker on your way." copy="find a way out." />
		<POI MapID="29" xpos="217.899" ypos="29.1299" zpos="600.488" type="mow.makers" GUID="ADw/mriMN0iSmnFD+r7lsA==" info="[21] Keep going South while looking to the East. You will find Next Marker under a stone arch." copy="under a stone arch to the Souht-East" />
		<POI MapID="29" xpos="287.418" ypos="47.1312" zpos="458.946" type="mow.makers" GUID="fq2c0do+BESrnfDJela/2w==" info="[22] Keep going straight East. A series of events can happen here, but we are mostly ignoring them for now.

Instead, we are joining Foundation 86 Waypoint to find Next Marker." copy="at [&amp;BE4CAAA=]" />
		<POI MapID="29" xpos="599.651" ypos="25.8064" zpos="544.154" type="mow.makers" GUID="o6bwfExTV0Cgpe7YughWjg==" info="[23] Enter the cave North and try going straight North. DO NOT TAKE A TURN LEFT.

Next Marker very soon, on your way.." copy="Go North into the cave." />
		<POI MapID="29" xpos="588.418" ypos="31.4466" zpos="621.59" type="mow.makers" GUID="YvQ3SMq9eUCygKwNFcQC+A==" info="[24] I hope you are ready. Did you bring some friends? No? You... ahem... You might want to.

Keep heading in this direction through Sector Wuhl. Next Marker on your way." copy="Keep progressing North" />
		<POI MapID="29" xpos="633.736" ypos="46.5219" zpos="813.051" type="mow.makers" GUID="HOydMx8dCkSfn8q8M7N1dw==" info="[25] Still on trakcs! Keep going!" />
		<POI MapID="29" xpos="598.349" ypos="58.2467" zpos="910.607" type="mow.makers" GUID="QG237pk9g0q1EM3qpXI6gg==" info="[26] Be careful ahead! Mext Marker will be unmissable in the middle of the room you are going to enter." copy="In the middle of the room" />
		<POI MapID="29" xpos="508.868" ypos="11.3518" zpos="939.941" type="mow.makers" GUID="awGskzVhN0a2f3BKAAaVPQ==" info="[27] There is a chest and Next Marker in a cave at the North-East corner of this place."/>
		<POI MapID="29" xpos="666.862" ypos="25.859" zpos="1001.88" type="mow.makers" GUID="/vP5p6HgjUKatbQMzKs3XQ==" info="[28] WELL DONE! YOU'RE ON FIRE! No, I mean, really: you are on fire!!!

Next Marker might be hard to find, it is at the South-West Corner of this place. Try to find a way out." copy="Try to find a way out." />
		<POI MapID="29" xpos="462.191" ypos="18.6541" zpos="864.897" type="mow.makers" GUID="VPttEkE2ikKX4psb6QoRFA==" info="[29] Allright! This is good. If you took the chest, then you can leave through there. Next Marker on your way."/>
		<POI MapID="29" xpos="435.522" ypos="26.9488" zpos="856.07" type="mow.makers" GUID="C1/4FVgn20CcOvF/sXlQ3w==" info="[30] Phew! YOU SURVIVED THAT! IMPRESSIVE!

For Next Marker just keep going." />
		<POI MapID="29" xpos="415.011" ypos="19.4765" zpos="850.328" type="mow.makers" GUID="5IBb3KCOz0+icUlMUpTRGw==" info="[31] Take a turn left (to the South).

You will find Next Marker at Copperhanmmer Mines point of interest." copy="at [&amp;BEMCAAA=]" />
		<POI MapID="29" xpos="455.848" ypos="1.47827" zpos="630.115" type="mow.makers" GUID="DZhfvNVVkkKtMK3Th4DcXw==" info="[32] Explore these Mines freely. One event involving Dredge drilling can happen here. Ignore other events before you find Next Marker.

For Next Marker you want to find the highest point in these Mines (take the slopes up). It will be located at one of the entrances." copy="find the highest entrance of the Mines" />
		<POI MapID="29" xpos="430.207" ypos="70.9534" zpos="521.965" type="mow.makers" GUID="MlW8KE7sakexwJAWLbOIBA==" info="[33] We are now waiting for an Event chain that start with defeating a Grawl commander in the open area down below. It follows by escorting an Order of Whispers team.

I highly advise waiting for it. However, it is possible that this event chain is being stalled further down the road.

If you find that you are waiting for too long, Next Marker is at Ogduk Waypoint, South." copy="next to [&amp;BE0CAAA=]" />
		<POI MapID="29" xpos="349.54" ypos="7.8528" zpos="194.892" type="mow.makers" GUID="a4Hzl154MkKxBwR4OQszAA==" info="[34] If you are doing the event chain with the Order of Whisper team, go on.

Else, Next Marker is East, within the skull looking stones on top of the fall." copy="near [&amp;BDwCAAA=]" />
		<POI MapID="29" xpos="568.86" ypos="83.157" zpos="187.764" type="mow.makers" GUID="qgdc0PPlr0mhepElD6NcYw==" info="[35] Well done!

For the Next Marker you are running West and a little bit South. Your aim is reaching Stromkarl Waypoint.

On your way you might encounter an event involving Pirates. Takes time to free their prisoners if necessary." copy="next to [&amp;BEYEAAA=]" />

		<POI MapID="29" xpos="8.02814" ypos="45.3122" zpos="8.5178" type="mow.makers" GUID="TBceOl4HukKwxMJ0ZCsdXw==" info="[36] Look at the South-West. You should see a huge watchtower on top of the hill. This is where you are going to find Next Marker." copy="On top of the hill with the watchtower." />
		<POI MapID="29" xpos="-135.661" ypos="84.874" zpos="-72.2589" type="mow.makers" GUID="j99iEjmlc0K6VppHFBrChA==" info="[37] This place is very interesting event wise, but you require a lot of luck to see it all.

Depending on when you get here, this place can be destroyed or fully build. If the place is destroyed, the event chain starts further West just North of Concordia Waypoint (the alliance workers event). Else, if the tower is already build and NPCs are here, you might defend it or help consolidate it. Keep an eye out for events.

Explore freely to the West. Next Marker will be near just below the Vista West." copy="Somewhere below the Vista [&amp;BGYGAAA=]" />
		<POI MapID="29" xpos="-290.189" ypos="26.5374" zpos="-9.75306" type="mow.makers" GUID="zA//GE5HX0uAtKgihp3ykA==" info="[38] There is a cool event chain that can happen just here requiring to catch Ettins. You can wait for it.

In any case, Next Marker is at Valance Tutory Waypoint." copy="next to [&amp;BEwCAAA=]" />
		<POI MapID="29" xpos="-425.822" ypos="9.12076" zpos="164.545" type="mow.makers" GUID="XqYvb+z89kCvgfU43L47CA==" info="[39] We are waiting for a very specific event chain starting by escorting Krattz. Next Marker is at the end of this event chain, at Stovepipe Pogue.

While waiting you can:
1) Explore near Concordia Waypoint if not already done;

2) Collect Ettins for Junga event chain as explained in previous Marker;

3) Defend Wikk while he is working on repairing his portal in the laboratory;

4) Complete heart, vista and objectives around here;" copy="at [&amp;BD4CAAA=], at the end of Krattz event." />
		<POI MapID="29" xpos="87.9972" ypos="67.8825" zpos="437.457" type="mow.makers" GUID="JY0oxIXwPUumk4zz2U5biw==" info="[41] Now you are heading South. Next Marker is on you way on an iced torrent. Before that you can climb the pass just South-East to get a nice view (you might want to follow the MoW trails)." copy="South, on an iced torrent." />
		<POI MapID="29" xpos="66.1251" ypos="83.8508" zpos="246.076" type="mow.makers" GUID="csdjAIYds0yNw8JdTOYtqA==" info="[42] You are going even further South to Eztlitl Grounds Waypoint where you will find Next Marker.

On your way, you might do an event involving a dredge mining operation." copy="next to [&amp;BEoCAAA=]" />
		<POI MapID="29" xpos="213.498" ypos="13.3575" zpos="-160.469" type="mow.makers" GUID="N4Y3aOJKC0OQ4BU7Xukncg==" info="[43] You are now entering the area for Nonmoa Lake Meta event. This village can be part of a first step of the Meta event and you have to defend it from the Kraits.

When you are done with this place, go on the island North-East at Kiriel Rock point of interest." copy="at [&amp;BDsCAAA=]" />
		<POI MapID="29" xpos="417.645" ypos="17.7681" zpos="-67.6486" type="mow.makers" GUID="HL+vZPNND0GgCAQ3jzZ75g==" info="[44] An event chain can happen here starting by cleaning the island from crabs. This is a cool test to see if you are ready for the following of our exploration of the area.

For Next Marker, you are swimming South to Coil Waypoint!" copy="next to [&amp;BEcCAAA=]" />
		<POI MapID="29" xpos="537.402" ypos="2.90699" zpos="-516.38" type="mow.makers" GUID="bhCsAML/UE6WUUt72+Mzlg==" info="[45] There can be an event here to defeat a Largos, but do not wait for it. There is also another event that involves helping quaggangs securing the area. This is the one you want to do. It starts around the heart NPC just South.

Next Marker on your way, while doing the Quaggan's event." copy="Help quagguan secure the Lair of the Coil event" />
		<POI MapID="29" xpos="642.763" ypos="10.206" zpos="-586.957" type="mow.makers" GUID="JtQGd2i3Sk+pjGjeKqEjJQ=="  info="[46] Well done! Keep going with the event. When you are done, climb up the slope just there. Then explore the caverns up to the North.

Next Marker outside the caverns, at Scale Strand Waypoint." copy="next to [&amp;BEgCAAA=]"/>
		<POI MapID="29" xpos="535.536" ypos="12.961" zpos="-232.842" type="mow.makers" GUID="lyr0IcGM1UegI6azBrWX9g==" info="[47] Go West then South along the shores until you reach Nonmoa Waypoint." copy="next to [&amp;BEkCAAA=]" />
		<POI MapID="29" xpos="59.0962" ypos="1.78127" zpos="-434.626" type="mow.makers" GUID="GH/pYTuNtEqGn7tSarnjNw==" info="[48] Take the slope North and find Next Marker at a fire camp way before reaching the watchtower at Stromkarl Heights." copy="near a camp fire, North-West of Nonmoa Waypoint." />
		<POI MapID="29" xpos="-72.6" ypos="46.43" zpos="-300.857" type="mow.makers" GUID="TMx/D5/ICUqytW9VygpnWg==" info="[49] Continue West to reach Gyre Rapids Waypoint." copy="next to0 [&amp;BEsCAAA=]" />
		<POI MapID="29" xpos="-253.838" ypos="12.5767" zpos="-324.67" type="mow.makers" GUID="FZr37mvsf0q4cc11F5AMRg==" info="[50] Go further West to Heart NPC Raekk." copy="near Heart NPC Raekk" />
		<POI MapID="29" xpos="-384.796" ypos="7.37549" zpos="-345.897" type="mow.makers" GUID="vXm5jGTbk0aFjoZyiEs0gA==" info="[51] A cool event can start here to Protect krewe leader Dobbs. I advise waiting for it.

Next Marker will be near Rankor Ruins Waypoint, next to a camp fire." copy="next to a camp fire near [&amp;BFQCAAA=]" />
		<POI MapID="29" xpos="-393.056" ypos="20.852" zpos="-515.613" type="mow.makers" GUID="r7rM/sOHkEOk6ZYXlc4Uww==" info="[52] If you are doing Dobbs event, go on. You can come back here after it ends.

Else, you are looking for the Next Marker West from here in a cave,next to a Hero Challenge." copy="in a cave, next to a hero challenge" />
		<POI MapID="29" xpos="-678.494" ypos="36.645" zpos="-473.318" type="mow.makers" GUID="oUXk692Xf02UGuLPZMbW9w==" info="[53] Well done!

For Next Marker, try to find a way out of these caverns going South. Marker at the Southern entrance." copy="at the Southern entrance of these caverns" />
		<POI MapID="29" xpos="-520.878" ypos="16.4528" zpos="-586.807" type="mow.makers" GUID="YOLAO3Vv2kSx4e55RazkKw==" info="[54] Continue South along the edge of the map. You are looking for Next Marker in a hidden stream of water in the cliffs." copy="find a source of water in the cliffs around the swamp" />
		<POI MapID="29" xpos="-606.959" ypos="8.89857" zpos="-748.192" type="mow.makers" GUID="qTD2qxxDoEy9QCLNCvxvrA==" info="[55] This one was not easy to find, but isnt this place quite enjoyable?

For Next Marker, head East to find Caer Evermore point of interest. Marker will be next to a reinforce armor NPC." copy="next to reinforce armor NPC at [&amp;BDcCAAA=]" />
		<POI MapID="29" xpos="-284.255" ypos="8.20764" zpos="-848.259" type="mow.makers" GUID="oqrT792S9E+NtaKky8C2qA==" info="[56] A bunch of events chain can happen here. They all start with the defense of this place.

1) The event involving slaying risen in the swamp is great, you can do it;

2) Further East, at Serpent Stone you can find two events involving risens;

3) An escort for new Vigil weapons to Nonmoa Lake, involving NPC Gabbi starts here;

For Next Marker you really want to wait for Gabbi's event -the 3). Next Marker at Serpent Waypoint." copy="next to [&amp;BEUCAAA=]" />
		<POI MapID="29" xpos="-100.115" ypos="11.2637" zpos="-703.751" type="mow.makers" GUID="CIbMJqzZZk2q6+iC9RF93w==" info="[57] If you are not doing the escort for Vigil's weapons next Marker will be hard to find. But it is on the shore of Nonmoa Lake, near the mouth of the river crossing Serpent Stones.

Else, simply follow the Weapons event until its end where Next Marker will be." copy="on the shore of Nonmoa lake, near the mouth of the river" />
		<POI MapID="29" xpos="81.2128" ypos="1.30178" zpos="-611.376" type="mow.makers" GUID="XOOyzNXtvE2YAj0ESP4T5g==" info="[58] Well done!

See this stucture in the middle of the Lake? Well... This is your destination. Next Marker there! You will find it on one the platforms higher up.

Especially, as part of the Meta Event, a Krait witch can spawn up there. Next Marker where she spawns." copy="Where a Krait Witch could rampage"/>
		<POI MapID="29" xpos="331.25" ypos="63.2285" zpos="-532.45" type="mow.makers" GUID="34/uC9PBNEuvhO86Sit3jw==" info="[59] If you just defeated the Krait witch you're incredible!!! There might be other objectives in the Lake to complete.

For the following head to the Coil Waypoint. Go into the caverns, but a different then previously: visit the Southern Cavern.

Next Marker at the entrance of this cave!" copy="Yet another cavern entrance South-East of [&amp;BEcCAAA=]"/>
		<POI MapID="29" xpos="346.212" ypos="-35.5457" zpos="-779.224" type="mow.makers" GUID="YOe6h97c9UGtoC1taACO1w==" info="Explore the Mallaggan's Grotto freely. For Next Marker, you will want to explore to Western part of the cave.

This place is still in the area of the Meta Event, some event to defend this Quaggan village can happen!" copy="explore the Western part of Mellaggan's Grotto"/>
		<POI MapID="29" xpos="541.846" ypos="19.6321" zpos="-603.521" type="mow.makers" GUID="fdOJIuU1F0Kd71K534jKNg==" info="[60] If you are waiting for a Quaggans event, it's not there! Wrong Way!

If you are coming from the Krait structure in the middle of Lake Nonmoa, then keep going.

For Next Marker you want to head South and look for a natural hole in the ground with water down below." copy="Find a hole with water at the bottom."/>
		<POI MapID="29" xpos="599.034" ypos="42.5851" zpos="-723.067" type="mow.makers" GUID="waNc6xm9cUquis8XZZqk1A==" info="[61] Seems like you're on a good path! Jump down there but aim correctly not to die from you fall. Also be ready, nobody knows what these waters hide!

For Next Marker swim to Okarinoo Waypoint." copy="next to [&amp;BEYCAAA=]"/>
		<POI MapID="29" xpos="55.6741" ypos="8.92551" zpos="-891.897" type="mow.makers" GUID="VPIOh3tiBkKyqTKlKAO52Q==" info="[62] Well done!

For Next Marker go back to Okarinoo and find a cavern South of it, above the water. Next Maker is in the cavern, next to a chest." copy="next to a chest in a cave South of [&amp;BDgCAAA=]"/>
		<POI MapID="29" xpos="299.649" ypos="28.4977" zpos="-910.161" type="mow.makers" GUID="lPIo/NA3Y02oxVzdTWA84A==" info="[63] WELL DONE!!! This is the end of our tour on Timberline Falls!

I hope you enjoyed it and that you now love this map as much as I do!

For your next adventures, you might want to head South to Mount Maeltrom or to head to Fireheart Rise in Charr lands (enter by the Iron Marches, but do not complete the Iron Marches).

If you like my work, or have criticisms and suggestions, be free to leave feedback on the github or to contact me in game at [Euste Ylhes.1095].

Wishing you all the best! :D"/>
	</POIs>
</OverlayData>
