<OverlayData>
	<POIs>
		<Trail trailData="Trails/Wayfarer_Final.trl" animSpeed="0.5" alpha="1" type="mow.roads" fadeNear="500" fadeFar="1000"/>


		<POI MapID="28" xpos="-224.064" ypos="93.781" zpos="-616.158" type="mow.makersstart"/>
		<POI MapID="28" xpos="-224.064" ypos="93.781" zpos="-616.158" type="mow.makers" GUID="+hs8HUs9bU+7lx6IkUbkOw==" info="[1] Welcome on this map tour of the Wayfarer Foothills! To start, just follow the trail south and head towards the Heart of Raven on your left."
/>
		<POI MapID="28" xpos="-39.7015" ypos="76.464" zpos="-704.941" type="mow.makers" GUID="eSjUHgrhH06gJ8aEK8aLUQ==" info="[2] There is a fun event consisting in answering riddles that occurs frequently there. Go up to the Heart of Raven. When you are done, the next point is at the vista on the roof of the nearest building."/>
		<POI MapID="28" xpos="-61.0569" ypos="128.401" zpos="-665.086" type="mow.makers" GUID="yYQAMNDAmkqLZg8YKsf91w==" info="[3] Get down and head south into the Borealis Forest. There is a Norn settlement with a lot of NPCs to speak with. Get [Hero's Moot Waypoint] on your way. This is where the next point will be."/>
		<POI MapID="28" xpos="11.6532" ypos="39.8" zpos="-771.419" type="mow.makers" GUID="Cr7t9SNHHkOOj3qY+lEzpg==" info="[4] An event with Minotaurs can trigger in the forest, and the NPCs at the settlement just there will point you to it if it is ongoing, you will have another chance to get this event. Some of the event chain in the following actually start at the settlement, so come back sometimes if you want a full experience.

Next point is at the settlement, near the fire camp." />
		<POI MapID="28" xpos="4.48144" ypos="25.551" zpos="-855.191" type="mow.makers" GUID="pjp10oRLlECWN/dbc/d1MA==" info="[5] You now go further south and meet with Wolf Spirit. (follow the road)"
/>
		<POI MapID="28" xpos="57.9203" ypos="10.7787" zpos="-1100.57" type="mow.makers" GUID="eevIyGh0HE+pnIsnHBeN0g==" info="[6] Speak to the wolves and follow them around while doing heart completion. Take the Outcast's Waypoint (West from here) as soon as you can, and check often for one of the dredge events involving destroying or stopping the dredges from reparing their tower. Next point will be at the Outcast's Waypoint."/>
		<POI MapID="28" xpos="-52.5302" ypos="52.5914" zpos="-1238.78" type="mow.makers" GUID="oQRJrY9b+kiR/KkjtJdI3w==" info="[7] You can venture in the cavern, you might want to get the Outcast's Waypoint first, just in case you inadvertently die."/>
		<POI MapID="28" xpos="-45.5676" ypos="24.5898" zpos="-1090.55" type="mow.makers" GUID="GoYwvUFXFUmAhufYxH3HKQ==" info="[8] Do the dredges event chain. While waiting, you can visit the Dredge mine, or venture into the Svanir cavern just South if not done yet. The dredge event chain will take you at the bottom of Molensk mines. Get the vista there as the next point will be next to it."/>
		<POI MapID="28" xpos="-461.207" ypos="31.9342" zpos="-1262.07" type="mow.makers" GUID="jJ15NLTfY0Cm6fCuisv76g==" info="[9] After you get the vista, get out of the mine but by the other way. The next point will appear naturally if you take the right path."/>
		<POI MapID="28" xpos="-377.637" ypos="6.07069" zpos="-1195.3" type="mow.makers" GUID="92Nx/DIJQEiVShnohdc7mQ==" info="[10] This is indeed your way out.Stick to the left and climb into a large tunnel. The next point out of the mine!"/>
		<POI MapID="28" xpos="-275.747" ypos="83.623" zpos="-833.734" type="mow.makers" GUID="unvtXUQ1hUu8X4tTUwuArg==" info="[11] Go on you right, you will then be at Snow Leopard Spirit heart. You can do the heart, there is also a Dredge event that can trigger there.

After that continue East until you meet the river. The next point will be by the river, next to the Drake nests."
/>
		<POI MapID="28" xpos="144.821" ypos="0.796695" zpos="-1040.18" type="mow.makers" GUID="C8d0JzTzVkGH5gr+fRcr6w==" info="[12] On the other side of the river, you may find Ulfred.

If he is not here, wait while doing the Minotaur event in the Forest, Or killing the Drake BroodMother. Ulfred starts an event chain with stopping the Grawls from stealing drake eggs. I advise to wait for this event chain. Follow Ulfred in the Icy cavern South. You will find the next point by the statue he carves."/>
		<POI MapID="28" xpos="500.649" ypos="19.254" zpos="-986.618" type="mow.makers" GUID="833S/5I6OUWfkY0I7G+Flw==" info="[13] Get out of the cave, and go north to [Grawlenfjord Waypoint]"/>
		<POI MapID="28" xpos="280.005" ypos="2.10735" zpos="-911.486" type="mow.makers" GUID="YkcCBvllnEGQ7Wyd4X5YKQ==" info="[14] Continue north to the Heart NPC.

Another event chain with Grawls can trigger near there, involving NPC Kani. You might also find Kani in Borealis Forest whenever the event is not up. I also advise to wait for this event, you can make a detour by the hero point just East of Grawlenfjord while waiting.

Next point is at the Heart NPC."/>
		<POI MapID="28" xpos="341.847" ypos="4.95276" zpos="-829.588" type="mow.makers" GUID="Vf5hm9mGR0eePVk5ASspkg==" info="[15] Cross the water and pass through the Jotun camp. There is a cave in the Jotun Camp you might want to visit and where our next point will be."/>
		<POI MapID="28" xpos="478.901" ypos="35.5135" zpos="-670.323" type="mow.makers" GUID="Ga5Ts0bRik6MUE1w+6TMJQ==" info="[16] An event might trigger back in the camp involving Jotun's Leader Naddoddur. Else, go to the northern part of the Jotun camp and then west towards the vista. You will find next point there."/>
		<POI MapID="28" xpos="230.102" ypos="45.8067" zpos="-665.663" type="mow.makers" GUID="52MhHvbo+0CmjihNDzGDDA==" info="[17] Try to find a passage in the water down below. Next point will be next to an NPC named Lunt."/>
		<POI MapID="28" xpos="228.276" ypos="2.29593" zpos="-525.263" type="mow.makers" GUID="GCzo4ENZ0ESPFiJRlImBhg==" info="[18] I advise to wait here for Lunt's event with dredges. After that, get out of the mine by the northern entrance, following the path behind Lunt. Next point will be at [Darkriven Waypoint]."
/>
		<POI MapID="28" xpos="326.144" ypos="22.3836" zpos="-381.759" type="mow.makers" GUID="TaiMtQj+V0mVm5ecZ8hw2w==" info="[19] You can explore the hill up ahead and get a Vista and a Hero point. After that come back here, and cross the bridge. Next point will be near the Heart NPC in Taigan Groves."/>
		<POI MapID="28" xpos="176.574" ypos="23.1116" zpos="-149.237" type="mow.makers" GUID="mrvSsglcNE2iIPxlsYxZKQ==" info="[20] Wait for the Dolyak event chain.

The NPC will appear just here. While you wait, get the Taigan Waypoint. You will have another chance to do this event chain.For next point take the road South at Taigan Waypoint." />
		<POI MapID="28" xpos="-127.224" ypos="38.7733" zpos="-293.744" type="mow.makers" GUID="FS6QGoRpAESAg8A5gx9OfQ==" info="[12] Do the Heart on your way through the Breakneck Pass if you dare confront the strength of the Rabbit's spirit. After that keep following the road and you shall be right where your adventure started."/>
		<POI MapID="28" xpos="-262.561" ypos="104.624" zpos="-529.442" type="mow.makers" GUID="ctEKUU7pckaBfg0/5yQkSg==" info="[13] Take the stairs to climb to the hero challenge if you are level 11. In any case, after that, go to Hero's Moot Waypoint  [&amp;BHMBAAA=]. From there head North-East toward Heart of the Bear, and find a path up the Mountain. You will find the next point on this path." />
		<POI MapID="28" xpos="92.5896" ypos="86.0753" zpos="-669.16" type="mow.makers" GUID="5czWnS5QaU20jmXQocJbug==" info="[14] Here you go, up the Mountain!"/>
		<POI MapID="28" xpos="14.2049" ypos="175.725" zpos="-432.264" type="mow.makers" GUID="S7QfrvxzaEeAyg/M5E5VXg==" info="[15] Go left, and wait for Linea's Event. The fist event of the chain is to collect fur samples for Linnea. Next point is near NPC Linnea."/>
		<POI MapID="28" xpos="-156.139" ypos="171.626" zpos="-391.327" type="mow.makers" GUID="2reWxSfmHEepEfN+nJKPbw==" info="[16] If Linnea is not here, that means the event chain is already advanced. Wait for it.

While waiting, get the vista and point of interest nearby."/>
		<POI MapID="28" xpos="-296.689" ypos="167.458" zpos="-420.011" type="mow.makers" copy="In a Jotun Camp North-East, near a chest" GUID="aIEz8Gu+R0q0AT+APZGHOA==" info="[17] Keep Following Linnea and get [Osenfold Waypoint] on your way. After the event is done, next point is in the Jotun Camp North-West. To access it, look for a thin passage between huge walls. The point will be next to a chest."
/>
		<POI MapID="28" xpos="-470.069" ypos="124.311" zpos="-168.028" type="mow.makers" GUID="GqxhJobeAEm6fXznX/a3pA==" info="[18] Now get out of this camp and head further North. Keep walking along the cliffs. You will find a cave entrance where is the next point." />
		<POI MapID="28" xpos="-355.702" ypos="105.099" zpos="-9.85157" type="mow.makers" GUID="NadG+koBC0K4m9fDm0QdEg==" info="[19] In there is Shaman's Rookery jumping puzzle. You can do it, and come back here, or just keep going north until you find the hotsprings. There is a vista at the hotsprings. The next point is near this vista!"/>
		<POI MapID="28" xpos="-279.228" ypos="137.129" zpos="118.02" type="mow.makers" GUID="RAtrzGnUQUeqsewQfCP2xg==" info="[20] Such a detour to access this one!

Now no need to stay up there forever. Head north, there are friendly Jotuns there, waiting to trade with you. The next point is by their camp fire."/>
		<POI MapID="28" xpos="-98.5165" ypos="92.5357" zpos="212.931" type="mow.makers" GUID="PG9MqR1kJUiekA0UOBVDsg==" info="[21] East is the [Twinspur Haven Waypoint] where you are heading now. The next point will be near the vista nearby this Haven."/>
		<POI MapID="28" xpos="186.683" ypos="139.979" zpos="74.8087" type="mow.makers" GUID="EgbfXDw+Z0e+YLT1Cm1UYw==" info="[22] Go south again, back to Taigan Groves. This is your second chance to do the Dolyak event chain near Taigan Waypoint. The next point is under a bridge you'll cross to go there"/>
		<POI MapID="28" xpos="64.5105" ypos="37.5475" zpos="-38.2078" type="mow.makers" GUID="YVAjsewSEk+6c05tD2xqsA==" info="[23] If you want to do the event in Taigan Groves, do them then come back here. Follow the stream and find the Diving Goggles. Use them. Then head north crossing the water on a snow-bridge and into a tunnel-cave.

You shall aim for Vendrake's Homestead Waypoint where the next point will be."/>
		<POI MapID="28" xpos="305.658" ypos="71.4433" zpos="209.85" type="mow.makers" GUID="LNuTICnblUS8T8dirjuJSA==" info="[24] There is a Grawl camp just East. The next point will be there."
/>
		<POI MapID="28" xpos="453.122" ypos="72.0348" zpos="264.905" type="mow.makers" GUID="76NUYarJBE+6bYILgguAMg==" info="[25] The Champion Svanir Shaman Chief is a world boss event.

It will trigger just at the northern entrance of the camp where there is a point of interest. Check the next occurence using '/wiki wb'. Do not wait for hours, just remember to waypoint back there whenever this world boss occurs.

You head North to [Krennak's Homestead Waypoint], which you can't miss as it right in the middle of the frozen lake." />
		<POI MapID="28" xpos="229.343" ypos="82.6789" zpos="515.109" type="mow.makers" GUID="QRY8amuubk2Feb+bqJ91Pg==" info="[26] And continue North toward the Lostvyrm Cave Waypoint. You will grab hero points on your way as well as do hearts if you will." />
		<POI MapID="28" xpos="147.598" ypos="82.8116" zpos="757.641" type="mow.makers" GUID="j23laW/r1E6UdalKsZKdeg==" info="[27] Go back on the ice, along the western edges until you find a passage with loads of Svanirs. The next point will be at the beginning of the passage."/>
		<POI MapID="28" xpos="33.5988" ypos="76.0853" zpos="546.078" type="mow.makers" GUID="DqlQZHa5Q0eM0cy+HbpjIA==" info="[28] If you didn't get the Lostvyrm Cave Waypoint, go get it!

Go in the passage, and don't forget to open the chest. Then get the vista that will be above your head."/>
		<POI MapID="28" xpos="-40.1021" ypos="142.907" zpos="577.74" type="mow.makers" GUID="vC39m3mY+Umgmej3guEn0Q==" info="[29] Go straight West to the [Halvaunt Waypoint]."
/>
		<POI MapID="28" xpos="-185.461" ypos="108.211" zpos="574.159" type="mow.makers" GUID="owW4y42mTEOFdTS8tjEd1A==" info="[30] If you look South, the here the Homestead, which you can visit. And some trees. Go through the trees South, and find the Heart NPC. The next point will be there."
/>
		<POI MapID="28" xpos="-257.764" ypos="126.765" zpos="372.947" type="mow.makers" GUID="a8vSaPa/6kme0zCslJIfCw==" info="[31] Just here, wait for Foreman Agvior event. He will then lead you into the mine. After you are done with the mine, head back north to Cross Haven. The next point will be up on the walls."/>
		<POI MapID="28" xpos="-100.278" ypos="130.903" zpos="801.143" type="mow.makers" GUID="08nvM50jPE6DuZcRdEbIkA==" info="[32] From there, follow the Lion's Road East. You will see a tent with some Lionguards. This is where the Meta Event Assault on Svanir's Dome starts and where the next point also happens to be!" />
		<POI MapID="28" xpos="83.2995" ypos="117.366" zpos="930.594" type="mow.makers" GUID="yyrqa0eJuUOOdScYEeEncQ==" info="[33] This is where the Meta Event Assault on Svanir's Dome starts.

You will want to wait for it to begin and either: 1) Help Reztiff Sunderfoe capture the east tower or 2) Help Shaska Kaldmorn take the west tower  (after one of them is done, you can help the other anyway)

While you wait explore the North-East corner of the map, there are 2 waypoints and a hero point to earn. Next point is where the Meta Ends."/>
		<POI MapID="28" xpos="22.2747" ypos="187.02" zpos="1151.26" type="mow.makers" GUID="JmZDaRWFf0aWutVawdBJdw==" info="[34] If you've done the Meta, then you're close to the end! Just get the nearest hero point and head West toward [Dawnrise Waypoint]." />
		<POI MapID="28" xpos="-326.252" ypos="113.473" zpos="1038.58" type="mow.makers" GUID="JG4gtS/KIU+VddS8rmWU9g==" info="[35] Here you are at the end of your adventure in Wayfarer Foothills!

Next on the list might be Snowden Drifts? Get warm before you go there...

-You can contact me In-Game under 'Euste Ylhes.1095' [EU server]" />
	</POIs>
</OverlayData>