<OverlayData>
  <POIs>
    <POI MapID="1041" xpos="156.368" ypos="70.2813" zpos="696.066" type="chest.mapspecific.dragonsstand" GUID="MIFu8etZR0GvdCItAmNEtw=="/>
    <POI MapID="1041" xpos="497.303" ypos="50.0668" zpos="630.302" type="chest.mapspecific.dragonsstand" GUID="y402lETHyU62223EArbjEA=="/>
    <POI MapID="1041" xpos="356.217" ypos="95.5241" zpos="645.676" type="chest.mapspecific.dragonsstand" GUID="s1KFkfIwHkewwkYVNr9QFw=="/>
    <POI MapID="1041" xpos="243.101" ypos="83.4845" zpos="644.936" type="chest.mapspecific.dragonsstand" GUID="7odHXU/3eUG8VQof5rvB4A=="/>
    <POI MapID="1041" xpos="22.1048" ypos="71.7036" zpos="629.518" type="chest.mapspecific.dragonsstand" GUID="/LDFCjh6IEGHMX5F6YV7qQ=="/>
    <POI MapID="1041" xpos="-158.736" ypos="87.731" zpos="207.146" type="chest.mapspecific.dragonsstand" GUID="xpg7gPewmUGvsEX8io3N1Q=="/>
    <POI MapID="1041" xpos="631.224" ypos="131.334" zpos="240.273" type="chest.mapspecific.dragonsstand" GUID="FDBYU6XQoU2cW05Th9sH1g=="/>
    <POI MapID="1041" xpos="561.012" ypos="136.834" zpos="213.458" type="chest.mapspecific.dragonsstand" GUID="U0oczwcJX0e09458p+OljQ=="/>
    <POI MapID="1041" xpos="601.084" ypos="136.456" zpos="138.947" type="chest.mapspecific.dragonsstand" GUID="c1JJ7SZP6UeWFG2cjd/ArQ=="/>
    <POI MapID="1041" xpos="614.385" ypos="136.064" zpos="159.34" type="chest.mapspecific.dragonsstand" GUID="JAjeGdfJJUuMxJK3f1Rz+w=="/>
    <POI MapID="1041" xpos="266.68" ypos="35.3268" zpos="44.026" type="chest.mapspecific.dragonsstand" GUID="pJC8+Co1ZU+eLTyt4oULSg=="/>
    <POI MapID="1041" xpos="232.566" ypos="42.1299" zpos="40.3528" type="chest.mapspecific.dragonsstand" GUID="YJNiwCdTK0mP9eBTStW1ww=="/>
    <POI MapID="1041" xpos="249.045" ypos="51.136" zpos="22.1024" type="chest.mapspecific.dragonsstand" GUID="f0uJ4mIarUK8aXDpHAElQw=="/>
    <POI MapID="1041" xpos="233.308" ypos="56.5024" zpos="26.2227" type="chest.mapspecific.dragonsstand" GUID="WEqhVbiRcUCZIBV9aSMcsA=="/>
    <POI MapID="1041" xpos="228.558" ypos="34.2087" zpos="105.678" type="chest.mapspecific.dragonsstand" GUID="I6ABD/h/V0uo5XnisKezgA=="/>
    <POI MapID="1041" xpos="127.668" ypos="97.5621" zpos="123.713" type="chest.mapspecific.dragonsstand" GUID="CT5+IWkAnkaVPnsUl1rpbw=="/>
    <POI MapID="1041" xpos="4.44322" ypos="123.924" zpos="-11.2349" type="chest.mapspecific.dragonsstand" GUID="fojt3BrowkCk6k0dgV5JFA=="/>
    <POI MapID="1041" xpos="-24.4232" ypos="117.316" zpos="48.545" type="chest.mapspecific.dragonsstand" GUID="xsuNcg+by0acxcY96YTngw=="/>
    <POI MapID="1041" xpos="-16.668" ypos="114.703" zpos="91.6194" type="chest.mapspecific.dragonsstand" GUID="z6kmo/kPeEWxJWfv1vaOcQ=="/>
    <POI MapID="1041" xpos="-142.389" ypos="107.552" zpos="68.6244" type="chest.mapspecific.dragonsstand" GUID="Eh0TAFxqcUKsok9czuCaHA=="/>
    <POI MapID="1041" xpos="-163.071" ypos="103.82" zpos="59.6188" type="chest.mapspecific.dragonsstand" GUID="r8mk7bziHEuUDO3h2mN5Ww=="/>
    <POI MapID="1041" xpos="-193.482" ypos="97.795" zpos="129.803" type="chest.mapspecific.dragonsstand" GUID="0+Fd0zH2QkKglw7a/9v28A=="/>
    <POI MapID="1041" xpos="-253.29" ypos="18.3752" zpos="462.778" type="chest.mapspecific.dragonsstand" GUID="AYkOvILoQkyx4pWM9HgXtg=="/>
    <POI MapID="1041" xpos="-210.5" ypos="112.24" zpos="436.109" type="chest.mapspecific.dragonsstand" GUID="1ZAidQVzv02spV87H3VGuQ=="/>
    <POI MapID="1041" xpos="-147.419" ypos="111.917" zpos="446.787" type="chest.mapspecific.dragonsstand" GUID="ZpXBz00lC0i8LQuHjOZppg=="/>
    <POI MapID="1041" xpos="-163.731" ypos="111.096" zpos="502.693" type="chest.mapspecific.dragonsstand" GUID="ydOuv10hQEeDDk78zFfPLg=="/>
    <POI MapID="1041" xpos="-127.36" ypos="114.754" zpos="521.033" type="chest.mapspecific.dragonsstand" GUID="TyzBzHH9eUmfxNrrA4lr6g=="/>
    <POI MapID="1041" xpos="-221.444" ypos="121.157" zpos="520.288" type="chest.mapspecific.dragonsstand" GUID="Fc3xw2fZnEqP+Mqvwr4OHQ=="/>
    <POI MapID="1041" xpos="-173.773" ypos="60.7646" zpos="710.312" type="chest.mapspecific.dragonsstand" GUID="59EYInPcd0upOdHvFm2JXA=="/>
    <POI MapID="1041" xpos="19.5246" ypos="75.5394" zpos="511.808" type="chest.mapspecific.dragonsstand" GUID="Z03Q7SVwLkCdqGZ5Ie8kaQ=="/>
    <POI MapID="1041" xpos="290.808" ypos="208.011" zpos="218.662" type="chest.mapspecific.dragonsstand" GUID="3kB1fq7W2UWHVwO9j6D0og=="/>
    <POI MapID="1041" xpos="174.055" ypos="123.497" zpos="36.9572" type="chest.mapspecific.dragonsstand" GUID="jUU/ehFbq0uytUru/muz6w=="/>
    <POI MapID="1041" xpos="860.809" ypos="36.2495" zpos="474.612" type="chest.mapspecific.dragonsstand" GUID="Br1o3QkV2E+1ib8wK89uYQ=="/>
    <POI MapID="1041" xpos="851.514" ypos="65.7456" zpos="250.619" type="chest.mapspecific.dragonsstand" GUID="9pjrfVcG+U6540m4WOPoUA=="/>
    <POI MapID="1041" xpos="893.256" ypos="44.8419" zpos="82.6291" type="chest.mapspecific.dragonsstand" GUID="4/K6fx3X2UahVVIK/ykBqQ=="/>
    <POI MapID="1041" xpos="901.388" ypos="60.4378" zpos="-24.1336" type="chest.mapspecific.dragonsstand" GUID="1a9Df9cKME6HjgJ8h4s2ng=="/>
    <POI MapID="1041" xpos="818.677" ypos="64.2537" zpos="33.7758" type="chest.mapspecific.dragonsstand" GUID="6EPNWD81KE+vS9+cwDS1vQ=="/>
    <POI MapID="1041" xpos="479.127" ypos="43.2042" zpos="546.051" type="chest.mapspecific.dragonsstand" GUID="ULZiCp8m80KZIgvDrR//Bg=="/>
    <POI MapID="1041" xpos="225.724" ypos="83.7112" zpos="660.691" type="chest.mapspecific.dragonsstand" GUID="H4Qrj94gR06LR1HCik+5NA=="/>
    <POI MapID="1041" xpos="778.923" ypos="46.7932" zpos="364.294" type="chest.mapspecific.dragonsstand" GUID="osGQu98QXkeU1TtaF0WndQ=="/>
    <POI MapID="1041" xpos="856.45" ypos="65.0852" zpos="91.169" type="chest.mapspecific.dragonsstand" GUID="qFyctts60EK89Zigehr82Q=="/>
    <POI MapID="1041" xpos="513.894" ypos="1.51438" zpos="470.791" type="chest.mapspecific.dragonsstand" GUID="7L0QIkIfKkehBvHqges5Bw=="/>
    <POI MapID="1041" xpos="171.335" ypos="49.4718" zpos="544.316" type="chest.mapspecific.dragonsstand" GUID="toTxth+UZE+6/O1si8Zrvg=="/>
    <POI MapID="1041" xpos="158.321" ypos="44.2154" zpos="475.098" type="chest.mapspecific.dragonsstand" GUID="rC3MnD+JN0aCBYVoiiZtOg=="/>
    <POI MapID="1041" xpos="238.959" ypos="175.763" zpos="162.999" type="chest.mapspecific.dragonsstand" GUID="23w5oLacsk6rz6butvH8lw=="/>
    <POI MapID="1041" xpos="36.9064" ypos="57.8647" zpos="704.714" type="chest.mapspecific.dragonsstand" GUID="v9baXN64DkqbTVjf4T6HlQ=="/>
    <POI MapID="1041" xpos="246.176" ypos="122.675" zpos="81.8249" type="chest.mapspecific.dragonsstand" GUID="+VzTEY8fVUiedx5Ed+jANQ=="/>
    <POI MapID="1041" xpos="630.801" ypos="131.834" zpos="249.938" type="chest.mapspecific.dragonsstand" GUID="/Vum/ItmPEmu/HwVbXnbIw=="/>
    <POI MapID="1041" xpos="530.009" ypos="134.041" zpos="235.96" type="chest.mapspecific.dragonsstand" GUID="kJLzmfaBxE6v59f6iPzjfg=="/>
    <POI MapID="1041" xpos="595.005" ypos="137.214" zpos="188.737" type="chest.mapspecific.dragonsstand" GUID="2VfRwTbuF02BuROhNjHfMA=="/>
    <POI MapID="1041" xpos="276.371" ypos="36.597" zpos="44.8969" type="chest.mapspecific.dragonsstand" GUID="uyzmTLxSgUS9MnB81X5sJQ=="/>
    <POI MapID="1041" xpos="-127.763" ypos="89.9099" zpos="218.309" type="chest.mapspecific.dragonsstand" GUID="L2W9bokweECNcNjWiinx8A=="/>
    <POI MapID="1041" xpos="-145.377" ypos="111.25" zpos="145.098" type="chest.mapspecific.dragonsstand" GUID="+c1B9gR7EkGPJtpeGKPBgg=="/>
    <POI MapID="1041" xpos="-66.0738" ypos="123.218" zpos="82.2073" type="chest.mapspecific.dragonsstand" GUID="OxlWL/f5xkSdkCpk+dUS1Q=="/>
    <POI MapID="1041" xpos="-63.8954" ypos="117.087" zpos="26.385" type="chest.mapspecific.dragonsstand" GUID="scLmRCyJQk+7Mp2kNOE32g=="/>
    <POI MapID="1041" xpos="47.1753" ypos="113.755" zpos="-59.6562" type="chest.mapspecific.dragonsstand" GUID="Kkfv3QbjJ0mqTmP0vZ56XA=="/>
    <POI MapID="1041" xpos="-363.82" ypos="16.7892" zpos="397.162" type="chest.mapspecific.dragonsstand" GUID="agDztH9W/0uaRgwxBv8lqg=="/>
    <POI MapID="1041" xpos="-273.885" ypos="114.237" zpos="445.478" type="chest.mapspecific.dragonsstand" GUID="UZmsq0hFP0eqlQhvyYT7+Q=="/>
    <POI MapID="1041" xpos="-232.026" ypos="115.337" zpos="482.043" type="chest.mapspecific.dragonsstand" GUID="2a2Mo7NsDE2a5lkzbBW+Bw=="/>
    <POI MapID="1041" xpos="-133.461" ypos="121.093" zpos="596.113" type="chest.mapspecific.dragonsstand" GUID="5yTYTtU5xkShAl60U5fI4g=="/>
    <POI MapID="1041" xpos="-174.248" ypos="119.675" zpos="621.013" type="chest.mapspecific.dragonsstand" GUID="RndQK02ypkKZALYT58s9HQ=="/>
    <POI MapID="1041" xpos="-230.696" ypos="121.403" zpos="530.681" type="chest.mapspecific.dragonsstand" GUID="4DENQ5sJh0yXYsBTcaN+JA=="/>
    <POI MapID="1041" xpos="238.919" ypos="149.098" zpos="218.3" type="chest.mapspecific.dragonsstand" GUID="15+NDpLts0is5pLI0JLELg=="/>
    <POI MapID="1041" xpos="190.174" ypos="168.508" zpos="271.215" type="chest.mapspecific.dragonsstand" GUID="bbvUC1RdFkC6dg+ZsUBS1w=="/>
    <POI MapID="1041" xpos="818.665" ypos="16.5771" zpos="356.058" type="chest.mapspecific.dragonsstand" GUID="MGiU90mVi0aDpPXxQN0czg=="/>
    <POI MapID="1041" xpos="354.425" ypos="113.996" zpos="745.391" type="chest.mapspecific.dragonsstand" GUID="hwhFlFwPNE2YNAcyHk0ygw=="/>
    <POI MapID="1041" xpos="711.216" ypos="47.8869" zpos="372.285" type="chest.mapspecific.dragonsstand" GUID="l+sUA4TTGEKdsY1nJF3e2Q=="/>
    <POI MapID="1041" xpos="439.232" ypos="91.8985" zpos="-250.977" type="chest.mapspecific.dragonsstand" GUID="uVwV0p9ftEe33YtBgmVB2g=="/>
    <POI MapID="1041" xpos="377.279" ypos="26.825" zpos="425.071" type="chest.mapspecific.dragonsstand" GUID="lMUKghskLk6C5D5HKuk7AA=="/>
    <POI MapID="1041" xpos="372.896" ypos="74.6361" zpos="287.389" type="chest.mapspecific.dragonsstand" GUID="beF4cfAW+EaWe2kQNA7uog=="/>
    <POI MapID="1041" xpos="554.212" ypos="53.2597" zpos="-162.362" type="chest.mapspecific.dragonsstand" GUID="zT0VaErNg0GG1Kb2ZbVrmg=="/>
    <POI MapID="1041" xpos="654.195" ypos="44.9727" zpos="14.0973" type="chest.mapspecific.dragonsstand" GUID="6kl6r5pigU2WYEEtefDbtA=="/>
    <POI MapID="1041" xpos="93.2831" ypos="71.6496" zpos="459.966" type="chest.mapspecific.dragonsstand" GUID="cMw8KXKEGkmGwZ7628Zi9Q=="/>
    <POI MapID="1041" xpos="12.274" ypos="77.7645" zpos="597.545" type="chest.mapspecific.dragonsstand" GUID="yOpJbP5BlEWi9ZMKq1K8ag=="/>
    <POI MapID="1041" xpos="147.303" ypos="100.959" zpos="-362.416" type="chest.mapspecific.dragonsstand" GUID="+qcIbBdOP0aaR4Gzz5G4tQ=="/>
    <POI MapID="1041" xpos="593.989" ypos="137.174" zpos="240.971" type="chest.mapspecific.dragonsstand" GUID="k8NLQY8nyUGFOcnLj3ZMQw=="/>
    <POI MapID="1041" xpos="597.247" ypos="139.56" zpos="221.393" type="chest.mapspecific.dragonsstand" GUID="i8e06TvRAkWjDadILysTNw=="/>
    <POI MapID="1041" xpos="609.791" ypos="135.034" zpos="146.226" type="chest.mapspecific.dragonsstand" GUID="0P4Sw7OgJUG1RVsvjm+Aow=="/>
    <POI MapID="1041" xpos="251.128" ypos="32.6443" zpos="54.5804" type="chest.mapspecific.dragonsstand" GUID="wrLKHq7YUEqrVfqpOJG5vg=="/>
    <POI MapID="1041" xpos="252.225" ypos="64.9387" zpos="4.30362" type="chest.mapspecific.dragonsstand" GUID="lB2jOq1ub0iQyB2CjAcL1w=="/>
    <POI MapID="1041" xpos="-188" ypos="120.276" zpos="9.63922" type="chest.mapspecific.dragonsstand" GUID="BvkEk0FBf0KK6/Q1EUT94g=="/>
    <POI MapID="1041" xpos="-228.036" ypos="121.523" zpos="-57.7643" type="chest.mapspecific.dragonsstand" GUID="JaA4xo3ZUUeZsGaFzaaAWg=="/>
    <POI MapID="1041" xpos="-257.235" ypos="119.623" zpos="-29.4487" type="chest.mapspecific.dragonsstand" GUID="G/v8Cp5UDU6MqY8U6RcHJw=="/>
    <POI MapID="1041" xpos="-9.53593" ypos="120.255" zpos="31.9972" type="chest.mapspecific.dragonsstand" GUID="hVR6qgW+/EK0s3sswle85g=="/>
    <POI MapID="1041" xpos="-87.635" ypos="36.6253" zpos="425.042" type="chest.mapspecific.dragonsstand" GUID="xF8DOlbAAUm3Svk+XkYajg=="/>
    <POI MapID="1041" xpos="-207.895" ypos="121.933" zpos="556.683" type="chest.mapspecific.dragonsstand" GUID="ixnPmL/2cEiLCt/UmHswNQ=="/>
    <POI MapID="1041" xpos="-144.233" ypos="123.758" zpos="608.755" type="chest.mapspecific.dragonsstand" GUID="+3N2nqvfb0i5lnLu7q5qeA=="/>
    <POI MapID="1041" xpos="670.828" ypos="4.54621" zpos="394.913" type="chest.mapspecific.dragonsstand" GUID="YTmVbo1420uXRDOrgbN8Aw=="/>
    <POI MapID="1041" xpos="908.463" ypos="7.34478" zpos="388.564" type="chest.mapspecific.dragonsstand" GUID="D6SicEGojEG4L7UZUt/Rkg=="/>
    <POI MapID="1041" xpos="467.831" ypos="80.3671" zpos="265.09" type="chest.mapspecific.dragonsstand" GUID="H1+P0D0eTkem5O6funq+mw=="/>
    <POI MapID="1041" xpos="382.151" ypos="123.544" zpos="160.523" type="chest.mapspecific.dragonsstand" GUID="WfWwiQS5PUC8O+/0bCdFNQ=="/>
    <POI MapID="1041" xpos="178.818" ypos="103.857" zpos="-31.6298" type="chest.mapspecific.dragonsstand" GUID="eyJuskR1xUyGjVl4lUYZlQ=="/>
    <POI MapID="1041" xpos="518.76" ypos="67.4516" zpos="-183.968" type="chest.mapspecific.dragonsstand" GUID="xSdRA7UsoUyCkDEuAeUNsQ=="/>
    <POI MapID="1041" xpos="632.537" ypos="26.4067" zpos="-203.909" type="chest.mapspecific.dragonsstand" GUID="n53q1SVt70GK6IetkoBgMQ=="/>
    <POI MapID="1041" xpos="661.569" ypos="95.2754" zpos="227.582" type="chest.mapspecific.dragonsstand" GUID="zDjI9SYfx0SZc4S0axgRHw=="/>
    <POI MapID="1041" xpos="247.427" ypos="43.2158" zpos="65.629" type="chest.mapspecific.dragonsstand" GUID="QPTN+wDPGkG3wlFx0W2YlQ=="/>
    <POI MapID="1041" xpos="139.15" ypos="113.726" zpos="24.0607" type="chest.mapspecific.dragonsstand" GUID="oM0N87u7QkKDkJqtaodxGQ=="/>
    <POI MapID="1041" xpos="-196.967" ypos="100.536" zpos="100.097" type="chest.mapspecific.dragonsstand" GUID="/6DXmOkEdkqKErkUD/3rrg=="/>
    <POI MapID="1041" xpos="280" ypos="34.8134" zpos="58.4363" type="chest.mapspecific.dragonsstand" GUID="ZAgfJM5S9Uyf7mJG0/eVnw=="/>
    <POI MapID="1041" xpos="896.685" ypos="43.5801" zpos="13.0624" type="chest.mapspecific.dragonsstand" GUID="DsQ135WFI0CnkZ6n4Z7lCw=="/>
    <POI MapID="1041" xpos="763.776" ypos="29.6686" zpos="-199.347" type="chest.mapspecific.dragonsstand" GUID="JY97LONkVUmDs5gwzp+0yQ=="/>
    <POI MapID="1041" xpos="776.856" ypos="71.3725" zpos="252.518" type="chest.mapspecific.dragonsstand" GUID="fPPcX8wd+E6aDgjV3TnjoQ=="/>
    <POI MapID="1041" xpos="503.83" ypos="68.9566" zpos="436.308" type="chest.mapspecific.dragonsstand" GUID="UWlyl0YR+ka33dcz8I/oxQ=="/>
    <POI MapID="1041" xpos="922.456" ypos="28.5526" zpos="291.254" type="chest.mapspecific.dragonsstand" GUID="HPrvVrPgPEOITcWG9HlA4Q=="/>
    <POI MapID="1041" xpos="795.879" ypos="63.7579" zpos="87.6992" type="chest.mapspecific.dragonsstand" GUID="0OuYE9Lp5UKDZdOWDf5RvQ=="/>
    <POI MapID="1041" xpos="574.694" ypos="139.356" zpos="195.227" type="chest.mapspecific.dragonsstand" GUID="fI8sy9FtuUq4ogV2J8TZ1Q=="/>
    <POI MapID="1041" xpos="-52.8104" ypos="76.6464" zpos="226.089" type="chest.mapspecific.dragonsstand" GUID="jTiURFFDDUCzebuO9jI4JA=="/>
    <POI MapID="1041" xpos="468.175" ypos="79.3215" zpos="-152.994" type="chest.mapspecific.dragonsstand" GUID="2UOifURnHkCFUcT9ZWTAug=="/>
    <POI MapID="1041" xpos="535.475" ypos="54.3154" zpos="-82.4535" type="chest.mapspecific.dragonsstand" GUID="A44cx4pxy0K691cBps/sMg=="/>
    <POI MapID="1041" xpos="-206.448" ypos="67.2784" zpos="238.446" type="chest.mapspecific.dragonsstand" GUID="UuFtrvkGF0qn4/d4KKqq1g=="/>
    <POI MapID="1041" xpos="130.531" ypos="45.1546" zpos="542.291" type="chest.mapspecific.dragonsstand" GUID="U9loLjW0yUWGWlW7D7lflQ=="/>
    <POI MapID="1041" xpos="152.308" ypos="46.626" zpos="549.228" type="chest.mapspecific.dragonsstand" GUID="xE/1qrFCx0+ZBspS8qjw9Q=="/>
    <POI MapID="1041" xpos="151.603" ypos="46.3877" zpos="557.96" type="chest.mapspecific.dragonsstand" GUID="8dxByZH7AUidihUlwWyQJA=="/>
    <POI MapID="1041" xpos="154.598" ypos="47.0964" zpos="573.479" type="chest.mapspecific.dragonsstand" GUID="Fual/2L0IUeeDOQDd6pKBg=="/>
    <POI MapID="1041" xpos="145.772" ypos="47.0544" zpos="599.465" type="chest.mapspecific.dragonsstand" GUID="pRgqd+hZ3kiN6+fPm3OW2Q=="/>
    <POI MapID="1041" xpos="139.038" ypos="49.975" zpos="590.113" type="chest.mapspecific.dragonsstand" GUID="BnSNczYN3UeeUcPlqc6zWg=="/>
    <POI MapID="1041" xpos="-105.848" ypos="67.2068" zpos="307.177" type="chest.mapspecific.dragonsstand" GUID="Q4VKBbXg1E+CxJjpDZE6EQ=="/>
    <POI MapID="1041" xpos="4.66994" ypos="72.0159" zpos="385.89" type="chest.mapspecific.dragonsstand" GUID="XH/CgTJ9g06pSc8RP7NJGA=="/>
    <POI MapID="1041" xpos="22.9138" ypos="69.4002" zpos="382.491" type="chest.mapspecific.dragonsstand" GUID="YhkMUnsw20iBFr3pXdAVRA=="/>
    <POI MapID="1041" xpos="-19.9349" ypos="72.3202" zpos="365.655" type="chest.mapspecific.dragonsstand" GUID="ft9it9Vbp0yQYr7fEQu0Eg=="/>
    <POI MapID="1041" xpos="-16.7862" ypos="70.3636" zpos="357.352" type="chest.mapspecific.dragonsstand" GUID="i71znRutBUCH93ZN6EMrvg=="/>
    <POI MapID="1041" xpos="-16.5193" ypos="67.5436" zpos="328.468" type="chest.mapspecific.dragonsstand" GUID="8+EuxZ2L90qdGA4mfc2VnQ=="/>
    <POI MapID="1041" xpos="-24.6191" ypos="68.7426" zpos="343.17" type="chest.mapspecific.dragonsstand" GUID="WADNN/SPB0u2HemBugxFYg=="/>
    <POI MapID="1041" xpos="638.938" ypos="45.3442" zpos="-61.5137" type="chest.mapspecific.dragonsstand" GUID="Y2HASDde7EKZXD4k3cxhFg=="/>
    <POI MapID="1041" xpos="613.811" ypos="45.7296" zpos="-43.1768" type="chest.mapspecific.dragonsstand" GUID="9/21pPGYXUOO4ksjjAzNMw=="/>
    <POI MapID="1041" xpos="702.835" ypos="38.2775" zpos="40.1119" type="chest.mapspecific.dragonsstand" GUID="cT0qVA1cm0izWLakaBYQfA=="/>
    <POI MapID="1041" xpos="723.638" ypos="34.7265" zpos="105.579" type="chest.mapspecific.dragonsstand" GUID="z4B5vQWD6ECk62kGkNz5QQ=="/>
    <POI MapID="1041" xpos="685.776" ypos="45.2427" zpos="-38.2434" type="chest.mapspecific.dragonsstand" GUID="4B9ne4+1ikixV/u0UxPySA=="/>
    <POI MapID="1041" xpos="692.945" ypos="45.2653" zpos="-33.7172" type="chest.mapspecific.dragonsstand" GUID="2d7LUgWWakKqF88l4JoOmQ=="/>
    <POI MapID="1041" xpos="-56.4199" ypos="125.213" zpos="-22.699" type="chest.mapspecific.dragonsstand" GUID="NRrEShfyqEWtbGBJbWJeWA=="/>
    <POI MapID="1041" xpos="-199.985" ypos="114.661" zpos="588.334" type="chest.mapspecific.dragonsstand" GUID="08qApXCt4ka1D9Bu+qPASQ=="/>
    <POI MapID="1041" xpos="391.531" ypos="74.1942" zpos="282.657" type="chest.mapspecific.dragonsstand" GUID="9lO8D171GUiDgbg2OoxCbw=="/>
    <POI MapID="1041" xpos="471.716" ypos="75.1814" zpos="285.312" type="chest.mapspecific.dragonsstand" GUID="XLfApMlmPE6SDlIdbwvkUA=="/>
    <POI MapID="1041" xpos="483.348" ypos="68.0864" zpos="326.724" type="chest.mapspecific.dragonsstand" GUID="IVt1ojFSgkiYzMoW1NeIIQ=="/>
    <POI MapID="1041" xpos="481.049" ypos="63.5668" zpos="338.146" type="chest.mapspecific.dragonsstand" GUID="cEckqSvewECYhYFVrU5xxQ=="/>
    <POI MapID="1041" xpos="448.542" ypos="80.3165" zpos="266.822" type="chest.mapspecific.dragonsstand" GUID="Z1qOevgH0kCMgVFXo/Vm5w=="/>
    <POI MapID="1041" xpos="312.932" ypos="106.285" zpos="69.7482" type="chest.mapspecific.dragonsstand" GUID="uTOtp6xcO0iTMXa3hMbg7Q=="/>
    <POI MapID="1041" xpos="287.168" ypos="103.18" zpos="89.6712" type="chest.mapspecific.dragonsstand" GUID="duZSIe/ujU+m9EJtojTXzw=="/>
    <POI MapID="1041" xpos="240.62" ypos="111.478" zpos="145.57" type="chest.mapspecific.dragonsstand" GUID="Wg1AesHe7U+9jgcuGAUM9A=="/>
    <POI MapID="1041" xpos="264.899" ypos="111.359" zpos="151.723" type="chest.mapspecific.dragonsstand" GUID="MZIRdNqdNU6W/OsEy054RA=="/>
    <POI MapID="1041" xpos="279.943" ypos="114.905" zpos="159.298" type="chest.mapspecific.dragonsstand" GUID="/5CY1lTf3U2R63MvIMYsxA=="/>
    <POI MapID="1041" xpos="293.831" ypos="119.143" zpos="160.261" type="chest.mapspecific.dragonsstand" GUID="0Ph7nEJ/u06bSRdfpZ5vTA=="/>
    <POI MapID="1041" xpos="840.075" ypos="64.9241" zpos="261.979" type="chest.mapspecific.dragonsstand" GUID="f3wvaZwJzEm+xhzt5uPgOA=="/>
    <POI MapID="1041" xpos="850.569" ypos="64.8912" zpos="242.013" type="chest.mapspecific.dragonsstand" GUID="Q8R+whCLLEOFGrsGehKwbw=="/>
    <POI MapID="1041" xpos="846.794" ypos="71.0546" zpos="166.032" type="chest.mapspecific.dragonsstand" GUID="EIfoZyfGvEK//vl1+2aS4A=="/>
    <POI MapID="1041" xpos="844.57" ypos="71.0473" zpos="155.216" type="chest.mapspecific.dragonsstand" GUID="3fGFarTgl0GL3xHMY00KqA=="/>
    <POI MapID="1041" xpos="800.888" ypos="70.5274" zpos="190.465" type="chest.mapspecific.dragonsstand" GUID="EU3SrWvFgUupj+jGAfFxxw=="/>
    <POI MapID="1041" xpos="784.732" ypos="75.3537" zpos="200.245" type="chest.mapspecific.dragonsstand" GUID="NJV1EIErT0eiHuaepDF9Fw=="/>
    <POI MapID="1041" xpos="-13.0471" ypos="73.5322" zpos="380.161" type="chest.mapspecific.dragonsstand" GUID="Hx9mVXmZX0KaAQCvkoz+PA=="/>
    <POI MapID="1041" xpos="-12.6181" ypos="50.033" zpos="340.119" type="chest.mapspecific.dragonsstand" GUID="6E6sEWMmn0CTHoYwcAnp1w=="/>
    <POI MapID="1041" xpos="13.235" ypos="70.7352" zpos="382.683" type="chest.mapspecific.dragonsstand" GUID="hvUWUQbU7kiQpAYy9JKy1w=="/>
    <POI MapID="1041" xpos="30.4637" ypos="71.188" zpos="411.38" type="chest.mapspecific.dragonsstand" GUID="sQDEfgr97UuRS1s/06S3OQ=="/>
    <POI MapID="1041" xpos="-13.5582" ypos="67.6382" zpos="337.48" type="chest.mapspecific.dragonsstand" GUID="rjptFb5yqU2nOS1+Jox45Q=="/>
    <POI MapID="1041" xpos="161.03" ypos="47.9743" zpos="582.071" type="chest.mapspecific.dragonsstand" GUID="ArXAeeAV2UyCaoBXfjA7Jg=="/>
    <POI MapID="1041" xpos="133.79" ypos="45.5209" zpos="555.821" type="chest.mapspecific.dragonsstand" GUID="H4inyO0hSUK9P/DZCfDN6A=="/>
    <POI MapID="1041" xpos="142.986" ypos="42.7441" zpos="542.601" type="chest.mapspecific.dragonsstand" GUID="1HXtf6sXCkGn5+M8uP2hbQ=="/>
    <POI MapID="1041" xpos="675.786" ypos="45.0529" zpos="-41.7006" type="chest.mapspecific.dragonsstand" GUID="6Sn9pGOTFkSc8FFc/Mu2YQ=="/>
    <POI MapID="1041" xpos="662.057" ypos="43.4489" zpos="-43.2989" type="chest.mapspecific.dragonsstand" GUID="1T1jzteBAEiM28jIkSmUwg=="/>
    <POI MapID="1041" xpos="703.984" ypos="44.6981" zpos="-25.6712" type="chest.mapspecific.dragonsstand" GUID="V3OWhoJ6akmAzIntD+p43Q=="/>
    <POI MapID="1041" xpos="718.127" ypos="42.4469" zpos="-9.94481" type="chest.mapspecific.dragonsstand" GUID="XENaroaWUkClI+S09MgWbQ=="/>
    <POI MapID="1041" xpos="621.661" ypos="44.6132" zpos="-33.4397" type="chest.mapspecific.dragonsstand" GUID="AIG1pgjbq0eEsEZQtddOwA=="/>
    <POI MapID="1041" xpos="295.641" ypos="102.997" zpos="74.5623" type="chest.mapspecific.dragonsstand" GUID="iU8Z6Rxo3UK7IxGyTLpOtw=="/>
    <POI MapID="1041" xpos="281.172" ypos="103.189" zpos="70.9128" type="chest.mapspecific.dragonsstand" GUID="WLQkv6Zzd0OGPMpGm0v+nw=="/>
    <POI MapID="1041" xpos="235.911" ypos="111.812" zpos="118.68" type="chest.mapspecific.dragonsstand" GUID="uDtz4GOAF0aMv6BdtmRbvQ=="/>
    <POI MapID="1041" xpos="814.374" ypos="71.5913" zpos="163.182" type="chest.mapspecific.dragonsstand" GUID="yqus5bl+lEajs5GF5HbmjA=="/>
    <POI MapID="1041" xpos="802.898" ypos="73.6979" zpos="169.091" type="chest.mapspecific.dragonsstand" GUID="15egCC5d0UGSQz9LXPof7w=="/>
    <POI MapID="1041" xpos="855.233" ypos="65.9758" zpos="235.248" type="chest.mapspecific.dragonsstand" GUID="wrG16Kug6UShlnsZ1S4I9A=="/>
    <POI MapID="1041" xpos="461.913" ypos="68.5259" zpos="306.778" type="chest.mapspecific.dragonsstand" GUID="acMx/B9O8kGgRIc7CbJmag=="/>
    <POI MapID="1041" xpos="465.76" ypos="79.7592" zpos="266.531" type="chest.mapspecific.dragonsstand" GUID="/rUYY9dtCEyPGcpNO1AD9A=="/>
    <POI MapID="1041" xpos="446.368" ypos="68.5077" zpos="19.2464" type="chest.mapspecific.dragonsstand" GUID="purfhiYdJ06lkZGtBeJKkg=="/>
  </POIs>
</OverlayData>