<OverlayData>
  <POIs>
    <POI MapID="988" type="Chest.MapSpecific.DryTop" xpos="246.352" ypos="12.7877" zpos="-251.002" GUID="dTHRc2JmdU+XRU//dBREJw=="/>
  
    <POI MapID="988" type="chest.mapspecific.drytop" xpos="314.056" ypos="19.9854" zpos="-492.996" GUID="pxBSdEancEKfd29ZogCMiw=="/>
  
    <POI MapID="988" type="chest.mapspecific.drytop" xpos="101.438" ypos="26.8512" zpos="-398.567" GUID="oUqwiGJ2u0Wk3UvU1gHkRg=="/>
  
    <POI MapID="988" type="chest.mapspecific.drytop" xpos="-493.956" ypos="89.3303" zpos="-328.712" GUID="mC3ZsFwRB02Tojmw6816qw=="/>
  
    <POI MapID="988" type="chest.mapspecific.drytop" xpos="-391.903" ypos="83.9758" zpos="-184.599" GUID="htMrxUzhukKR0T7BbALyNw=="/>
  
    <POI MapID="988" type="chest.mapspecific.drytop" xpos="-250.199" ypos="15.9208" zpos="-60.4318" GUID="6wjDv3QHm023IeIqOjiK9w=="/>
  
    <POI MapID="988" type="chest.mapspecific.drytop" xpos="-114.409" ypos="13.0146" zpos="6.31082" GUID="TpnjmkodIEOrt4MAVo6qTg=="/>
  
    <POI MapID="988" type="chest.mapspecific.drytop" xpos="-52.1463" ypos="4.03623" zpos="-68.467" GUID="WMPDly5HHEac4eMR0SQt+w=="/>
  
    <POI MapID="988" type="chest.mapspecific.drytop" xpos="225.944" ypos="29.5662" zpos="-335.16" GUID="n0ptfmvy9Um5IrLQXk7SVQ=="/>
  
    <POI MapID="988" type="chest.mapspecific.drytop" xpos="14.2528" ypos="35.1861" zpos="-404.967" GUID="C+jgqMo1zke7fjoDZS2ckQ=="/>
  
    <POI MapID="988" type="chest.mapspecific.drytop" xpos="133.906" ypos="38.9503" zpos="-290.406" GUID="rzMblBPPokC4zKY+/POOJg=="/>
  
    <POI MapID="988" type="chest.mapspecific.drytop" xpos="328.431" ypos="15.9603" zpos="-433.293" GUID="IfQopVYBEUGP3T0SgndQvQ=="/>
  
    <POI MapID="988" type="chest.mapspecific.drytop" xpos="252.843" ypos="31.0125" zpos="-169.004" GUID="eeqxtnP3i0uIcOHyDROj9A=="/>
  
    <POI MapID="988" type="chest.mapspecific.drytop" xpos="367.338" ypos="19.597" zpos="-355.182" GUID="r8aEX2M2hEKrBQBaaMl5sA=="/>
  
    <POI MapID="988" type="chest.mapspecific.drytop" xpos="282.82" ypos="22.8837" zpos="-458.376" GUID="fGnuMVgghUGAn0KyNglp5Q=="/>

    <POI MapID="988" xpos="158.014" ypos="12.6252" zpos="-315.041" type="chest.mapspecific.drytop" GUID="R5pzD3PU1EORMXEBHspvoA=="/>
  
    <POI MapID="988" xpos="322.753" ypos="45.8538" zpos="-390.974" type="chest.mapspecific.drytop" GUID="EDoqSFKvpU+UgGPXY3QfqA=="/>
  
    <POI MapID="988" xpos="303.747" ypos="39.0778" zpos="-26.3471" type="chest.mapspecific.drytop" GUID="9spIe1SPD0ukEH1TznIzDA=="/>
  
    <POI MapID="988" xpos="30.797" ypos="40.1894" zpos="-502.695" type="chest.mapspecific.drytop" GUID="jGmaKvIww0ivAA1o8Djndg=="/>
  
    <POI MapID="988" xpos="208.982" ypos="11.0904" zpos="-279.606" type="chest.mapspecific.drytop" GUID="WfAqpunNHkGpwbjhMVBkXw=="/>
  
    <POI MapID="988" xpos="127.188" ypos="38.7994" zpos="-270.158" type="chest.mapspecific.drytop" GUID="JOumzc+bIUmvITkp28mp8Q=="/>
  
    <POI MapID="988" xpos="164.339" ypos="26.2071" zpos="-119.511" type="chest.mapspecific.drytop" GUID="0tQCMx726EG/I95C1NsQTg=="/>
  
    <POI MapID="988" xpos="189.243" ypos="37.6786" zpos="-30.2194" type="chest.mapspecific.drytop" GUID="8sBX8jsGqEyX2VF+6oFO0w=="/>
  
    <POI MapID="988" xpos="-267.845" ypos="53.0701" zpos="56.8748" type="chest.mapspecific.drytop" GUID="9xE1qWnAlECsHDNQvoLItA=="/>
  
    <POI MapID="988" xpos="-279.5" ypos="17.1899" zpos="-9.66849" type="chest.mapspecific.drytop" GUID="/Y14qElOA0irWg6WzvtWiw=="/>
  
    <POI MapID="988" xpos="129.642" ypos="25.9766" zpos="-381.819" type="chest.mapspecific.drytop" GUID="HNlBtMhk4USrl0WQ58n9Lw=="/>
  
    <POI MapID="988" xpos="258.339" ypos="38.2113" zpos="-456.533" type="chest.mapspecific.drytop" GUID="YpJhMjU8hE6P5XLH0bUgtA=="/>
  
    <POI MapID="988" xpos="-349.67" ypos="106.38" zpos="-339.258" type="chest.mapspecific.drytop" GUID="r013DpxizEWvyc/BlzVGYA=="/>
  
    <POI MapID="988" xpos="-245.118" ypos="90.8004" zpos="-446.347" type="chest.mapspecific.drytop" GUID="koA7UZbnv0+TXoK0noTgzw=="/>
  
    <POI MapID="988" xpos="-394.388" ypos="21.7418" zpos="-82.608" type="chest.mapspecific.drytop" GUID="3ym6cnfB7EGYJG7pp13dzw=="/>
  
    <POI MapID="988" xpos="195.281" ypos="31.2135" zpos="-103.611" type="chest.mapspecific.drytop" GUID="/1j3fM4owk+rEqdnAlzpjg=="/>
  
    <POI MapID="988" xpos="430.093" ypos="23.2889" zpos="-152.246" type="chest.mapspecific.drytop" GUID="Ho9+3pcwW0CU+5SFung2PQ=="/>
  
    <POI MapID="988" xpos="135.094" ypos="44.7994" zpos="-526.533" type="chest.mapspecific.drytop" GUID="uG+5FgpyAUSxEgYuU7g0kQ=="/>
  
    <POI MapID="988" xpos="-49.4558" ypos="49.3722" zpos="-290.959" type="chest.mapspecific.drytop" GUID="G2d6iVYxXkS1Xr3AY4AzKg=="/>
  
    <POI MapID="988" xpos="47.876" ypos="36.7753" zpos="-225.876" type="chest.mapspecific.drytop" GUID="BYjElFuvUk+fCkCNBIYbtw=="/>
  
    <POI MapID="988" xpos="-58.4169" ypos="55.9974" zpos="59.5357" type="chest.mapspecific.drytop" GUID="9Fsi+Os4yECXp8rRhu53hA=="/>
  
    <POI MapID="988" xpos="-215.035" ypos="76.9607" zpos="-560.393" type="chest.mapspecific.drytop" GUID="q+ZZfqa0FUyezX7i82L/Nw=="/>
  
    <POI MapID="988" xpos="-425.078" ypos="38.3306" zpos="-463.414" type="chest.mapspecific.drytop" GUID="63+aVW1qUk+z4bTq4illlA=="/>

  </POIs>
</OverlayData>
