<OverlayData>
  <POIs>
    <POI MapID="1052" xpos="853.823" ypos="387.952" zpos="73.0503" type="chest.mapspecific.verdantbrink" GUID="aClO0//xTkOotjDRLlwcNQ=="/>
  
    <POI MapID="1052" xpos="810.029" ypos="375.626" zpos="-4.63258" type="chest.mapspecific.verdantbrink" GUID="DoMm2TzyaUqjE0NUU5rO6g=="/>
  
    <POI MapID="1052" xpos="806.694" ypos="354.447" zpos="-120.748" type="chest.mapspecific.verdantbrink" GUID="HbLvBBvH9E2KgNyu/euj/g=="/>
  
    <POI MapID="1052" xpos="743.911" ypos="341.344" zpos="-158.464" type="chest.mapspecific.verdantbrink" GUID="pL/UBd8pO0Gmrf6nG2igpg=="/>
  
    <POI MapID="1052" xpos="709.779" ypos="350.548" zpos="-201.203" type="chest.mapspecific.verdantbrink" GUID="PwPDpdmd0kCu0cNcx4ysCg=="/>
  
    <POI MapID="1052" xpos="577.334" ypos="372.664" zpos="-186.772" type="chest.mapspecific.verdantbrink" GUID="th6XSXKnJEGdXaI2osl7ag=="/>
  
    <POI MapID="1052" xpos="507.87" ypos="388.436" zpos="-220.135" type="chest.mapspecific.verdantbrink" GUID="IqHpQaCVdkajU3+/lNBrGA=="/>
  
    <POI MapID="1052" xpos="400.098" ypos="398.555" zpos="-266.328" type="chest.mapspecific.verdantbrink" GUID="1dCDTtq5VUu8sWwyW1f/uw=="/>
  
    <POI MapID="1052" xpos="239.97" ypos="424.927" zpos="-308.551" type="chest.mapspecific.verdantbrink" GUID="w9K1gKJV7E+YSZed9uApgA=="/>
  
    <POI MapID="1052" xpos="292.289" ypos="427.906" zpos="-315.246" type="chest.mapspecific.verdantbrink" GUID="4DW8u+4WqkG1ZpB3vGV7dw=="/>
  
    <POI MapID="1052" xpos="381.026" ypos="434.919" zpos="-368.844" type="chest.mapspecific.verdantbrink" GUID="16+U3TkJ50GYP8Lyf7lwJQ=="/>
  
    <POI MapID="1052" xpos="502.287" ypos="397.418" zpos="-359.615" type="chest.mapspecific.verdantbrink" GUID="MKdnvliHEUikooh+jYu5iA=="/>
  
    <POI MapID="1052" xpos="545.055" ypos="395.309" zpos="-364.957" type="chest.mapspecific.verdantbrink" GUID="+IzIgKGL/EizptlSZEqXOg=="/>
  
    <POI MapID="1052" xpos="613.427" ypos="396.036" zpos="-353.969" type="chest.mapspecific.verdantbrink" GUID="Vag/Dq1/EkSf5vlU8EKt8Q=="/>
  
    <POI MapID="1052" xpos="631.937" ypos="395.615" zpos="-355.149" type="chest.mapspecific.verdantbrink" GUID="ByMbMebs/k60F/C+CX3A1Q=="/>
  
    <POI MapID="1052" xpos="646.043" ypos="395.591" zpos="-406.363" type="chest.mapspecific.verdantbrink" GUID="0Lct97JCY0qAPbt1f9+4OA=="/>
  
    <POI MapID="1052" xpos="-549.687" ypos="498.721" zpos="-293.238" type="chest.mapspecific.verdantbrink" GUID="6FN3B69gmUC1khq0DSPJDg=="/>
  
    <POI MapID="1052" xpos="-488.721" ypos="596.377" zpos="-320.465" type="chest.mapspecific.verdantbrink" GUID="IAUWJdiIA0K9/cx4aKe9ug=="/>
  
    <POI MapID="1052" xpos="-625.437" ypos="503.985" zpos="-285.362" type="chest.mapspecific.verdantbrink" GUID="zpwOqKRpX0ybWCtySzF98A=="/>
  
    <POI MapID="1052" xpos="-726.006" ypos="374.431" zpos="-400.474" type="chest.mapspecific.verdantbrink" GUID="nUdSEq7dJU6ZDlKrkUgiMQ=="/>
  
    <POI MapID="1052" xpos="-714.269" ypos="344.374" zpos="-132.364" type="chest.mapspecific.verdantbrink" GUID="WKgxlv+iaUeVkflXA+u7jw=="/>
  
    <POI MapID="1052" xpos="238.374" ypos="386.064" zpos="-70.4631" type="chest.mapspecific.verdantbrink" GUID="uw/mp0XU80+EaIMFPdaedw=="/>
  
    <POI MapID="1052" xpos="385.764" ypos="337.596" zpos="-20.7459" type="chest.mapspecific.verdantbrink" GUID="C22M+5OJxUieSytycqhvdg=="/>
  
    <POI MapID="1052" xpos="428.424" ypos="356.409" zpos="-106.132" type="chest.mapspecific.verdantbrink" GUID="KKnFsoufW02mZwNDAnhqZg=="/>
  
    <POI MapID="1052" xpos="608.825" ypos="371.12" zpos="-238.125" type="chest.mapspecific.verdantbrink" GUID="ijBgZdK6XU2c82YipuJ7XQ=="/>
  
    <POI MapID="1052" xpos="345.831" ypos="346.454" zpos="121.537" type="chest.mapspecific.verdantbrink" GUID="jWaQcn+zKkyCXOLLLwG55Q=="/>
  
    <POI MapID="1052" xpos="320.248" ypos="346.348" zpos="90.9882" type="chest.mapspecific.verdantbrink" GUID="YOSlDIJ/qkK/0Nzu4OXpnQ=="/>
  
    <POI MapID="1052" xpos="-541.802" ypos="497.087" zpos="-229.832" type="chest.mapspecific.verdantbrink" GUID="N8mrP0cSaE6o/bcHP/0SPQ=="/>
  
    <POI MapID="1052" xpos="-135.196" ypos="410.223" zpos="-407.263" type="chest.mapspecific.verdantbrink" GUID="LpKjiOk4oEaQJZGtwh9bGg=="/>
  
    <POI MapID="1052" xpos="-619.709" ypos="501.77" zpos="-319.161" type="chest.mapspecific.verdantbrink" GUID="crcRHWV5qUK+7yDbD5Fe5Q=="/>
  
    <POI MapID="1052" xpos="-333.746" ypos="532.982" zpos="209.576" type="chest.mapspecific.verdantbrink" GUID="JY0AEqCwqkqpI5/oWwvsRg=="/>
  
    <POI MapID="1052" xpos="-416.375" ypos="593.672" zpos="210.844" type="chest.mapspecific.verdantbrink" GUID="2YXTyKZNU0OOXbc9rBoC7Q=="/>
  
    <POI MapID="1052" xpos="-475.329" ypos="584.661" zpos="250.265" type="chest.mapspecific.verdantbrink" GUID="goH4O9QfiUGniBBUu9pO8g=="/>
  
    <POI MapID="1052" xpos="-360.953" ypos="550.692" zpos="195.388" type="chest.mapspecific.verdantbrink" GUID="hyBAlnmJY0WhYxgbImsSqw=="/>
  
    <POI MapID="1052" xpos="-479.086" ypos="597.188" zpos="307.694" type="chest.mapspecific.verdantbrink" GUID="MycFyNTYPUK08ua47SvhXQ=="/>
  
    <POI MapID="1052" xpos="-544.995" ypos="600.218" zpos="260.189" type="chest.mapspecific.verdantbrink" GUID="8ro3KSDQbketyg1V2epxGg=="/>
  
    <POI MapID="1052" xpos="-220.359" ypos="482.391" zpos="266.394" type="chest.mapspecific.verdantbrink" GUID="lVj+6yk1kUudFJp+snm6Eg=="/>
  
    <POI MapID="1052" xpos="-233.173" ypos="473.883" zpos="395.759" type="chest.mapspecific.verdantbrink" GUID="wH1eWkIOSEyjLxAeP3bt8Q=="/>
  
    <POI MapID="1052" xpos="-200.54" ypos="476.651" zpos="309.28" type="chest.mapspecific.verdantbrink" GUID="D9W5H1BX80qBPI9sYY0wYw=="/>
  
    <POI MapID="1052" xpos="-152.499" ypos="423.223" zpos="94.9648" type="chest.mapspecific.verdantbrink" GUID="2qs4VQ3yoEaIqq62Yo4yhQ=="/>
  
    <POI MapID="1052" xpos="-207.806" ypos="421.725" zpos="87.3102" type="chest.mapspecific.verdantbrink" GUID="geX+X4sDq0qmPlWUc1nMWA=="/>
  
    <POI MapID="1052" xpos="-103.385" ypos="373.07" zpos="105.55" type="chest.mapspecific.verdantbrink" GUID="Lla5SzMXuUKCgL8JDPtvDQ=="/>
  
    <POI MapID="1052" xpos="-464.824" ypos="596.245" zpos="-311.07" type="chest.mapspecific.verdantbrink" GUID="k/P5GFpGMEip/enJ2FbXCA=="/>
  
    <POI MapID="1052" xpos="495.368" ypos="410.118" zpos="-382.944" type="chest.mapspecific.verdantbrink" GUID="c4v8LETFqEe6YDXKqNNWTA=="/>
  
    <POI MapID="1052" xpos="676.073" ypos="364.467" zpos="-200.939" type="chest.mapspecific.verdantbrink" GUID="JlWUyf31vESqsrG6bjYhmQ=="/>
  
    <POI MapID="1052" xpos="761.869" ypos="341.154" zpos="-173.668" type="chest.mapspecific.verdantbrink" GUID="e4nZ6ZZIEE2xr1yMwYM5rQ=="/>
  
    <POI MapID="1052" xpos="806.873" ypos="334.688" zpos="-162.611" type="chest.mapspecific.verdantbrink" GUID="Y7eu+jow3U2SWFKmRL4ZFg=="/>
  
    <POI MapID="1052" xpos="817.039" ypos="376.524" zpos="-67.4658" type="chest.mapspecific.verdantbrink" GUID="dUpK8iF5wkGAphjBJkmb9w=="/>
  
    <POI MapID="1052" xpos="844.363" ypos="383.141" zpos="15.5318" type="chest.mapspecific.verdantbrink" GUID="vhYSZq4Y0Eql5dRp9rmqVg=="/>
  
    <POI MapID="1052" xpos="857.569" ypos="382.26" zpos="16.9561" type="chest.mapspecific.verdantbrink" GUID="iv9ezOLi80GFW2HqVSPQQA=="/>
  
    <POI MapID="1052" xpos="893.809" ypos="381.783" zpos="15.5037" type="chest.mapspecific.verdantbrink" GUID="A6m2jZ41BUCq3jzc7ecOTw=="/>
  
    <POI MapID="1052" xpos="928.315" ypos="360.399" zpos="301.034" type="chest.mapspecific.verdantbrink" GUID="iDvbNDt6lEKFYYBWHFO1Rg=="/>
  
    <POI MapID="1052" xpos="939.788" ypos="359.739" zpos="200.17" type="chest.mapspecific.verdantbrink" GUID="IAs0i7NCWkq6U027eZC7RA=="/>
  
    <POI MapID="1052" xpos="894.756" ypos="359.882" zpos="173.053" type="chest.mapspecific.verdantbrink" GUID="CzvkabmBTkKPxnn6hY6EEg=="/>
  
    <POI MapID="1052" xpos="-262.613" ypos="543.865" zpos="150.067" type="chest.mapspecific.verdantbrink" GUID="90ZzUPCTwkCDlbdt3HOlNg=="/>
  
    <POI MapID="1052" xpos="-324.63" ypos="536.403" zpos="153.49" type="chest.mapspecific.verdantbrink" GUID="rr2Iqw5kzUa95yqcV1RK2Q=="/>
  
    <POI MapID="1052" xpos="-341.833" ypos="530.814" zpos="238.214" type="chest.mapspecific.verdantbrink" GUID="pZsDMrCrakGPH18MRShvew=="/>
  
    <POI MapID="1052" xpos="-175.011" ypos="530.762" zpos="190.655" type="chest.mapspecific.verdantbrink" GUID="J9AoMR6aH0uLpYtlwjKdSg=="/>
  
    <POI MapID="1052" xpos="-82.6492" ypos="430.717" zpos="198.787" type="chest.mapspecific.verdantbrink" GUID="LqJTRyx920iU3z07wYg0/g=="/>
  
    <POI MapID="1052" xpos="93.5772" ypos="402.988" zpos="254.607" type="chest.mapspecific.verdantbrink" GUID="v5FOYRuYKEiG0BDAnVzk5g=="/>
  
    <POI MapID="1052" xpos="154.459" ypos="388.384" zpos="242.213" type="chest.mapspecific.verdantbrink" GUID="33bWaFqn+0O1wZsq2Lg8gg=="/>
  
    <POI MapID="1052" xpos="257.086" ypos="373.247" zpos="242.198" type="chest.mapspecific.verdantbrink" GUID="juH5oCmVfUekJNqDRYpI4g=="/>
  
    <POI MapID="1052" xpos="299.618" ypos="352.95" zpos="100.25" type="chest.mapspecific.verdantbrink" GUID="EVkrNYBOdU+nPN9zu2Fzyg=="/>
  
    <POI MapID="1052" xpos="13.927" ypos="406.284" zpos="51.9271" type="chest.mapspecific.verdantbrink" GUID="jNKHusMpBUa3aT9kYDVKyg=="/>
  
    <POI MapID="1052" xpos="-756.814" ypos="377.096" zpos="-414.191" type="chest.mapspecific.verdantbrink" GUID="ljLpXVl/80uaOu+hllfV+A=="/>
  
    <POI MapID="1052" xpos="-424.823" ypos="596.449" zpos="318.268" type="chest.mapspecific.verdantbrink" GUID="9OtJDdv/XEGm3HZ2Tsgqkw=="/>
  
    <POI MapID="1052" xpos="-549.651" ypos="603.32" zpos="238.749" type="chest.mapspecific.verdantbrink" GUID="cCZ9KRSi00K7jds9Z0qgZg=="/>
  
    <POI MapID="1052" xpos="-521.986" ypos="601.53" zpos="196.542" type="chest.mapspecific.verdantbrink" GUID="zucOnFcEg0GMEalWRFAb4w=="/>
  
    <POI MapID="1052" xpos="-456.883" ypos="493.326" zpos="-207.688" type="chest.mapspecific.verdantbrink" GUID="F3szrQoiwk2GpZOqz0cLKw=="/>
  
    <POI MapID="1052" xpos="-142.204" ypos="420.175" zpos="-298.979" type="chest.mapspecific.verdantbrink" GUID="OO9yQqdip0ymh88gjiZrWg=="/>
  
    <POI MapID="1052" xpos="371.919" ypos="435.769" zpos="-366.412" type="chest.mapspecific.verdantbrink" GUID="wqe2VBdMqE+vmQ3kUCBBiw=="/>
  
    <POI MapID="1052" xpos="280.85" ypos="489.392" zpos="-411.672" type="chest.mapspecific.verdantbrink" GUID="TowLRh+PxEiPhnokqBZCmg=="/>
  
    <POI MapID="1052" xpos="181.508" ypos="468.779" zpos="-376.626" type="chest.mapspecific.verdantbrink" GUID="V6Nb2TbzWEqEXvboTNex4w=="/>
  
    <POI MapID="1052" xpos="305.231" ypos="341.931" zpos="-133.211" type="chest.mapspecific.verdantbrink" GUID="Yr8TYgfs0EOJ0viXZpv0iA=="/>
  
    <POI MapID="1052" xpos="476.311" ypos="369.465" zpos="-162.046" type="chest.mapspecific.verdantbrink" GUID="IM9SbRBhPEylw9BFdnyV0Q=="/>
  
    <POI MapID="1052" xpos="440.264" ypos="401.033" zpos="-259.129" type="chest.mapspecific.verdantbrink" GUID="OEmVWazMqkifA4c8fPa+fw=="/>
  
    <POI MapID="1052" xpos="497.729" ypos="400.096" zpos="-252.153" type="chest.mapspecific.verdantbrink" GUID="0uWAuhc9ZUCtKQ2XXwaGug=="/>
  
    <POI MapID="1052" xpos="551.351" ypos="393.553" zpos="-216.52" type="chest.mapspecific.verdantbrink" GUID="dm0aY3p9ck2MnZ0J12hW9w=="/>
  
    <POI MapID="1052" xpos="677.103" ypos="369.652" zpos="295.901" type="chest.mapspecific.verdantbrink" GUID="QXZK1ZS2LUC8KsYwl7iZjQ=="/>
  
    <POI MapID="1052" xpos="417.345" ypos="378.979" zpos="236.675" type="chest.mapspecific.verdantbrink" GUID="EQKBtyceoUGmhuYs97tbiQ=="/>
  
    <POI MapID="1052" xpos="542.727" ypos="368.002" zpos="257.664" type="chest.mapspecific.verdantbrink" GUID="jfQkfLGt80G5Ph2HV/8MPg=="/>
  
    <POI MapID="1052" xpos="668.658" ypos="368.899" zpos="194.34" type="chest.mapspecific.verdantbrink" GUID="8Qm6sy8w/0S5UEz6X0dKZA=="/>
  
    <POI MapID="1052" xpos="718.079" ypos="332.318" zpos="129.237" type="chest.mapspecific.verdantbrink" GUID="rRwEUxTnvU6O3SP/V1UJ8w=="/>
  
    <POI MapID="1052" xpos="765.003" ypos="328.629" zpos="169.206" type="chest.mapspecific.verdantbrink" GUID="2nLWmzsn9UGH70lCyyisBQ=="/>
  
    <POI MapID="1052" xpos="785.967" ypos="329.756" zpos="200.581" type="chest.mapspecific.verdantbrink" GUID="HjNg9IjNvUi3aXO0tFdJVQ=="/>
  
    <POI MapID="1052" xpos="778.422" ypos="350.242" zpos="-96.0424" type="chest.mapspecific.verdantbrink" GUID="6uEh956JnkO1Gzz5fC/TaA=="/>
  
    <POI MapID="1052" xpos="534.978" ypos="400.484" zpos="-245.861" type="chest.mapspecific.verdantbrink" GUID="zsZloQBcZEmqrY5td0WrtQ=="/>
  
    <POI MapID="1052" xpos="344.392" ypos="336.134" zpos="-69.7384" type="chest.mapspecific.verdantbrink" GUID="p9AU54FH5ku2qt6rXeXXvg=="/>
  
    <POI MapID="1052" xpos="304.579" ypos="336.205" zpos="-80.1438" type="chest.mapspecific.verdantbrink" GUID="BjUwE1OxjUKVtuU6a+RQoA=="/>
  
    <POI MapID="1052" xpos="150.571" ypos="384.866" zpos="-239.353" type="chest.mapspecific.verdantbrink" GUID="iWfwXA7DBU6gAmCKuWq0Qw=="/>
  
    <POI MapID="1052" xpos="168.426" ypos="390.529" zpos="-243.076" type="chest.mapspecific.verdantbrink" GUID="bXEu+mricESCuftzD9Fk+g=="/>
  
    <POI MapID="1052" xpos="401.86" ypos="434.959" zpos="-387.161" type="chest.mapspecific.verdantbrink" GUID="Yekk3LaTqUuFJALYRoG7+g=="/>
  
    <POI MapID="1052" xpos="541.967" ypos="399.902" zpos="-372.655" type="chest.mapspecific.verdantbrink" GUID="mCY1wfIHvk2WKIcDFhHQjw=="/>
  
    <POI MapID="1052" xpos="175.826" ypos="398.98" zpos="97.9636" type="chest.mapspecific.verdantbrink" GUID="7u1BagifNEmNL64ZcsPQBg=="/>
  
    <POI MapID="1052" xpos="-715.011" ypos="343.226" zpos="-156.059" type="chest.mapspecific.verdantbrink" GUID="BRTsmb0iZEWOcX90ktSNUw=="/>
  
    <POI MapID="1052" xpos="59.4367" ypos="387.297" zpos="79.8164" type="chest.mapspecific.verdantbrink" GUID="6Q+oQkr5xkCGUKIGg9xn1Q=="/>
  
    <POI MapID="1052" xpos="229.199" ypos="355.122" zpos="80.0455" type="chest.mapspecific.verdantbrink" GUID="ok5E6rFjOECqycfEmZCbBQ=="/>
  
    <POI MapID="1052" xpos="-7.73761" ypos="390.621" zpos="-148.73" type="chest.mapspecific.verdantbrink" GUID="QTQK8bwkx0K4GkyBDLINcA=="/>
  
    <POI MapID="1052" xpos="963.387" ypos="363.929" zpos="270.08" type="chest.mapspecific.verdantbrink" GUID="mHO1W57CGkOYpbMRi2KB2w=="/>
  
    <POI MapID="1052" xpos="959.912" ypos="374.301" zpos="296.827" type="chest.mapspecific.verdantbrink" GUID="MrDRglDQ0kuM5nNNv3vuPQ=="/>
  
    <POI MapID="1052" xpos="973.677" ypos="379.636" zpos="310.958" type="chest.mapspecific.verdantbrink" GUID="CQCGz22MH0Sc4pqby1eSIg=="/>
  
    <POI MapID="1052" xpos="563.835" ypos="394.358" zpos="443.973" type="chest.mapspecific.verdantbrink" GUID="5Sc//kOszECCQIm73ZkZGQ=="/>
  
    <POI MapID="1052" xpos="501.338" ypos="427.329" zpos="433.478" type="chest.mapspecific.verdantbrink" GUID="xgM8XEaRMEKbWzP5AklyXg=="/>
  
    <POI MapID="1052" xpos="358.311" ypos="454.694" zpos="300.624" type="chest.mapspecific.verdantbrink" GUID="Tv/2io+NyUmWHK8A55qA/g=="/>
  
    <POI MapID="1052" xpos="892.376" ypos="388.307" zpos="-65.6742" type="chest.mapspecific.verdantbrink" GUID="QAmAi+ZV50aw4uNdwdptiQ=="/>
  
    <POI MapID="1052" xpos="713.908" ypos="339.857" zpos="-133.584" type="chest.mapspecific.verdantbrink" GUID="qC/ysQ41FEqGLzIyQ8NaUw=="/>
  
    <POI MapID="1052" xpos="575.393" ypos="395.391" zpos="-356.911" type="chest.mapspecific.verdantbrink" GUID="vIRsABP78kuaFlKADG54BA=="/>
  
    <POI MapID="1052" xpos="569.073" ypos="396.224" zpos="-355.539" type="chest.mapspecific.verdantbrink" GUID="B5koOOmZ5EC7Ud3VWrTmVA=="/>
  
    <POI MapID="1052" xpos="-299.441" ypos="540.102" zpos="154.774" type="chest.mapspecific.verdantbrink" GUID="z64qTNzQNUuXtkYGm6t9xw=="/>
  
    <POI MapID="1052" xpos="-470.822" ypos="594.321" zpos="282.298" type="chest.mapspecific.verdantbrink" GUID="G55x6RK2aEK7oy2SZZr9pQ=="/>
  
    <POI MapID="1052" xpos="-558.828" ypos="606.302" zpos="229.402" type="chest.mapspecific.verdantbrink" GUID="S7hq1KiKIkGf7Te4c03TPQ=="/>
  
    <POI MapID="1052" xpos="319.449" ypos="372.325" zpos="199.937" type="chest.mapspecific.verdantbrink" GUID="zUme57nzSEGvSBzvMMtYZw=="/>
  
    <POI MapID="1052" xpos="176.429" ypos="384.837" zpos="243.381" type="chest.mapspecific.verdantbrink" GUID="2ytUaB3l9kST7HZAqFUjOw=="/>
  
    <POI MapID="1052" xpos="503.036" ypos="472.818" zpos="-279.244" type="chest.mapspecific.verdantbrink" GUID="fx1ibQwyLkG1XTWe8QKbCA=="/>
  
    <POI MapID="1052" xpos="545.157" ypos="472.191" zpos="-288.49" type="chest.mapspecific.verdantbrink" GUID="QwmYhE2KWECrT7RuSpPnQA=="/>
  
    <POI MapID="1052" xpos="582.012" ypos="473.449" zpos="-262.237" type="chest.mapspecific.verdantbrink" GUID="4OdkFQs75kqYCyG12xifpg=="/>
  
    <POI MapID="1052" xpos="756.643" ypos="459.066" zpos="-373.807" type="chest.mapspecific.verdantbrink" GUID="DSbA7VhkQU2M0TiP0APVFA=="/>
  
    <POI MapID="1052" xpos="730.532" ypos="462.833" zpos="-418.513" type="chest.mapspecific.verdantbrink" GUID="GkQPUIQpHkO+fYlCMXAgIA=="/>
  
    <POI MapID="1052" xpos="811.043" ypos="365.423" zpos="54.8837" type="chest.mapspecific.verdantbrink" GUID="G4GOgUR8GkSyoa2nv/B+qQ=="/>
  
    <POI MapID="1052" xpos="-403.618" ypos="494.177" zpos="-284.758" type="chest.mapspecific.verdantbrink" GUID="3UQ1x0VKZEmoAMfYul5SEA=="/>
  
    <POI MapID="1052" xpos="-446.356" ypos="492.345" zpos="-320.7" type="chest.mapspecific.verdantbrink" GUID="fBtNRlBP6EqSPSCF73jdYw=="/>
  
    <POI MapID="1052" xpos="-328.805" ypos="520.664" zpos="-356.96" type="chest.mapspecific.verdantbrink" GUID="WhFzuoF3Q0+RnXxwS819+Q=="/>
  
    <POI MapID="1052" xpos="-347.648" ypos="526.846" zpos="-418.612" type="chest.mapspecific.verdantbrink" GUID="jGhFTUoST0WR9J1My3oG5A=="/>
  
    <POI MapID="1052" xpos="-202.818" ypos="417.954" zpos="-309.459" type="chest.mapspecific.verdantbrink" GUID="Yysfc6UuYkqCIwveVEaWeg=="/>
  
    <POI MapID="1052" xpos="804.297" ypos="363.394" zpos="25.3904" type="chest.mapspecific.verdantbrink" GUID="qELK0YNMFEWinQQ4WxA7Wg=="/>
  
    <POI MapID="1052" xpos="596.527" ypos="313.241" zpos="289.596" type="chest.mapspecific.verdantbrink" GUID="Sd1FskTdf0Wl8VGvlY/+QA=="/>
  
    <POI MapID="1052" xpos="621.614" ypos="309.104" zpos="272.939" type="chest.mapspecific.verdantbrink" GUID="qqlh20h6z0mkfnEK4lR7Iw=="/>
  
    <POI MapID="1052" xpos="971.178" ypos="394.96" zpos="374.404" type="chest.mapspecific.verdantbrink" GUID="M0rAYnUNGkKngPUts6SvJQ=="/>
  
    <POI MapID="1052" xpos="962.814" ypos="400.519" zpos="396.455" type="chest.mapspecific.verdantbrink" GUID="qq11AIvZM0ONoWoJSH0ohA=="/>
  
    <POI MapID="1052" xpos="941.669" ypos="403.721" zpos="426.737" type="chest.mapspecific.verdantbrink" GUID="KRZl3ueuz0i2N4wmQqGEgw=="/>
  
    <POI MapID="1052" xpos="-395.455" ypos="471.252" zpos="8.80013" type="chest.mapspecific.verdantbrink" GUID="ACD5iGXI30Ckz3OX+EJwPw=="/>
  
    <POI MapID="1052" xpos="-393.007" ypos="492.314" zpos="85.0526" type="chest.mapspecific.verdantbrink" GUID="SApv+mxN3Um30dfLPOx7sg=="/>
  
    <POI MapID="1052" xpos="956.252" ypos="388.396" zpos="357.291" type="chest.mapspecific.verdantbrink" GUID="9d8+qwcrZkuKT+zT6kVkGA=="/>
  
    <POI MapID="1052" xpos="910.308" ypos="403.696" zpos="446.241" type="chest.mapspecific.verdantbrink" GUID="2Uax45TplUyWWx9VkTulNA=="/>
  
    <POI MapID="1052" xpos="941.174" ypos="359.417" zpos="271.732" type="chest.mapspecific.verdantbrink" GUID="BTofHqGqUkuUHhe/HFI2+w=="/>
  
    <POI MapID="1052" xpos="629.711" ypos="336.998" zpos="358.505" type="chest.mapspecific.verdantbrink" GUID="z1Vm9p+ypkiA/2kwncmvkA=="/>
  
    <POI MapID="1052" xpos="546.823" ypos="338.78" zpos="332.367" type="chest.mapspecific.verdantbrink" GUID="m3Qh/dtnVk+smOPWNied5A=="/>
  
    <POI MapID="1052" xpos="917.87" ypos="354.315" zpos="246.331" type="chest.mapspecific.verdantbrink" GUID="wJbuc5bpRUuNQHzFtIttsg=="/>
  
    <POI MapID="1052" xpos="855.367" ypos="362.282" zpos="170.095" type="chest.mapspecific.verdantbrink" GUID="5UhT9prxLE+TLm6En6Fn7g=="/>
  
    <POI MapID="1052" xpos="843.023" ypos="361.919" zpos="131.715" type="chest.mapspecific.verdantbrink" GUID="whAQYdW6ike4/PV5ABPYtg=="/>
  
    <POI MapID="1052" xpos="798.948" ypos="365.362" zpos="88.0494" type="chest.mapspecific.verdantbrink" GUID="+me1RuOVh0KXkODfwGv8RQ=="/>
  
    <POI MapID="1052" xpos="909.071" ypos="353.587" zpos="125.375" type="chest.mapspecific.verdantbrink" GUID="oA3gUgVFfEmnmmRRGEh6Bg=="/>
  
    <POI MapID="1052" xpos="914.097" ypos="356.485" zpos="211.362" type="chest.mapspecific.verdantbrink" GUID="uKEuBx4QC0GjW0uhOwEURQ=="/>
  
    <POI MapID="1052" xpos="886.968" ypos="403.771" zpos="433.777" type="chest.mapspecific.verdantbrink" GUID="NFJDcCf4W02T2OzkNiUYYw=="/>
  
    <POI MapID="1052" xpos="870.621" ypos="403.199" zpos="425.616" type="chest.mapspecific.verdantbrink" GUID="QJoXsxJC1UG4iHBJHagITg=="/>
  
    <POI MapID="1052" xpos="829.068" ypos="401.797" zpos="426.619" type="chest.mapspecific.verdantbrink" GUID="NpEGE8ZRKUiKdUGJUgMN6g=="/>
  
    <POI MapID="1052" xpos="928.532" ypos="397.351" zpos="407.16" type="chest.mapspecific.verdantbrink" GUID="AxmId6Rdt069gJQIyDypvw=="/>
  
    <POI MapID="1052" xpos="933.705" ypos="358.061" zpos="208.377" type="chest.mapspecific.verdantbrink" GUID="31VDFEb9hkO0Eo9Q35PBlA=="/>
  
    <POI MapID="1052" xpos="822.186" ypos="361.497" zpos="32.1748" type="chest.mapspecific.verdantbrink" GUID="B6lNoN1Bl0qJiyRlQGczfQ=="/>
  
    <POI MapID="1052" xpos="788.704" ypos="365.654" zpos="72.0955" type="chest.mapspecific.verdantbrink" GUID="pRQi0nofIESBzysVNtqQOw=="/>
  
    <POI MapID="1052" xpos="911.32" ypos="358.231" zpos="333.207" type="chest.mapspecific.verdantbrink" GUID="BPsRvGIIeUGLAS8KYytA3w=="/>
  
  </POIs>
</OverlayData>
