<OverlayData>
  <POIs>
    <POI MapID="1045"  type="chest.mapspecific.tangleddepths" xpos="147.158" ypos="2.33165" zpos="-413.781" GUID="Qww8QzfQ3U+QZ6I1i+skNg=="/>

    <POI MapID="1045"  type="chest.mapspecific.tangleddepths" xpos="684.404" ypos="227.658" zpos="-385.783" GUID="0veR3wLZGkyMkKbkcKHFvg=="/>
  
    <POI MapID="1045"  type="chest.mapspecific.tangleddepths" xpos="770.28" ypos="240.526" zpos="-367.648" GUID="sdpZ+iwqnkGuPQjN/hr4Kw=="/>
  
    <POI MapID="1045"  type="chest.mapspecific.tangleddepths" xpos="846.927" ypos="291.165" zpos="-521.726" GUID="/+d6BLtGYkCM7P/WXOx26A=="/>
  
    <POI MapID="1045"  type="chest.mapspecific.tangleddepths" xpos="554.969" ypos="234.708" zpos="-338.454" GUID="PEFa6Pn1f0qxMzPPTr7H8w=="/>
  
    <POI MapID="1045"  type="chest.mapspecific.tangleddepths" xpos="576.769" ypos="9.51847" zpos="90.3834" GUID="7M3lujHRx0CoIXs5BMJOCQ=="/>
  
    <POI MapID="1045"  type="chest.mapspecific.tangleddepths" xpos="474.127" ypos="35.2658" zpos="-79.4797" GUID="fkkT8avsh0mrQG2MaLBX7w=="/>
  
    <POI MapID="1045"  type="chest.mapspecific.tangleddepths" xpos="409.706" ypos="72.8286" zpos="-52.2654" GUID="hSRYd3fq7E23f0jMzfaD8g=="/>
  
    <POI MapID="1045"  type="chest.mapspecific.tangleddepths" xpos="-130.39" ypos="216.729" zpos="-283.502" GUID="s+2sw8yZJ0iDbuUCKBi8Fw=="/>
  
    <POI MapID="1045"  type="chest.mapspecific.tangleddepths" xpos="-190.108" ypos="218.42" zpos="-223.351" GUID="j9HJ3aPrM0+gMbEyuQQNiw=="/>
  
    <POI MapID="1045"  type="chest.mapspecific.tangleddepths" xpos="-155.525" ypos="233.151" zpos="-130.593" GUID="xVYvSgYoT0aewagtVkYzEw=="/>
  
    <POI MapID="1045"  type="chest.mapspecific.tangleddepths" xpos="-291.27" ypos="256.247" zpos="-92.3435" GUID="PddMuqGPC0++s7uoHInwBg=="/>
  
    <POI MapID="1045"  type="chest.mapspecific.tangleddepths" xpos="-488.244" ypos="320.978" zpos="-49.91" GUID="It+yJCgnmkSZWtDhF1mldw=="/>
  
    <POI MapID="1045"  type="chest.mapspecific.tangleddepths" xpos="-268.971" ypos="23.8114" zpos="28.157" GUID="VsV/zHkxVUSt8d2tjCRX+Q=="/>
  
    <POI MapID="1045"  type="chest.mapspecific.tangleddepths" xpos="-286.803" ypos="2.91783" zpos="7.60106" GUID="f/fRSALlOkKE/TZxiHoM1g=="/>
  
    <POI MapID="1045"  type="chest.mapspecific.tangleddepths" xpos="349.551" ypos="38.944" zpos="-260.992" GUID="HS7AoxK0K0WrGRY1aR0j0Q=="/>
  
    <POI MapID="1045"  type="chest.mapspecific.tangleddepths" xpos="419.965" ypos="49.8563" zpos="-236.803" GUID="yDus2rdWK0qUHPxjMKxifA=="/>
  
    <POI MapID="1045"  type="chest.mapspecific.tangleddepths" xpos="400.114" ypos="54.953" zpos="-199.933" GUID="EQrKELwKi0qW3ZDLNzHCGw=="/>
  
    <POI MapID="1045"  type="chest.mapspecific.tangleddepths" xpos="432.958" ypos="51.5999" zpos="-204.763" GUID="ms+Gb+DGB0OPhwp+r1lt3w=="/>
  
    <POI MapID="1045"  type="chest.mapspecific.tangleddepths" xpos="511.544" ypos="43.8862" zpos="-277.192" GUID="MrGd3GUAsEiZFVuP57xFug=="/>
  
    <POI MapID="1045"  type="chest.mapspecific.tangleddepths" xpos="540.486" ypos="42.773" zpos="-288.657" GUID="rF83FHJ3FEGlwjigedZOhA=="/>
  
    <POI MapID="1045"  type="chest.mapspecific.tangleddepths" xpos="592.62" ypos="13.4813" zpos="-213.422" GUID="jUz4BzZyDUKsVYNLta9tfg=="/>
  
    <POI MapID="1045"  type="chest.mapspecific.tangleddepths" xpos="608.337" ypos="12.8584" zpos="-228.302" GUID="JlYdyYkWPU2KVNfg2fl+fg=="/>
  
    <POI MapID="1045"  type="chest.mapspecific.tangleddepths" xpos="402.778" ypos="1.48312" zpos="151.967" GUID="3p/njPj3IUSng95ReQwzQA=="/>
  
    <POI MapID="1045"  type="chest.mapspecific.tangleddepths" xpos="243.733" ypos="0.692747" zpos="152.1" GUID="jWEIoWJDJEecVbHHlEaq2Q=="/>
  
    <POI MapID="1045"  type="chest.mapspecific.tangleddepths" xpos="237.709" ypos="0.0427634" zpos="174.849" GUID="SN6WgUtH7kW29NRnwr+hRw=="/>
  
    <POI MapID="1045"  type="chest.mapspecific.tangleddepths" xpos="204.092" ypos="2.51163" zpos="515.709" GUID="/dLdj/wBz0KA6jQc2RWW0Q=="/>
  
    <POI MapID="1045"  type="chest.mapspecific.tangleddepths" xpos="234.911" ypos="4.5357" zpos="33.8528" GUID="npl6dUIRF0myPrrU3OQC1w=="/>
  
    <POI MapID="1045"  type="chest.mapspecific.tangleddepths" xpos="157.857" ypos="9.16525" zpos="31.4231" GUID="SWWgos6FbUmGfU3syVo/hA=="/>
  
    <POI MapID="1045"  type="chest.mapspecific.tangleddepths" xpos="213.972" ypos="15.6975" zpos="-42.5338" GUID="92uRNkwE3kag4vHDqV4L7g=="/>
  
    <POI MapID="1045"  type="chest.mapspecific.tangleddepths" xpos="227.567" ypos="24.8745" zpos="-73.0195" GUID="f9ZNY2ceQU+6G6NmnelfIw=="/>
  
    <POI MapID="1045"  type="chest.mapspecific.tangleddepths" xpos="229.882" ypos="27.9936" zpos="-108.653" GUID="xI1kg+bgKUq4S99S8rhoOA=="/>
  
    <POI MapID="1045"  type="chest.mapspecific.tangleddepths" xpos="227.425" ypos="38.2938" zpos="-151.904" GUID="k+ekolkhtUiWNdrjEHqUdQ=="/>
  
    <POI MapID="1045"  type="chest.mapspecific.tangleddepths" xpos="67.1972" ypos="54.1164" zpos="-176.464" GUID="RqjZdkLoEUqO7FdL79wCoQ=="/>
  
    <POI MapID="1045"  type="chest.mapspecific.tangleddepths" xpos="3.4421" ypos="45.6072" zpos="-162.338" GUID="K6AihTU2IEuJA5NtFlU/8w=="/>
  
    <POI MapID="1045"  type="chest.mapspecific.tangleddepths" xpos="-121.727" ypos="3.22829" zpos="7.69562" GUID="FZK+iGwqAUOdcdncEckcTQ=="/>
  
    <POI MapID="1045"  type="chest.mapspecific.tangleddepths" xpos="-171.8" ypos="1.37587" zpos="58.2656" GUID="Sm1UsuYteUq+Xd0ehJW90Q=="/>
  
    <POI MapID="1045"  type="chest.mapspecific.tangleddepths" xpos="-354.54" ypos="0.0161727" zpos="77.4482" GUID="gZUU9isUm0KUOJKjZXi4kA=="/>
  
    <POI MapID="1045"  type="chest.mapspecific.tangleddepths" xpos="-393.065" ypos="6.1614" zpos="104.384" GUID="RYIOQ5GD+k2hzHjJENFvIg=="/>
  
    <POI MapID="1045"  type="chest.mapspecific.tangleddepths" xpos="871.475" ypos="213.658" zpos="-334.988" GUID="mikFH79DSUO6m575vbPNnw=="/>
  
    <POI MapID="1045"  type="chest.mapspecific.tangleddepths" xpos="-334.454" ypos="221.966" zpos="-72.5912" GUID="TWxZicRmdk6dZUG/c3DwJA=="/>
  
    <POI MapID="1045"  type="chest.mapspecific.tangleddepths" xpos="-382.158" ypos="246.876" zpos="-123.439" GUID="8ZRjpfUhpk27GCu3S0yAww=="/>
  
    <POI MapID="1045"  type="chest.mapspecific.tangleddepths" xpos="-33.1186" ypos="210.56" zpos="388.61" GUID="boDuAZ/RLkqEhKDKeKOdrg=="/>
  
    <POI MapID="1045"  type="chest.mapspecific.tangleddepths" xpos="-71.7823" ypos="34.4469" zpos="-377.458" GUID="KPCmx+n6r0KOy0Xn5Cqlgw=="/>
  
    <POI MapID="1045"  type="chest.mapspecific.tangleddepths" xpos="-158.779" ypos="21.3283" zpos="-404.475" GUID="/UCgYwRlLEyCDUUfgB+iYA=="/>
  
    <POI MapID="1045"  type="chest.mapspecific.tangleddepths" xpos="-152.034" ypos="22.1747" zpos="-453.811" GUID="sSoudJ0fl0Wt+nZG1bpaog=="/>
  
    <POI MapID="1045"  type="chest.mapspecific.tangleddepths" xpos="-114.414" ypos="13.3781" zpos="-454.824" GUID="f9aE+SojZEqGZCSEsJQaJQ=="/>
  
    <POI MapID="1045"  type="chest.mapspecific.tangleddepths" xpos="-103.968" ypos="22.3151" zpos="-489.334" GUID="7iBnVKTiQkCZqUUkJFO8pA=="/>
  
    <POI MapID="1045"  type="chest.mapspecific.tangleddepths" xpos="-283.585" ypos="12.4352" zpos="-515.926" GUID="nuxpj8WCpEi5j1+o5tjmTQ=="/>
  
    <POI MapID="1045"  type="chest.mapspecific.tangleddepths" xpos="-373.174" ypos="3.50471" zpos="-490.097" GUID="1xlXd+rErE+Npuh0IhmYXw=="/>
  
    <POI MapID="1045"  type="chest.mapspecific.tangleddepths" xpos="-421.657" ypos="0.691953" zpos="-514.472" GUID="/maRWZMG2E+hVZi/vksQzw=="/>
  
    <POI MapID="1045"  type="chest.mapspecific.tangleddepths" xpos="-490.576" ypos="7.81528" zpos="-478.351" GUID="VH7S88Svf0Opvyzv4OgwEg=="/>
  
    <POI MapID="1045"  type="chest.mapspecific.tangleddepths" xpos="397.234" ypos="95.6875" zpos="-82.6951" GUID="M4d1T9Huj0SLe1QXoM2tcQ=="/>
  
    <POI MapID="1045"  type="chest.mapspecific.tangleddepths" xpos="532.964" ypos="192.633" zpos="-397.743" GUID="a7rww1h7qkaROUC+dyFFyg=="/>
  
    <POI MapID="1045"  type="chest.mapspecific.tangleddepths" xpos="-123.805" ypos="25.2965" zpos="-432.428" GUID="4qb131nwRkKnnCN0HaL2KA=="/>
  
    <POI MapID="1045"  type="chest.mapspecific.tangleddepths" xpos="-258.037" ypos="12.2151" zpos="-494.361" GUID="vmUAlRFhykqnlHmja1gCVQ=="/>
  
    <POI MapID="1045"  type="chest.mapspecific.tangleddepths" xpos="-326.419" ypos="8.12541" zpos="-488.559" GUID="eUPrej+f3U2EhKXvoXIqhw=="/>
  
    <POI MapID="1045"  type="chest.mapspecific.tangleddepths" xpos="636.935" ypos="16.882" zpos="-173.636" GUID="kBTmfncAtkSXFYWkrhjCbQ=="/>
  
    <POI MapID="1045"  type="chest.mapspecific.tangleddepths" xpos="622.197" ypos="10.6376" zpos="-200.825" GUID="tXw/Qy5Vikyh1+38SL72Og=="/>
  
    <POI MapID="1045"  type="chest.mapspecific.tangleddepths" xpos="587.572" ypos="17.5896" zpos="-187.117" GUID="O5LFWrYmREa/V4JNKW8Uww=="/>
  
    <POI MapID="1045"  type="chest.mapspecific.tangleddepths" xpos="484.995" ypos="47.914" zpos="-288.89" GUID="ov8cdDq5U0mLLDcb3lqwtg=="/>
  
    <POI MapID="1045"  type="chest.mapspecific.tangleddepths" xpos="436.075" ypos="43.7789" zpos="-278.471" GUID="LxxbpVE+CEOwnOutQo6ygw=="/>
  
    <POI MapID="1045"  type="chest.mapspecific.tangleddepths" xpos="411.117" ypos="55.7778" zpos="-190.795" GUID="AtM7RYOI80WqJhz2uNo4pQ=="/>
  
    <POI MapID="1045"  type="chest.mapspecific.tangleddepths" xpos="234.842" ypos="0.802963" zpos="221.3" GUID="pTDILfie+kq8m+O8Q/16vw=="/>
  
    <POI MapID="1045"  type="chest.mapspecific.tangleddepths" xpos="-81.4985" ypos="218.81" zpos="-205.333" GUID="YVWoqPRT7EOOwluz2gVgoA=="/>
  
    <POI MapID="1045"  type="chest.mapspecific.tangleddepths" xpos="-265.288" ypos="217.576" zpos="-268.563" GUID="pRdvkfNCh0a+zyDLrC/zUg=="/>
  
    <POI MapID="1045"  type="chest.mapspecific.tangleddepths" xpos="246.993" ypos="36.7229" zpos="-160.799" GUID="TJVkbL/V50yHfExlym+tWg=="/>
  
    <POI MapID="1045"  type="chest.mapspecific.tangleddepths" xpos="226.951" ypos="38.1052" zpos="-139.292" GUID="SmWi3fIm7EyhgmOc3dwqyA=="/>
  
    <POI MapID="1045"  type="chest.mapspecific.tangleddepths" xpos="186.134" ypos="10.5915" zpos="-19.9645" GUID="v7jN6YDnOU+DI2T1W4zV0A=="/>
  
    <POI MapID="1045"  type="chest.mapspecific.tangleddepths" xpos="171.936" ypos="6.61171" zpos="133.903" GUID="4wZ86aH2zk2MwExotBrFFA=="/>
  
    <POI MapID="1045"  type="chest.mapspecific.tangleddepths" xpos="203.802" ypos="3.87679" zpos="204.034" GUID="m80cmlhVWkyGakCmwvYanA=="/>
  
    <POI MapID="1045"  type="chest.mapspecific.tangleddepths" xpos="-52.6395" ypos="31.6389" zpos="-467.349" GUID="eXImMCYnJkyk+PxH7lm8Dw=="/>
  
    <POI MapID="1045"  type="chest.mapspecific.tangleddepths" xpos="-232.806" ypos="13.4323" zpos="-509.523" GUID="GqYzC02GZkenb8LUaITmug=="/>
  
    <POI MapID="1045"  type="chest.mapspecific.tangleddepths" xpos="-367.747" ypos="1.32226" zpos="-440.993" GUID="mMj7c1qzQUCfWPjIcir64w=="/>
  
    <POI MapID="1045"  type="chest.mapspecific.tangleddepths" xpos="-442.96" ypos="0.642944" zpos="-519.272" GUID="TUN7vPXrqk+jqY/YIfs22g=="/>
  
    <POI MapID="1045"  type="chest.mapspecific.tangleddepths" xpos="836.451" ypos="64.2168" zpos="-119.047" GUID="oijHKwwOfk+erviF58GBPQ=="/>
  
    <POI MapID="1045"  type="chest.mapspecific.tangleddepths" xpos="-425.199" ypos="0.494002" zpos="-433.386" GUID="v6dbwo2KMkqUZ2L09AsWPQ=="/>
  
    <POI MapID="1045"  type="chest.mapspecific.tangleddepths" xpos="472.287" ypos="1.30768" zpos="98.8361" GUID="DCuigaqQ7UGeyOmZ8tNXBA=="/>
  
    <POI MapID="1045"  type="chest.mapspecific.tangleddepths" xpos="-60.8015" ypos="33.2753" zpos="-427.16" GUID="MnT9eoJMOkuPp1K20kVGGQ=="/>
  
    <POI MapID="1045"  type="chest.mapspecific.tangleddepths" xpos="-391.132" ypos="0.814358" zpos="-428.746" GUID="IcogLIc+50uru/YU/x0X2w=="/>
  
    <POI MapID="1045"  type="chest.mapspecific.tangleddepths" xpos="30.9939" ypos="39.7393" zpos="-110.393" GUID="AOuRBpFznkeZwc7oTyeXtA=="/>
  
    <POI MapID="1045"  type="chest.mapspecific.tangleddepths" xpos="-100.011" ypos="1.00582" zpos="-10.9577" GUID="oXU35HE3/EOvNikG7h8S4Q=="/>
  
    <POI MapID="1045"  type="chest.mapspecific.tangleddepths" xpos="-244.967" ypos="4.7712" zpos="-13.6572" GUID="cpjVO8b4Q0WuAeGx4icPTA=="/>
  
    <POI MapID="1045"  type="chest.mapspecific.tangleddepths" xpos="402.071" ypos="32.054" zpos="187.785" GUID="KPvYgmqfPUyNpHbNI3zRDA=="/>
  
    <POI MapID="1045"  type="chest.mapspecific.tangleddepths" xpos="530.756" ypos="11.6452" zpos="183.808" GUID="k+D0RPyjM0+SIHBmR66Jsg=="/>
  
    <POI MapID="1045"  type="chest.mapspecific.tangleddepths" xpos="253.822" ypos="0.344687" zpos="139.373" GUID="Fu54O0FSukyWmcaDvo2WAA=="/>
  
    <POI MapID="1045"  type="chest.mapspecific.tangleddepths" xpos="508.358" ypos="33.5476" zpos="-177.557" GUID="W0+J4eQQJkm0E+lK1haDVA=="/>
  
    <POI MapID="1045"  type="chest.mapspecific.tangleddepths" xpos="664.224" ypos="7.41653" zpos="-240.587" GUID="tObxMZWn6U2+qTtkcj41Dw=="/>
  
    <POI MapID="1045"  type="chest.mapspecific.tangleddepths" xpos="674.4" ypos="2.16467" zpos="-219.553" GUID="CW5UqgXBjkOEHYPT1a/QkA=="/>
  
    <POI MapID="1045"  type="chest.mapspecific.tangleddepths" xpos="661.049" ypos="4.65684" zpos="-205.295" GUID="NTGavUefnUOfPuji5JwRiQ=="/>
  
    <POI MapID="1045"  type="chest.mapspecific.tangleddepths" xpos="628.694" ypos="9.07236" zpos="-235.414" GUID="J3o5kdwL40SmwPrQUSsmwA=="/>
  
    <POI MapID="1045"  type="chest.mapspecific.tangleddepths" xpos="660.767" ypos="15.2418" zpos="-179.044" GUID="CemqlQaTLEWcIOG+qLycmA=="/>
  
    <POI MapID="1045"  type="chest.mapspecific.tangleddepths" xpos="-493.621" ypos="1.8149" zpos="-435.481" GUID="Y6RIFHWPOEewv3T5bJ6l6w=="/>
  
    <POI MapID="1045"  type="chest.mapspecific.tangleddepths" xpos="-187.109" ypos="19.6158" zpos="-428.157" GUID="nR7/eMbC806u/9ady9bACQ=="/>
  
    <POI MapID="1045"  type="chest.mapspecific.tangleddepths" xpos="-215.964" ypos="18.4094" zpos="-431.791" GUID="NN5gz5xAlEKlwFbI4sScmw=="/>
  
    <POI MapID="1045"  type="chest.mapspecific.tangleddepths" xpos="535.093" ypos="28.2889" zpos="-220.488" GUID="6COrR6Fsi0+R37fG9Njs5g=="/>
  
    <POI MapID="1045"  type="chest.mapspecific.tangleddepths" xpos="581.87" ypos="21.5671" zpos="-232.718" GUID="k1jc+Y2dkEmYKVcPzrk7Pg=="/>
  
    <POI MapID="1045"  type="chest.mapspecific.tangleddepths" xpos="162.849" ypos="19.6781" zpos="-501.321" GUID="hHkKV3GBzkazbVePkjgysQ=="/>
  
    <POI MapID="1045"  type="chest.mapspecific.tangleddepths" xpos="-416.327" ypos="0.709107" zpos="106.832" GUID="0+YhvfbqTk+/tFZF0TVEyQ=="/>
  
    <POI MapID="1045"  type="chest.mapspecific.tangleddepths" xpos="-30.3358" ypos="33.749" zpos="-454.734" GUID="0Kpa1xdyQEydJsMbd8PqdA=="/>
  
    <POI MapID="1045"  type="chest.mapspecific.tangleddepths" xpos="-92.4891" ypos="32.0097" zpos="-403.268" GUID="xzbJGDsAtUWDNRjXXAwqJg=="/>
  
    <POI MapID="1045"  type="chest.mapspecific.tangleddepths" xpos="-232.785" ypos="15.3748" zpos="-442.76" GUID="skbLoKZezUSxzxDr8Pujzg=="/>
  
    <POI MapID="1045"  type="chest.mapspecific.tangleddepths" xpos="558.355" ypos="20.1221" zpos="-216.23" GUID="oUHS4Oq8mkaiHilSXDdx8A=="/>
  
    <POI MapID="1045"  type="chest.mapspecific.tangleddepths" xpos="-27.578" ypos="31.7196" zpos="-371.658" GUID="W1RNyxt0v0qPkcRSSUMB4A=="/>
  
    <POI MapID="1045"  type="chest.mapspecific.tangleddepths" xpos="38.8027" ypos="54.5105" zpos="-225.127" GUID="WqVZjo/M8UiNKMwNZ3cM6w=="/>
  
    <POI MapID="1045"  type="chest.mapspecific.tangleddepths" xpos="45.2543" ypos="48.7837" zpos="-133.975" GUID="55HVBqXcvk+Ay69NYgNypg=="/>
  
    <POI MapID="1045"  type="chest.mapspecific.tangleddepths" xpos="-24.4471" ypos="19.8053" zpos="-153.327" GUID="ciREYQj0i02iiHH8+Pv4Nw=="/>
  
    <POI MapID="1045"  type="chest.mapspecific.tangleddepths" xpos="-74.4349" ypos="14.0203" zpos="-132.727" GUID="Xn0l10ZH8EOriEJPgAJBYw=="/>
  
    <POI MapID="1045"  type="chest.mapspecific.tangleddepths" xpos="-215.717" ypos="0.193985" zpos="2.45021" GUID="Rjna7xsmSUq7i8mhF45lIg=="/>
  
    <POI MapID="1045"  type="chest.mapspecific.tangleddepths" xpos="-394.242" ypos="4.79118" zpos="78.3744" GUID="KHveaaPs8EahwdGaQBH9dA=="/>
  
    <POI MapID="1045"  type="chest.mapspecific.tangleddepths" xpos="180.687" ypos="3.40379" zpos="75.4191" GUID="Z1Y8q4SdlECCJOYW3YlRgA=="/>
  
    <POI MapID="1045"  type="chest.mapspecific.tangleddepths" xpos="178.686" ypos="4.39259" zpos="51.3696" GUID="ly6ROoDym0SlS2FmZUHTXw=="/>
  
    <POI MapID="1045"  type="chest.mapspecific.tangleddepths" xpos="244.339" ypos="14.6037" zpos="-13.7005" GUID="k4zdrow2C0O5KBL/CwE/Vw=="/>
  
    <POI MapID="1045"  type="chest.mapspecific.tangleddepths" xpos="175.283" ypos="26.3651" zpos="-104.923" GUID="AJEVXTiCe0qJ7eOLrsZpIQ=="/>
  
    <POI MapID="1045"  type="chest.mapspecific.tangleddepths" xpos="507.61" ypos="36.3203" zpos="-256.995" GUID="jbB0agXKp0yEmAVA0Xadrg=="/>
  
    <POI MapID="1045"  type="chest.mapspecific.tangleddepths" xpos="473.289" ypos="44.8765" zpos="-286.661" GUID="Tpl6lmedS0qRwcWmb30uog=="/>
  
    <POI MapID="1045"  type="chest.mapspecific.tangleddepths" xpos="524.339" ypos="35.5395" zpos="-237.903" GUID="pYs7MptPYUuc7xwL/FfztQ=="/>
  
    <POI MapID="1045"  type="chest.mapspecific.tangleddepths" xpos="610.722" ypos="18.1047" zpos="-187.902" GUID="1BOB7Mw5s0e7JZmI7d4+rA=="/>
  
    <POI MapID="1045"  type="chest.mapspecific.tangleddepths" xpos="666.498" ypos="8.78858" zpos="-191.939" GUID="NRZVGWyyrUuVl1aAEEnZyQ=="/>
  
    <POI MapID="1045"  type="chest.mapspecific.tangleddepths" xpos="472.389" ypos="33.9927" zpos="-227.21" GUID="tyIgORfma0ud5QNJl5zAzQ=="/>
  
    <POI MapID="1045"  type="chest.mapspecific.tangleddepths" xpos="82.7901" ypos="53.4868" zpos="-180.701" GUID="2d4LpJ1VvUWXnEtYVO7CNA=="/>
  
    <POI MapID="1045"  type="chest.mapspecific.tangleddepths" xpos="-89.6106" ypos="3.34552" zpos="-73.6008" GUID="9Jr5N9HC8UmrYaMa7wqPEA=="/>
  
    <POI MapID="1045"  type="chest.mapspecific.tangleddepths" xpos="-191.713" ypos="0.429105" zpos="4.80827" GUID="XoBNuBGczEelkTqWvhUQow=="/>
  
    <POI MapID="1045"  type="chest.mapspecific.tangleddepths" xpos="522.899" ypos="34.8012" zpos="-170.536" GUID="z4bbQNhtn0Cfre1JsJI+tA=="/>
  
    <POI MapID="1045"  type="chest.mapspecific.tangleddepths" xpos="378.562" ypos="48.09" zpos="-292.758" GUID="OsNPQTG6g0KVwoA9wHhkvg=="/>
  
    <POI MapID="1045"  type="chest.mapspecific.tangleddepths" xpos="229.027" ypos="0.606042" zpos="112.702" GUID="YquBRnzbsk2WsGiT+RJIAg=="/>
  
    <POI MapID="1045"  type="chest.mapspecific.tangleddepths" xpos="244.642" ypos="7.0493" zpos="92.8175" GUID="i4SZ3hAqk0y/z+3s2UDVZA=="/>
  
    <POI MapID="1045"  type="chest.mapspecific.tangleddepths" xpos="174.005" ypos="19.2947" zpos="-57.8412" GUID="Yeb5mMa4b0WhwWMt/MS02Q=="/>
  
    <POI MapID="1045"  type="chest.mapspecific.tangleddepths" xpos="165.926" ypos="26.4038" zpos="-89.4476" GUID="ALBViChYz0m9mOwWGjptGg=="/>
  
    <POI MapID="1045"  type="chest.mapspecific.tangleddepths" xpos="-145.137" ypos="2.91686" zpos="39.5507" GUID="+r7ksKvOb0OQ62fAIRVDIQ=="/>
  
    <POI MapID="1045"  type="chest.mapspecific.tangleddepths" xpos="-155.683" ypos="8.74796" zpos="67.6767" GUID="c3JMTIHvMUyiMbJgkSd+wg=="/>
  
    <POI MapID="1045"  type="chest.mapspecific.tangleddepths" xpos="-123.899" ypos="23.2454" zpos="71.5038" GUID="YWZOag6vi02bvDV4HGABQg=="/>
  
    <POI MapID="1045"  type="chest.mapspecific.tangleddepths" xpos="-272.799" ypos="2.64718" zpos="158.003" GUID="+ieVOU6jH0SahejRTUfOQg=="/>
  
    <POI MapID="1045"  type="chest.mapspecific.tangleddepths" xpos="228.371" ypos="10.2799" zpos="-30.2699" GUID="383ySoATYEGbyfnkJXZ7Xw=="/>
  
    <POI MapID="1045"  type="chest.mapspecific.tangleddepths" xpos="338.485" ypos="7.0522" zpos="19.1272" GUID="dKd0nIpfDUaAG0Guiylxkg=="/>
  
    <POI MapID="1045"  type="chest.mapspecific.tangleddepths" xpos="414.856" ypos="35.9177" zpos="-137.914" GUID="57V68q8qKEe7rpIHQynpZQ=="/>
  
    <POI MapID="1045"  type="chest.mapspecific.tangleddepths" xpos="331.382" ypos="17.7679" zpos="-46.9685" GUID="HL0XqvNkgk60yR18DdlOxg=="/>
  
    <POI MapID="1045"  type="chest.mapspecific.tangleddepths" xpos="561.469" ypos="39.7094" zpos="-249.79" GUID="F3mcU9FRWE+NdellIjoh9Q=="/>
  
    <POI MapID="1045"  type="chest.mapspecific.tangleddepths" xpos="500.759" ypos="31.9128" zpos="-228.422" GUID="CebisXkwjEKR3hsPPQDR2w=="/>
  
    <POI MapID="1045"  type="chest.mapspecific.tangleddepths" xpos="-120.211" ypos="2.73392" zpos="-67.0935" GUID="1LUd/6UetE+lUNYHgmKJeQ=="/>
  
    <POI MapID="1045"  type="chest.mapspecific.tangleddepths" xpos="222.452" ypos="30.1986" zpos="-123.357" GUID="MYu0hJP0fU2cPHoL/hEHKw=="/>
  
    <POI MapID="1045"  type="chest.mapspecific.tangleddepths" xpos="-106.751" ypos="30.0506" zpos="-444.387" GUID="nzYWDDtxCUudAd2b1d9yTg=="/>
  
    <POI MapID="1045"  type="chest.mapspecific.tangleddepths" xpos="-231.912" ypos="225.192" zpos="-153.728" GUID="X09NL03f80S/ms0FSMwJpQ=="/>
  
    <POI MapID="1045"  type="chest.mapspecific.tangleddepths" xpos="-300.473" ypos="185.389" zpos="-114.369" GUID="ZrcMY4kXP0yy7sYwQKyUPA=="/>
  
    <POI MapID="1045"  type="chest.mapspecific.tangleddepths" xpos="362.12" ypos="40.9213" zpos="-253.404" GUID="MWkI1oWiz0+Zp2HIwuSiQQ=="/>
  </POIs>
</OverlayData>
