<OverlayData>
  <POIs>
    <POI MapID="1015" xpos="575.591" ypos="416.954" zpos="-358.772" type="chest.mapspecific.silverwastes" GUID="HvQvBUVlO0qOsIhvmRSA6w=="/>
  
    <POI MapID="1015" xpos="327.133" ypos="378.822" zpos="-24.7158" type="chest.mapspecific.silverwastes" GUID="baT5MlelOEOadDbY1HfTgA=="/>
  
    <POI MapID="1015" xpos="156.119" ypos="414.276" zpos="19.4922" type="chest.mapspecific.silverwastes" GUID="06LwnE5cYEyAo+KLpK8zHA=="/>
  
    <POI MapID="1015" xpos="22.7203" ypos="418.449" zpos="130.802" type="chest.mapspecific.silverwastes" GUID="BBFwWrK/Gkii4BmGU51wcg=="/>
  
    <POI MapID="1015" xpos="13.0615" ypos="417.081" zpos="157.02" type="chest.mapspecific.silverwastes" GUID="HTEiCKIldkKejpXCWEwYkQ=="/>
  
    <POI MapID="1015" xpos="-114.655" ypos="415.889" zpos="43.7897" type="chest.mapspecific.silverwastes" GUID="8SVKw3B22EeGR7cFR2Z/CQ=="/>
  
    <POI MapID="1015" xpos="-62.6546" ypos="415.686" zpos="204.924" type="chest.mapspecific.silverwastes" GUID="b4yguonVWESJBmSdLSF/hA=="/>
  
    <POI MapID="1015" xpos="-174.64" ypos="418.185" zpos="268.462" type="chest.mapspecific.silverwastes" GUID="ng0ZGCtKKEW+lH/1YdzC+w=="/>
  
    <POI MapID="1015" xpos="-441.759" ypos="425.099" zpos="204.612" type="chest.mapspecific.silverwastes" GUID="T02MJbM2HESYWZCvarZr/g=="/>
  
    <POI MapID="1015" xpos="-221.616" ypos="416.485" zpos="34.1468" type="chest.mapspecific.silverwastes" GUID="YtHMsje7I0SGUegQICaVZQ=="/>
  
    <POI MapID="1015" xpos="-188.912" ypos="415.568" zpos="-64.1276" type="chest.mapspecific.silverwastes" GUID="xC1MFbWt0EWpLuxeC2c8yg=="/>
  
    <POI MapID="1015" xpos="-314.241" ypos="418.049" zpos="-175.711" type="chest.mapspecific.silverwastes" GUID="BCH4vh5N30OOIwbOq7dUlg=="/>
  
    <POI MapID="1015" xpos="27.0315" ypos="414.028" zpos="-283.493" type="chest.mapspecific.silverwastes" GUID="IlQWYeh3NEuUlp+IQ7fpBQ=="/>
  
    <POI MapID="1015" xpos="-40.4405" ypos="414.867" zpos="-180.959" type="chest.mapspecific.silverwastes" GUID="9j6yWs8zZk+Bbtg5rfXG+w=="/>
  
    <POI MapID="1015" xpos="60.7022" ypos="414.37" zpos="-179.391" type="chest.mapspecific.silverwastes" GUID="16tWWgyqnkKbNFJsKAFRuw=="/>
  
    <POI MapID="1015" xpos="201.939" ypos="414.363" zpos="-262.242" type="chest.mapspecific.silverwastes" GUID="tB9OTwph3EOuxXdClcSsyQ=="/>
  
    <POI MapID="1015" xpos="119.756" ypos="413.933" zpos="-414.106" type="chest.mapspecific.silverwastes" GUID="mmPaN3eyvkOD/TPtPPmQag=="/>
  
    <POI MapID="1015" xpos="225.397" ypos="413.924" zpos="-400.319" type="chest.mapspecific.silverwastes" GUID="JMWF5mKoAEiv4WZ/RAhGcA=="/>
  
    <POI MapID="1015" xpos="502.256" ypos="405.661" zpos="-277.33" type="chest.mapspecific.silverwastes" GUID="D+qGqC/XxE6Gg8TPGW7vww=="/>
  
    <POI MapID="1015" xpos="-29.3086" ypos="417.171" zpos="56.0815" type="chest.mapspecific.silverwastes" GUID="VD6IRWB70UCaUM7VbMIx0w=="/>
  
    <POI MapID="1015" xpos="-194.425" ypos="415.698" zpos="-15.0164" type="chest.mapspecific.silverwastes" GUID="AGeTjYKU2kCewkixVAUqVg=="/>
  
    <POI MapID="1015" xpos="-287.083" ypos="416.274" zpos="-209.279" type="chest.mapspecific.silverwastes" GUID="HhpzzMygiESFNl35Datceg=="/>
  
    <POI MapID="1015" xpos="-56.4249" ypos="414.716" zpos="-278.565" type="chest.mapspecific.silverwastes" GUID="bEbnumcb0EuY9lq8rKwVPQ=="/>
  
    <POI MapID="1015" xpos="-19.9666" ypos="414.158" zpos="-269.094" type="chest.mapspecific.silverwastes" GUID="ERlVaCVToECYkmiEZIBSMQ=="/>
  
    <POI MapID="1015" xpos="154.489" ypos="413.903" zpos="-407.023" type="chest.mapspecific.silverwastes" GUID="k1+IrvUTxkK2yAPonCmXtg=="/>
  
    <POI MapID="1015" xpos="298.593" ypos="413.497" zpos="-340.035" type="chest.mapspecific.silverwastes" GUID="qbVnvI7ug0K0Lnyixyk5iQ=="/>
  
    <POI MapID="1015" xpos="589.895" ypos="415.142" zpos="-154.631" type="chest.mapspecific.silverwastes" GUID="pSmgtb/4pE6XakFYFGwS1w=="/>
  
    <POI MapID="1015" xpos="241.02" ypos="371.634" zpos="63.3834" type="chest.mapspecific.silverwastes" GUID="3RZxooGt00mCcsiTHeAOdQ=="/>
  
    <POI MapID="1015" xpos="26.9129" ypos="416.3" zpos="51.2732" type="chest.mapspecific.silverwastes" GUID="jedZQPmtiUey1YcDK8N00w=="/>
  
    <POI MapID="1015" xpos="-127.888" ypos="413.413" zpos="91.3019" type="chest.mapspecific.silverwastes" GUID="jdzfMZRbD022hhmG8tl4+A=="/>
  
    <POI MapID="1015" xpos="-265.664" ypos="420.642" zpos="293.834" type="chest.mapspecific.silverwastes" GUID="yuSb0DBVeUCl/ufbNi7xMA=="/>
  
    <POI MapID="1015" xpos="-412.641" ypos="441.422" zpos="119.405" type="chest.mapspecific.silverwastes" GUID="VExBU8kuAkS3oepCA/Bj4Q=="/>
  
    <POI MapID="1015" xpos="-190.24" ypos="416.774" zpos="-221.478" type="chest.mapspecific.silverwastes" GUID="Pm2TYwUQIUW/BED8YGHEQg=="/>
  
    <POI MapID="1015" xpos="-86.6414" ypos="413.884" zpos="-347.026" type="chest.mapspecific.silverwastes" GUID="1LMn+VI6Q0mYWRgwhndoQQ=="/>
  
    <POI MapID="1015" xpos="77.857" ypos="414.125" zpos="-269.665" type="chest.mapspecific.silverwastes" GUID="t+aqR6XUYEODhEP84N4pIA=="/>
  
    <POI MapID="1015" xpos="-480.244" ypos="434.649" zpos="-41.6689" type="chest.mapspecific.silverwastes" GUID="PnT4ePk5QUKbuCsGPN7yTg=="/>
  
    <POI MapID="1015" xpos="-473.504" ypos="433.958" zpos="-36.2999" type="chest.mapspecific.silverwastes" GUID="pxNPQ+GQjEa4FJqIvhdRGw=="/>
  
    <POI MapID="1015" xpos="-455.924" ypos="435.657" zpos="-0.703462" type="chest.mapspecific.silverwastes" GUID="ASEq2x3Wdki2D6+sIqhP5A=="/>
  
    <POI MapID="1015" xpos="-457.046" ypos="434.574" zpos="-7.15815" type="chest.mapspecific.silverwastes" GUID="ZUroC6sVz0GCHB6uBeZwUA=="/>
  
    <POI MapID="1015" xpos="-380.375" ypos="440.057" zpos="-43.4127" type="chest.mapspecific.silverwastes" GUID="h36Z2uwe1kKpAXvd30NWbA=="/>
  
    <POI MapID="1015" xpos="-342.98" ypos="436.809" zpos="-42.3256" type="chest.mapspecific.silverwastes" GUID="vjprLJRNfkO4hX70LAYf/A=="/>
  
    <POI MapID="1015" xpos="220.258" ypos="413.576" zpos="89.9532" type="chest.mapspecific.silverwastes" GUID="yhXGxnElhkurUckg3wLrcQ=="/>
  
    <POI MapID="1015" xpos="476.609" ypos="371.216" zpos="9.9209" type="chest.mapspecific.silverwastes" GUID="Oh7Mp4p7dE6YGwywzj67EA=="/>
  
    <POI MapID="1015" xpos="494.101" ypos="371.165" zpos="34.7692" type="chest.mapspecific.silverwastes" GUID="2Zy4gx1TkUCrN+xs9NrQXg=="/>
  
    <POI MapID="1015" xpos="399.525" ypos="370.986" zpos="64.289" type="chest.mapspecific.silverwastes" GUID="zLMicu1MYE+kIsGhygyo9g=="/>
  
    <POI MapID="1015" xpos="135.595" ypos="418.621" zpos="-0.655639" type="chest.mapspecific.silverwastes" GUID="eJkpYNigXkK0JrxnCnVA7A=="/>
  
    <POI MapID="1015" xpos="67.0182" ypos="419.245" zpos="59.6439" type="chest.mapspecific.silverwastes" GUID="lCyxbsCTO0SYtqlB6LBqGQ=="/>
  
    <POI MapID="1015" xpos="1.06948" ypos="418.351" zpos="100.336" type="chest.mapspecific.silverwastes" GUID="4GOSd7/q1EGLMWiq7+vWwg=="/>
  
    <POI MapID="1015" xpos="-391.178" ypos="428.566" zpos="166.123" type="chest.mapspecific.silverwastes" GUID="qpTHbEnZMUakW89elvsnOQ=="/>
  
    <POI MapID="1015" xpos="-215.31" ypos="418.264" zpos="53.1793" type="chest.mapspecific.silverwastes" GUID="7ke2L8QeZEa5BPbqYk+Vaw=="/>
  
    <POI MapID="1015" xpos="-231.432" ypos="415.873" zpos="-95.395" type="chest.mapspecific.silverwastes" GUID="eNCa8A21bE+QmnISAWe8yw=="/>
  
    <POI MapID="1015" xpos="-58.717" ypos="414.177" zpos="-225.719" type="chest.mapspecific.silverwastes" GUID="ahEFEhDwHkWQV0DOWZFs4w=="/>
  
    <POI MapID="1015" xpos="6.2878" ypos="413.131" zpos="-216.678" type="chest.mapspecific.silverwastes" GUID="xxJtiTM850qpI91yU5qGnQ=="/>
  
    <POI MapID="1015" xpos="174.715" ypos="413.118" zpos="-207.015" type="chest.mapspecific.silverwastes" GUID="XB4dwsGkCEu/6Jz3j7IEWg=="/>
  
    <POI MapID="1015" xpos="75.6308" ypos="414.615" zpos="-372.285" type="chest.mapspecific.silverwastes" GUID="Oq0xjwld2kKIA6++n1Lvag=="/>
  
    <POI MapID="1015" xpos="387.004" ypos="412.854" zpos="-313.125" type="chest.mapspecific.silverwastes" GUID="EehssI6AhUm5yvKDxciOnQ=="/>
  
    <POI MapID="1015" xpos="388.076" ypos="413.842" zpos="-270.686" type="chest.mapspecific.silverwastes" GUID="ye6d0pe6a0GDUbsnoLsNIg=="/>
  
    <POI MapID="1015" xpos="323.85" ypos="396.712" zpos="-77.2078" type="chest.mapspecific.silverwastes" GUID="r5xsypGTg0ORfdLY+ooyWA=="/>
  
    <POI MapID="1015" xpos="569.808" ypos="372.753" zpos="-20.8046" type="chest.mapspecific.silverwastes" GUID="+g8dnG8Bz0GFxZot9juifA=="/>
  
    <POI MapID="1015" xpos="154.529" ypos="414.443" zpos="126.411" type="chest.mapspecific.silverwastes" GUID="tU5ON/DftkiZzuAlLOniVA=="/>
  
    <POI MapID="1015" xpos="65.5012" ypos="415.739" zpos="18.0511" type="chest.mapspecific.silverwastes" GUID="rBfp7KHNgkqyk2G9jgi6fw=="/>
  
    <POI MapID="1015" xpos="-24.4181" ypos="404.074" zpos="199.851" type="chest.mapspecific.silverwastes" GUID="p7v8r69ncU6aywRfRsZAJQ=="/>
  
    <POI MapID="1015" xpos="-118.498" ypos="417.709" zpos="245.567" type="chest.mapspecific.silverwastes" GUID="5soitMM5CkavsNos194kFA=="/>
  
    <POI MapID="1015" xpos="-257.66" ypos="417.074" zpos="-74.5056" type="chest.mapspecific.silverwastes" GUID="ZQrex+7930y+j2iFoM/W4w=="/>
  
    <POI MapID="1015" xpos="279.044" ypos="413.22" zpos="-392.09" type="chest.mapspecific.silverwastes" GUID="2QJjtu6RNkuMTsO7hFHxEQ=="/>
  
    <POI MapID="1015" xpos="430.122" ypos="413.81" zpos="-398.123" type="chest.mapspecific.silverwastes" GUID="/1Kvp5FpckaHB+Qy1SBJMw=="/>
  
    <POI MapID="1015" xpos="403.758" ypos="413.867" zpos="-353.974" type="chest.mapspecific.silverwastes" GUID="untr8PWrfUOrXG0iUa3L+g=="/>
  
    <POI MapID="1015" xpos="561.626" ypos="417.124" zpos="-389.507" type="chest.mapspecific.silverwastes" GUID="TAas0p7r2Uq87LFwxq+zqg=="/>
  
    <POI MapID="1015" xpos="272.19" ypos="371.848" zpos="36.9093" type="chest.mapspecific.silverwastes" GUID="xGx+zZnLe0qvZM2snWchKg=="/>
  
    <POI MapID="1015" xpos="197.331" ypos="413.234" zpos="-81.295" type="chest.mapspecific.silverwastes" GUID="bL56A6ht8UiRqo+rXKbA1w=="/>
  
    <POI MapID="1015" xpos="121.914" ypos="425.638" zpos="64.6528" type="chest.mapspecific.silverwastes" GUID="CapSsPqQeUi11uJAvdF9RA=="/>
  
    <POI MapID="1015" xpos="56.2361" ypos="418.976" zpos="105.689" type="chest.mapspecific.silverwastes" GUID="h5bat/jF1kCfjnaNIVUQZw=="/>
  
    <POI MapID="1015" xpos="-44.2149" ypos="403.468" zpos="213.682" type="chest.mapspecific.silverwastes" GUID="Z1ZbXjVI1kej12OuP521Ug=="/>
  
    <POI MapID="1015" xpos="-205.313" ypos="418.007" zpos="233.232" type="chest.mapspecific.silverwastes" GUID="eEDfIQSXWkifHkbjJvL/pg=="/>
  
    <POI MapID="1015" xpos="-368.062" ypos="421.534" zpos="214.252" type="chest.mapspecific.silverwastes" GUID="AJjZcCJHLki9S8jdxUFA+Q=="/>
  
    <POI MapID="1015" xpos="-205.834" ypos="416.596" zpos="89.1398" type="chest.mapspecific.silverwastes" GUID="5zomCxX/FkaVcezQibVp+w=="/>
  
    <POI MapID="1015" xpos="-166.85" ypos="414.56" zpos="-130.171" type="chest.mapspecific.silverwastes" GUID="5A4ppb2nG0uf7C0pgkh1gw=="/>
  
    <POI MapID="1015" xpos="-4.64295" ypos="413.552" zpos="-338.692" type="chest.mapspecific.silverwastes" GUID="jgCARlKPnUm3L8t7yMFUGA=="/>
  
    <POI MapID="1015" xpos="-90.0185" ypos="414.876" zpos="-151.523" type="chest.mapspecific.silverwastes" GUID="1bPNPVrpp0eDxVRGNQ1CEg=="/>
  
    <POI MapID="1015" xpos="388.477" ypos="409.675" zpos="-70.6956" type="chest.mapspecific.silverwastes" GUID="J6psVhxvvUSGQLJP9WR/qA=="/>
  
    <POI MapID="1015" xpos="-80.4631" ypos="418.645" zpos="188.978" type="chest.mapspecific.silverwastes" GUID="cUtoUCMoTkSnFuTESkN5nA=="/>
  
    <POI MapID="1015" xpos="-274.515" ypos="419.31" zpos="219.776" type="chest.mapspecific.silverwastes" GUID="0DrXbfCZ50e1dYRzhRjhbA=="/>
  
    <POI MapID="1015" xpos="-280.433" ypos="423.209" zpos="94.156" type="chest.mapspecific.silverwastes" GUID="bKoqqp9szkyqL4RkXfgiDA=="/>
  
    <POI MapID="1015" xpos="-173.252" ypos="418.24" zpos="36.5936" type="chest.mapspecific.silverwastes" GUID="S48cUCSC+EiFQvhsJmUKpw=="/>
  
    <POI MapID="1015" xpos="-235.025" ypos="419.751" zpos="-166.884" type="chest.mapspecific.silverwastes" GUID="meF1Fz6C3kq7v15KOwd6MQ=="/>
  
    <POI MapID="1015" xpos="-105.623" ypos="415.287" zpos="-295.808" type="chest.mapspecific.silverwastes" GUID="oZ7/xLRCZUCn9Ze3XQsgow=="/>
  
    <POI MapID="1015" xpos="102.874" ypos="413.891" zpos="-309.352" type="chest.mapspecific.silverwastes" GUID="AV/lWora90S5ucEW78OWLw=="/>
  
    <POI MapID="1015" xpos="525.453" ypos="416.761" zpos="-355.873" type="chest.mapspecific.silverwastes" GUID="xXcE9P3t+EaowVHkUekGSw=="/>
  
    <POI MapID="1015" xpos="506.077" ypos="415.939" zpos="-137.602" type="chest.mapspecific.silverwastes" GUID="IQFFaP2h80ufe8HxBoSuPw=="/>
  
    <POI MapID="1015" xpos="399.157" ypos="408.281" zpos="-85.0048" type="chest.mapspecific.silverwastes" GUID="8wYwVewOpkW59byYHttw5w=="/>
  
    <POI MapID="1015" xpos="-318.657" ypos="438.439" zpos="44.5214" type="chest.mapspecific.silverwastes" GUID="oB2cHvqyxEKZyGa7yPWong=="/>
  
    <POI MapID="1015" xpos="-225.289" ypos="416.664" zpos="-143.284" type="chest.mapspecific.silverwastes" GUID="lRs+6iyqFkO4uxbyq9E5Zg=="/>
  
    <POI MapID="1015" xpos="-75.2483" ypos="415.949" zpos="-190.222" type="chest.mapspecific.silverwastes" GUID="1BQ5G4QvR0qLDYW7oNQIxA=="/>

<POI MapID="1015" xpos="148.663" ypos="413.398" zpos="-261.495" 
type="chest.mapspecific.silverwastes" GUID="d46RGyXhBkiL+XEf91YMVQ=="/>
  
    <POI MapID="1015" xpos="52.5228" ypos="412.659" zpos="-228.623" 
type="chest.mapspecific.silverwastes" GUID="kSopYngHHkiZpVsteD/WCQ=="/>
  
    <POI MapID="1015" xpos="-87.1352" ypos="413.559" zpos="-347.411" 
type="chest.mapspecific.silverwastes" GUID="UxMZozyf20im/mTJyAlvFA=="/>
  
    <POI MapID="1015" xpos="-326.565" ypos="416.056" zpos="-204.649" 
type="chest.mapspecific.silverwastes" GUID="8l5irzRaB0mIPZVVjn9mVg=="/>
  
    <POI MapID="1015" xpos="-314.537" ypos="418.048" zpos="-175.532" 
type="chest.mapspecific.silverwastes" GUID="2BEKU+Sshkya1ft3BwP/eg=="/>
  
    <POI MapID="1015" xpos="-249.473" ypos="416.185" zpos="-110.534" 
type="chest.mapspecific.silverwastes" GUID="Wfu6ysi46USZcNV89X9tgw=="/>
  
    <POI MapID="1015" xpos="-230.97" ypos="412.398" zpos="-52.8967" 
type="chest.mapspecific.silverwastes" GUID="iignnpvbRECbu0lCvT2N8Q=="/>
  
    <POI MapID="1015" xpos="-62.0833" ypos="403.189" zpos="173.794" 
type="chest.mapspecific.silverwastes" GUID="SzzvGWNPp0W7mJmWii3wAw=="/>
  
    <POI MapID="1015" xpos="-77.09" ypos="410.517" zpos="97.0931" 
type="chest.mapspecific.silverwastes" GUID="g5Ujy2UmHESf+fsyn5TOsA=="/>
  
    <POI MapID="1015" xpos="-99.1226" ypos="413.143" zpos="132.168" 
type="chest.mapspecific.silverwastes" GUID="whz6pw7jCUib1uMzLYG4LA=="/>
  
    <POI MapID="1015" xpos="98.213" ypos="415.63" zpos="94.2648" 
type="chest.mapspecific.silverwastes" GUID="KGnq5TssXkeUIgA1ophYBw=="/>
  
    <POI MapID="1015" xpos="209.797" ypos="413.317" zpos="134.694" 
type="chest.mapspecific.silverwastes" GUID="YmMaooz3YkKC3OXkv+1xPw=="/>
  
    <POI MapID="1015" xpos="156.112" ypos="413.89" zpos="19.5987" 
type="chest.mapspecific.silverwastes" GUID="0BjoY1zFYEyjPUcme1Y9dg=="/>
  
    <POI MapID="1015" xpos="190.681" ypos="372.174" zpos="-9.74386" 
type="chest.mapspecific.silverwastes" GUID="Xbsj9QH3fEKH2uP9djiEeQ=="/>
  
    <POI MapID="1015" xpos="201.081" ypos="373.332" zpos="26.9426" 
type="chest.mapspecific.silverwastes" GUID="U+kLWiHJck2yrTDfk3n+hQ=="/>
  
    <POI MapID="1015" xpos="292.216" ypos="372.193" zpos="69.1694" 
type="chest.mapspecific.silverwastes" GUID="rFfomb5O40eZdwmK1lEXYA=="/>
  
    <POI MapID="1015" xpos="346.447" ypos="370.684" zpos="38.3389" 
type="chest.mapspecific.silverwastes" GUID="04TdXrFgpEKOjL48i7ZGbg=="/>
  
    <POI MapID="1015" xpos="365.068" ypos="373.694" zpos="57.7765" 
type="chest.mapspecific.silverwastes" GUID="9ZEZzk9V00e3ovWNHS7dqg=="/>
  
    <POI MapID="1015" xpos="410.75" ypos="410.697" zpos="-99.6371" 
type="chest.mapspecific.silverwastes" GUID="kXjnCp4GUEiTDnW+faewRA=="/>
  
    <POI MapID="1015" xpos="417.877" ypos="411.857" zpos="-109.187" 
type="chest.mapspecific.silverwastes" GUID="pRvZNZHIVUuE9GwlbcjJJA=="/>
  
    <POI MapID="1015" xpos="334.295" ypos="412.31" zpos="-301.867"
type="chest.mapspecific.silverwastes" GUID="JJ/m6UuGNE+wY1deuoQ2Uw=="/>
  
  </POIs>
</OverlayData>
