<OverlayData>
	<POIs>
		<Trail trailData="Trails/Brisband_Final.trl" animSpeed="0.5" alpha="1" type="mow.roads" fadeNear="500" fadeFar="1000"/>


				<POI MapID="54" xpos="554.33" ypos="36.4746" zpos="-374.492" type="mow.makersstart" GUID="5wPkzW/N3UayXqkcxp3GSQ=="/>
		<POI MapID="54" xpos="554.33" ypos="36.4746" zpos="-374.492" type="mow.makers" GUID="qtsSZ0fUY06Vl6oSCObwlw==" info="[1] Welcome to the Brisban Wildlands Tour!
I hope you're in good shape today!

To start with wait for the Largos Event
which will be triggered down there near the water by a group of Sylvaris.

Next Marker is at the Hylek Hut near the water."/>
		<POI MapID="54" xpos="674.056" ypos="5.08316" zpos="-481.26" type="mow.makers" GUID="ZIHAEQghV0O/jGOfBbM8WQ==" info="[2] Go above, pass the scout, and enter the first lab on
the left after the bridge."/>
		<POI MapID="54" xpos="610.749" ypos="43.3371" zpos="-600.317" type="mow.makers" GUID="V4N0sCfUs0+n5Rkp9QvVMQ==" copy="[&BMcFAAA=]" info="[3] Wait for Sparkk's Event. Speak to him and
Help him collect stuff. (Kloxx will tell if
Sparkk is out.When you come back finish the event
chain and after that visit the next lab down the
road, on the left.

Next point at the vista there."/>
		<POI MapID="54" xpos="465.825" ypos="42.675" zpos="-605.054" type="mow.makers" GUID="BwlYGKtoaEuTi5ajYqgFwg==" info="[4] Get the waypoint West and
find Pamfa Lab's in the area."/>
		<POI MapID="54" xpos="211.626" ypos="49.967" zpos="-483.465" type="mow.makers" GUID="MCEsFUKDFUa+KT09oo6L1A==" info="[5] Here, you can defend the Lab against Inquest.
After that, head north-west over the bridge
And find the Skritt Cave entrance."/>
		<POI MapID="54" xpos="330.748" ypos="40.9622" zpos="-267.619" type="mow.makers" GUID="sOT5vVq31kqEbgHQSpxSqA==" info="[6] On your first time coming there, wait for
Yarrak, this skritt will start an event. Do it.
After that, enter the cave with the skritts and wait
for the event to chain."/>
		<POI MapID="54" xpos="386.148" ypos="31.4376" zpos="-204.329" type="mow.makers" GUID="L4id+hkwlU+PBkJLtjQK9A==" info="[7] Wait here as the Event with Yarrak will chain.
After that, continue in the cave by the
southern tunnel.

Next point near the Heart NPC."/>
		<POI MapID="54" xpos="433.791" ypos="26.5384" zpos="-266.037" type="mow.makers" GUID="96OyYyWKM0eNQIaGcvA2pA==" copy="[&BMgFAAA=]" info="[8] There is a Vista in this part of the cave.
Find it to find the next point."/>
		<POI MapID="54" xpos="492.555" ypos="46.7592" zpos="-278.686" type="mow.makers" GUID="zefaFPEp206hmI1oclYLUw==" info="[9] Exit this part of the cave going East."/>
		<POI MapID="54" xpos="629.365" ypos="15.3244" zpos="-257.822" type="mow.makers" GUID="DzdxmbDew0+Z2QuBrokiLw==" info="[10] Keep going, a bit north."/>
		<POI MapID="54" xpos="645.373" ypos="31.8747" zpos="-122.671" type="mow.makers" GUID="DBWXPS7VjkSgf5HLPwRT/Q==" info="[11] Take a turn on your right.
Next point at the Heart NPC."/>
		<POI MapID="54" xpos="698.856" ypos="47.401" zpos="-157.06" type="mow.makers" GUID="Ey2joiqc6kGi+piplg9oMA==" copy="[&BFwAAAA=], Marker at Heart NPC." info="[12] Now head South-East, out of the cave.
You will find [Watchful Source Waypoint].
Next point at the heart NPC in this Sylvari Village."/>
		<POI MapID="54" xpos="975.234" ypos="34.7681" zpos="-309.605" type="mow.makers" GUID="GsQvgFdWREGi8qNE6s+ZWQ==" copy="[&BMMFAAA=]" info="[13] Just ahead behind Diantha is a Nightmare Court Camp.

An event chain can be active there. It starts by
defending or rescuing the skritts from the Court,
and ends by killing a Wolfmaster.

After that, get the Vista North of the Village."/>
		<POI MapID="54" xpos="954.703" ypos="68.1435" zpos="-62.7747" type="mow.makers" GUID="K0AT1DmlvE24ik1/TSq3BQ==" copy="[&BFsAAAA=]" info="[14] Continue North and find the Revered Terebinth point of interest.
This is a tree.
Alone.
On a hill.
Not very far from here."/>
		<POI MapID="54" xpos="887.139" ypos="79.4459" zpos="51.2735" type="mow.makers" GUID="1EfPCy3i3E+WBflFFM/2+w==" info="[15] Events to defend the tree can trigger here.
After that, you can continue further north.
Walk on the very bottom of the valley.
Next point under a bridge."/>
		<POI MapID="54" xpos="880.226" ypos="48.2111" zpos="304.519" type="mow.makers" GUID="x61xXO268kC40Z3qls7EQA==" info="[16] You will slowly get out of this environment.
Make a turn-about left as soon as possible.

For Next Marker, find the Seraph Watchman
Glovill Scout."/>
		<POI MapID="54" xpos="788.14" ypos="76.1483" zpos="348.746" type="mow.makers" GUID="dsDHf2pNFE++iAxDaZWMcw==" info="[17] Head into the cave. Anytime you can choose a path,
take the one on the right."/>
		<POI MapID="54" xpos="475.809" ypos="103.533" zpos="495.03" type="mow.makers" GUID="YMekG5OA3kqZi4c+svsUBw==" copy="[&BFEAAAA=], campfire" info="[18] Far in the distance on your left (Norht-West)
You will see a fire camp.
Get Scotta's Bandits point of interest there.
Find the next Marker near the campfire."/>
		<POI MapID="54" xpos="285.441" ypos="102.041" zpos="678.176" type="mow.makers" GUID="nx/TugUVOkiUBxqu+Q9fPQ==" copy="[&BFAAAAA=], up a tree" info="[19] A champion can appear in this camp,
you will need help to defeat this one.
After that, head East along the Edge of the map.
You are looking for another bandit camp at the
Willem's Bandits point of interest.

Next marker there. UP A TREE."/>
		<POI MapID="54" xpos="714.471" ypos="114.771" zpos="739.465" type="mow.makers" GUID="7eKTxZWamEOhOUDGEFcG3w==" copy="[&BF0AAAA=]" info="[20] Continue East and find [Wendon Waypoint]."/>
		<POI MapID="54" xpos="970.304" ypos="59.1744" zpos="656.389" type="mow.makers" GUID="LwdGx2KF1kSGP+oKMkEgOA==" copy="[&BE8AAAA=], repair NPC" info="[21] Go in the camp just south.
Next point near the repair NPC there."/>
		<POI MapID="54" xpos="950.783" ypos="64.7634" zpos="566.881" type="mow.makers" GUID="UVyCdqFzHk6P2SbyHw4R/w==" copy="[&BGIAAAA=], campfire" info="[22] Wait near this camp for Glammaron's packheart
escort event. Follow him on the delivery and even after the event ends.
Next point near a campfire where the escort ends."/>
		<POI MapID="54" xpos="-98.4444" ypos="3.69619" zpos="729.266" type="mow.makers" GUID="BwCPogPsy0eStIsZlWkFPw==" info="[23] Some events to protect this camp can happen here.
After that, continue west in the hollow passage.
Don't forget to get the vista on your way.
The next marker is at the end of the hollow passage.."/>
		<POI MapID="54" xpos="-615.916" ypos="66.7624" zpos="593.146" type="mow.makers" GUID="9bjwy7rCWEGNE9uKaDMegQ==" copy="[&BFYAAAA=]" info="[24] Straight forward is the [Gallowfields Waypoint].
After that head north and find a skritt cave.
The next marker will be there."/>
		<POI MapID="54" xpos="-760.175" ypos="86.9037" zpos="638.393" type="mow.makers" GUID="4VsEvg4M7kGpn4U6UJDTqg==" copy="[&BPkGAAA=]" info="[25] An event can trigger here to defend the cave.
For next marker, continue south along the edges of the map
to [Proxemics Lab Waypoint]."/>
		<POI MapID="54" xpos="-843.225" ypos="67.9221" zpos="449.279" type="mow.makers" GUID="fXBuSDiNVUWu94Laner8OA==" copy="[&BFgAAAA=], tree" info="[26] From here, you can see (South-East) a bandit
camp in the distance. This is your goal. There, you'll get the 
Robarrii's Bandits point of interest. As well as find the 
next marker up a tree."/>
		<POI MapID="54" xpos="-618.802" ypos="80.7972" zpos="284.114" type="mow.makers" GUID="FU8UyTBg6EC6p9eLVIYeSg==" info="[27] As usual in Bandits Camps, you may find an event here.
Get out the camp and down the cracks 
you probably remarked.
Next point somewhere down there in the Gallowfields."/>
		<POI MapID="54" xpos="-774.436" ypos="2.19185" zpos="438.949" type="mow.makers" GUID="cm3xc6V9ek2k4xsR6RoREg==" copy="[&BFcAAAA=], tree" info="[28] Get out of there now... That's enough for today.
Go West of the Gallowfields Waypoint to
yet another Bandit camp. Find the Heart NPC
who is at one gate to enter the camp and find the next Marker... UP A TREE, on a lift platform."/>
		<POI MapID="54" xpos="-578.486" ypos="90.6741" zpos="533.954" type="mow.makers" GUID="vBVBfEAY9EGqHXo3zNTR6A==" info="[29] While you're at it, complete this heart. Then go to that
huge open field East. You will find a
broken bridge north of it.
The next marker is on the broken brige."/>
		<POI MapID="54" xpos="-369.919" ypos="58.6697" zpos="676.736" type="mow.makers" GUID="Vrb0B9AaIU6cY4c/R7mZIw==" copy="[&BFUAAAA=], tree" info="[30] You may find an event in this area to stop a bandit
from reaching the camp you just left..

Now straight south to another bandit camp.
You will get Breean's Bandits point of interest
there. The marker? Well... On a tree."/>
		<POI MapID="54" xpos="-213.993" ypos="64.0278" zpos="380.967" type="mow.makers" GUID="nPFcAghQ20qV/L6PxR+ekg==" copy="[&BGEAAAA=]" info="[31] As usual in bandit camp, you may find an event here.
After that, go South-East and get [Brilitine Waypoint].
A marker will be there."/>
		<POI MapID="54" xpos="-94.3515" ypos="53.1782" zpos="238.672" type="mow.makers" GUID="mh7WZKBolk2wydq1u9fBfA==" copy="[&BDcDAAA=], watchtower" info="[32] Look West. There is a passage between the
cliffs. You go through that.
The next marker is on a Watchtower.
On the right, after a... Bandit camp."/>
		<POI MapID="54" xpos="-442.028" ypos="73.0316" zpos="211.953" type="mow.makers" GUID="X8UEnzL3Qke6pxPmUNn4HQ==" info="[33] Continue South. Look for supply Crates or Aerl the Silent.
Next point at the Supply Crates.
Use '/map' chat to get some help in
defeating Aerl."/>
		<POI MapID="54" xpos="-551.298" ypos="39.5304" zpos="25.9518" type="mow.makers" GUID="r1Mvuvs4KUGAXy5euQdZwA==" info="[34] Go full East.
When you have a choice between two hollow passages take South (on your right).
you will find the next marker in the passage."/>
		<POI MapID="54" xpos="-352.865" ypos="42.6722" zpos="-94.5222" type="mow.makers" GUID="tOhge1u2ykmwdP//pM3o3Q==" copy="[&BGUAAAA=], repair NPC" info="[35] Keep going. Turn left as soon as possible.
You will arrive in an Asura's lab.
Next point at the repair NPC there."/>
		<POI MapID="54" xpos="-246.874" ypos="18.9621" zpos="-78.2117" type="mow.makers" GUID="+OCQxHQCEUyY2BNlDN54Ng==" copy="[&BFQAAAA=]" info="[36] An event can trigger in this Lab. 
Wait for it to complete, it is quite fun!
Else get out of the lab and head north to
another Lab, but from the Inquest this time!"/>
		<POI MapID="54" xpos="-138.999" ypos="13.742" zpos="21.7677" type="mow.makers" GUID="6vpox3FWYkqqntEyzAQxyw==" info="[37] From one Asura lab, to the other... At least I hope.
Else, you are not on track!
Next point further in the lab.

There is a skritt event here. If you do the event,
don't look for Markers but follow the Skritts."/>
		<POI MapID="54" xpos="-112.487" ypos="12.6921" zpos="35.8717" type="mow.makers" GUID="Ty6re9FPOECKNScpVFiz1Q==" copy="[&BFMAAAA=]" info="[38] When you get out of this lab, take a turn-about on the left.
You will be going North east on a slope.
For Next Marker, if you do not see Skritts, look on your map...

There is a skritt event here. If you do the event,
don't look for Markers but follow the Skritts."/>
		<POI MapID="54" xpos="-95.6339" ypos="44.7983" zpos="123.635" type="mow.makers" GUID="TFNFGILKMUGqY18VunMEMQ==" copy="[&BFMAAAA=]" info="[39] Go straight East, and try to find the Skritt cave.
Next Marker is in the cave.

There is a skritt event here. If you do the event,
don't look for Markers but follow the Skritts."/>
		<POI MapID="54" xpos="19.7277" ypos="62.4323" zpos="191.816" type="mow.makers" GUID="N4f3dcwJ6k+Zkom7UdJg+A==" info="[40] Welcome to the Skritt Cave!
There is a Skritt event here, you can wait for it.
After that, get out by the other exit.
There will be another Marker there."/>
		<POI MapID="54" xpos="49.5017" ypos="65.2342" zpos="304.187" type="mow.makers" GUID="FjCkRvFYF0Wa1eN55QkNtw==" copy="[&BFIAAAA=], Skrittburgh gate" info="[41] If you are going in...
You are not on track.
Else, take a turn right when you get out.
And head East. There will be a Bandit Camp
where you'll find the Angelan's point of interest.
Next maker somewhere near the camp,
at the entrance of a skritt cave."/>
		<POI MapID="54" xpos="293.09" ypos="93.6892" zpos="309.12" type="mow.makers" GUID="kx2Ju8xKwESARi92z/FJSA==" info="[42] When you enter, turn right. Then stay
On the upper part of the cavern. Do not go down.
Find the hero challenge."/>
		<POI MapID="54" xpos="277.927" ypos="66.2748" zpos="152.79" type="mow.makers" GUID="QTPfXPN9x06kfcPWtPZoTw==" info="[43] Continue on this upper path.
Get out of Skrittburgh by the gates on your
right at next cross."/>
		<POI MapID="54" xpos="288.15" ypos="64.3976" zpos="-0.625332" type="mow.makers" GUID="zCw2iKM8X0imSWAK+vheYA==" info="[44] If you are not leaving Skrittburg, this is strange.
Are you trying to break my work?

Else, the meta event to defend the gates can activate here.
Do it if active.
Else, take a turn right."/>
		<POI MapID="54" xpos="220.741" ypos="97.1893" zpos="103.578" type="mow.makers" GUID="izsVaE9/XUuVTv8C0GMknQ==" copy="[&BEsAAAA=]" info="[45] Right here, right now, turn left behind the two skritts.
You'll find the next Marker down the waterfall.
Good luck!"/>
		<POI MapID="54" xpos="139.313" ypos="-1.05407" zpos="54.1137" type="mow.makers" GUID="BEhWyLlibU+iGfuDetsqcg==" copy="[&BHUAAAA=], behind Jelk the Informative" info="[46] An event with the Priestess can trigger here.
You will need help to do it.
After that swim away South to come back to [Mrot Boru Waypoint].

Next point behind Jelk the Informative."/>
		<POI MapID="54" xpos="234.609" ypos="41.9506" zpos="-616.475" type="mow.makers" GUID="64eQYHU/KkKrZtO88+Iy7g==" info="[47] Two cases.

1) You are looking for Pamfa's Lab at the beginning of your tour.
In that case, it's the building just North. Follow the trail.
Events happen often, easy to spot.

2) You already did quite a tour and just defeated an Hylek
Priestess (or just pretend you did). Then go upstairs and find
a way to go further West."/>
		<POI MapID="54" xpos="119.867" ypos="74.5134" zpos="-574.91" type="mow.makers" GUID="PYqGS4WveEKmOMg6TXGhtA==" info="[48] If you are looking for Pamfa's Lab. This is not there.

Else, keep going."/>
		<POI MapID="54" xpos="35.1042" ypos="63.8543" zpos="-530.799" type="mow.makers" GUID="R/Fii2LDC0qusuZHe+TCXw==" copy="[&BMQFAAA=]" info="[49] Next Marker at the Vista just North."/>
		<POI MapID="54" xpos="28.7841" ypos="67.2711" zpos="-436.272" type="mow.makers" GUID="6bdHjbudnUmJnYD0CFCJkA==" copy="[&BHYAAAA=]" info="[50] Go south-west and find [Mirkrise Waypoint]. It is in a Camp.
On your way do the hero challenge down there.
DO NOT DO THE ARBOREAL SPIRIT EVENT."/>
		<POI MapID="54" xpos="-275.676" ypos="28.3372" zpos="-483.746" type="mow.makers" GUID="6aU4RD1tykWXl3ATQqB/0w==" copy="[&BMUFAAA=], at the Hero Challenge" info="[51] When you get out of the camp,
head south-west. Get a vista and a hero challenge.
See you there!

If you are new and don't want spoilers,
then do not do the Jungle Entanglement Event."/>
		<POI MapID="54" xpos="-447.341" ypos="15.9698" zpos="-715.003" type="mow.makers" GUID="jlQ0KEqXSUGFlrmeKAnq4g==" info="[52] Go further West and find a Golem
at the foot of a waterfall.
Next marker will be there too."/>
		<POI MapID="54" xpos="-632.243" ypos="-0.159343" zpos="-703.506" type="mow.makers" GUID="cQQ7Mt4+1EqJxHV+RtXF5g==" copy="[&BFoAAAA=], near the Hero Challenge" info="[53] Follow the golem after you spoke to it.
Next point at the end of the event."/>
		<POI MapID="54" xpos="-666.039" ypos="27.2589" zpos="-312.671" type="mow.makers" GUID="Jhh70yc32E2Kmyt9I6OzjQ==" info="[54] South-West is a hero point.
Go there and find a slope leading you north-west.
Next marker somewhere on the slope."/>
		<POI MapID="54" xpos="-779.569" ypos="45.9649" zpos="-294.558" type="mow.makers" GUID="4NH2KMFbxE6kGzjuu6F+MA==" info="[55] You will find Less Longbow in this area.
You can speak to him to start an event chain.
This chain ends by destroying the Demagogue Spirit.
Next marker is where the Demagogue will be."/>
		<POI MapID="54" xpos="-969.033" ypos="2.42129" zpos="-204.129" type="mow.makers" GUID="SA7na5WUj0aKU7X38mXolg==" copy="[&BHYAAAA=], do Arboreal Spirit event" info="[56] Get back to [Mirkrise Waypoint].
Near there is a lake with an Arboreal spirit.
Speak to it, or wait until it appears. Then do the event.
Next Marker at the end of that event."/>
		<POI MapID="54" xpos="36.963" ypos="44.7454" zpos="-236.325" type="mow.makers" GUID="0CLW5ZvzdkK8SQUkxKBdjA==" copy="[&BF4AAAA=], a bit south" info="[57] Go East and find the Skritt cave you have
already visited at the very beginning of your adventure.
This time, when you are in, instead of going through
the southern tunnel, choose the northern way."/>
		<POI MapID="54" xpos="354.709" ypos="30.7518" zpos="-143.549" type="mow.makers" GUID="1KbTFg3uU023ko1V2bvPLQ==" info="[58] If you are at the beginning of the tour, the right way is the other way.

Else, keep going to get the waypoint.
After that, head straight East."/>
		<POI MapID="54" xpos="305.568" ypos="60.2661" zpos="-43.4212" type="mow.makers" GUID="gYv4/DtvNkWHoeL+qN1u3g==" info="[59] Either way is wrong. Turn back."/>
		<POI MapID="54" xpos="443.959" ypos="68.3861" zpos="-74.1992" type="mow.makers" GUID="xjflKCsKIEmSIbdOcN9Ayw==" info="[60] If you've done the Arboreal Event, keep going.
Else I don't know how you ended up here..."/>
		<POI MapID="54" xpos="572.03" ypos="50.1581" zpos="-16.4011" type="mow.makers" GUID="9UV7gjQCU0+xziz0DBSy0g==" info="[70] Just there on your right is a waypoint.
After you got it, keep going north and take the turn
left.
Next maker at the Skritt throne.

The Skrittsburgh Center meta might take place anytime.
Do it when active to enter the city."/>
		<POI MapID="54" xpos="396.395" ypos="26.7316" zpos="142.672" type="mow.makers" GUID="cqHoqu5zGUyZNHA9E4f8nQ==" info="[71] After you got the Hero point at the bottom of this cavern,
Get out of Skrittburgh by the North-East gate."/>
		<POI MapID="54" xpos="496.42" ypos="47.8191" zpos="215.222" type="mow.makers" GUID="UerW+I8T6kGzWpz8YzjMyg==" copy="[&BGAAAAA=], Marker East above [&BE4AAAA=]" info="[72] Keep going, get the waypoint and the hero challenge.
Try to find a way out East."/>
		<POI MapID="54" xpos="694.914" ypos="96.5482" zpos="138.41" type="mow.makers" GUID="ut8Vi16xdUaXnin/wpBeqg==" info="[73] An event can trigger around the village you down there.
After you're done head North.

You've already visited this part of the map,
but you walked at the bottom of the valley.
Now stick to the upper part while going North,
along the cliff, and cross the first bridge you see.

Next Marker ON THE BRIDGE." />
		<POI MapID="54" xpos="855.524" ypos="79.0543" zpos="281.249" type="mow.makers" GUID="Q1Rl1oTUIUWEmE+h4dMWXA==" info="[74] WELL DONE!
I know this is a bit unfortunate... But...
This is the end of this tour. The original path wanted you to go back to [Wendon Waypoint]...
But putting a Marker there would have been confusing.

So that's it.
Next for you might be Kessex Hills? Or perhaps Gendarran Fields?
Anyway: good luck!

-You can contact me In-Game under 'Euste Ylhes.1095' [EU server]"/>

	</POIs>
</OverlayData>