<OverlayData>
	<POIs>
		<Trail trailData="Trails/Caledon_Final.trl" animSpeed="0.5" alpha="1" type="mow.roads" fadeNear="500" fadeFar="1000"/>


		<POI MapID="34" xpos="-169.337" ypos="4.78986" zpos="-1007.32" type="mow.makersstart"/>
		<POI MapID="34" xpos="-169.337" ypos="4.78986" zpos="-1007.32" type="mow.makers" GUID="kuJvqlq29ESk/LhOrc1SfA==" info="[1] Starting in the Village of Astorea, take it slow and complete the first heart.
After that, head east. Next marker on an island at the foot of a tree."/>
		<POI MapID="34" xpos="-71.0548" ypos="3.20094" zpos="-1022.04" type="mow.makers" GUID="CKsADA+3u0a8KWQIQqUObw==" info="[2] An event involving killing termites can spawn on the island,
do not wait for it, you will come here again latter.
Next marker by the red flowers you see further East."/>
		<POI MapID="34" xpos="12.7267" ypos="5.73182" zpos="-1008.8" type="mow.makers" GUID="py7jbC5BH02xRBNOHKrFBw==" info="[3] Go to the Verdence and wait for Estienne. You will be able
to speak to him to launch an escort. While waiting, or if he is there
but nobody starts the event, you can do the Heart
and an event involving defending Hounds against Spiders.

Next Marker where Estienne stands before the event.
(He will have a yellow icon upon his head)"/>
		<POI MapID="34" xpos="97.638" ypos="5.74654" zpos="-865.829" type="mow.makers" GUID="pEoVPBH5ZkWfsd8EoS6gfg==" info="[4] When you are ready, or if another player starts Estienne
on his journey, follow Estienne. He will walk you to a cave north.
You can explore the cave once the event is done, it is a pretty
place, although there is nothing special to discover here.
Next Marker in there."/>
		<POI MapID="34" xpos="135.497" ypos="9.20957" zpos="-565.18" type="mow.makers" GUID="29cxfz3f80KVhQ0tuet5NQ==" info="[5] Finish the event with Estienne. Until you kill the drake.
After that, head west then south.
(Begin completing/complete the Heart while passing through the village.)

Next marker at the South-West entrance of Wardenhurst "/>
		<POI MapID="34" xpos="-31.8114" ypos="16.2417" zpos="-693.421" type="mow.makers" GUID="D3dFtxi210qkzCuqEXRcSA==" info="[6] Head south and find a bridge on your right.

Next segment will be a bit harder."/>
		<POI MapID="34" xpos="-139.309" ypos="10.457" zpos="-908.142" type="mow.makers" GUID="1q7PnS8EYkK6ZG5eLL+5Gg==" info="[7] Cross the bridge and be warned by the wardens!
For once their warnings are to be taken seriously  especially 
if you started this tour at lvl 2.

Anyway, brave as you are, grab the two waypoints on your way north.

Next marker at Gleaner's Cove Waypoint."/>
		<POI MapID="34" xpos="-297.178" ypos="4.18546" zpos="-543.346" type="mow.makers" GUID="hOAGb38G8UKcQELQyP5acQ==" info="[8] Now cross the river and make your way into the Nightmare Court
cavern (West, turn left). You will have to get to the other side
of the cavern and go down a small waterfall that will be on your right.

Next Marker at the top of this waterfall."/>
		<POI MapID="34" xpos="-504.739" ypos="23.8531" zpos="-610.448" type="mow.makers" GUID="QeCXJGEXtE+rRo3KyANhWw==" info="[9] At the bottom of the waterfall, you will find a hero challenge
that you will probably not be able to get. Instead, just kill the
Veteran Wind Rider that is around and get the vista.
Then continue South. Next marker near a bridge,
between blue shiny flowers."/>
		<POI MapID="34" xpos="-471.82" ypos="28.604" zpos="-856.261" type="mow.makers" GUID="aNC7uk5OX0mXq0UteR+PHA==" info="[10] You might recognize the very place where you
did your first personnal story as a Sylvari 
(although it was meant to be in the Dream).
You can do the heart here, or run straight
south and come back to where you started."/>
		<POI MapID="34" xpos="-287.198" ypos="16.7033" zpos="-1060.22" type="mow.makers" GUID="Wad5FpD/5kSnSHDBE3WXgQ==" info="[11] Keep going straight forward.
Next Marker in a Sylvari nursery, with blue flowers
hanging from the ceiling."/>
		<POI MapID="34" xpos="-133.86" ypos="9.97904" zpos="-1103.94" type="mow.makers" GUID="4hkTra7VfUekBsnabfUrbg==" info="[12] Go again east by the termites event,
in case you didn't get a chance to do it first time,
you might be able to do it second time.
In anycase, do not wait for it and head straigh East.

Next Marker between two rock formations."/>
		<POI MapID="34" xpos="115.575" ypos="10.0144" zpos="-1079.24" type="mow.makers" GUID="WNIdQFqWCUGbuuBhFvRI2g==" info="[13] If you just started and you're here, wrong way go North to the Verdence.
Else, get the next Vista and the Waypoint further North-West.

Next Marker at the Vista."/>
		<POI MapID="34" xpos="260.181" ypos="23.237" zpos="-1002.23" type="mow.makers" GUID="6jlc8T/YeEicAXpWCkmRQQ==" info="[14] This is indeed the next Vista! Waypoint is just accross!

Next marker near Sleive's Waypoint."/>
		<POI MapID="34" xpos="302.727" ypos="28.828" zpos="-877.76" type="mow.makers" GUID="gZjD3NPH00umamTZoaX6rw==" info="[15] This time you will want to wait for Brugh to be there
and start the event with him. If he is not here, just go south and
do the Jumping Puzzle (Spelunker's Delve), complete heart 
and do some events in the swamp.

In case he is still not here after that and you don't want to wait,
go straigth to Morgan's Spiral.

Next maker is near the trail while going there."/>
		<POI MapID="34" xpos="411.984" ypos="26.7291" zpos="-809.743" type="mow.makers" GUID="ZiLBydjCZU2VJW1Q9WFelQ==" fadeFar="1300" info="[16] Down there, at Morgan's Spiral, ends the Brugh's event.
It will chain until the Risen Monstrosity Spawn.

Next Marker South-East of the spiral on
the beach among the remains of boats "/>
		<POI MapID="34" xpos="534.54" ypos="0.0653517" zpos="-744.029" type="mow.makers" GUID="ONBFMnthuESPJkGbt78qhQ==" info="[17] There is high chances that an agent has fallen from the sky around there.
You will see the icon of a dead ally NPC on your map, agent Rexx.
Go revive and escort him. I advise waiting for him to spawn to 
continue, but if you're not patient, just go north to the nightmare court.

Next Marker at the end of Rexx's escort."/>
		<POI MapID="34" xpos="481.894" ypos="0.834134" zpos="-476.311" type="mow.makers" GUID="gwRXuUetekCsgXalFWtLtw==" info="[18] Disguise by speaking to the Heart NPC and do heart completion in the camp.
Get out of there by the other doorway where the next Marker will also be found."/>
		<POI MapID="34" xpos="598.301" ypos="-0.523465" zpos="-469.621" type="mow.makers" GUID="H4tI2rb/KEKtUTGK1/xPMQ==" info="[19] Get Back to Morgan's Spiral and GET THE SPIRAL WAYPOINT.

After that go up the central tree
and floating stones there."/>
		<POI MapID="34" xpos="466.627" ypos="35.9021" zpos="-705.627" type="mow.makers" GUID="9e0djMBfL0+iWfC159Ip8Q==" fadeNear="1000" fadeFar="1300" info="[20] Keep Going!"/>
		<POI MapID="34" xpos="441.149" ypos="45.5609" zpos="-622.51" type="mow.makers" GUID="aCfvIKCyiEupEdl4QQTdhw==" info="[21] Continue among the Spiders"/>
		<POI MapID="34" xpos="338.31" ypos="3.73477" zpos="-553.948" type="mow.makers" GUID="K0Q4ATULAUKIPHHqqTylQg==" info="[22] Keep Going!
If you are tired of the jumping puzzle, there is a door out South of this cavern.

Else, you migth want to find a way up..."/>
		<POI MapID="34" xpos="435.472" ypos="57.036" zpos="-581.048" type="mow.makers" GUID="55b5EVDNPUKp5GP+/+zGFQ==" fadeNear="1000" fadeFar="1300" info="[22'] Keep Going!"/>
		<POI MapID="34" xpos="291.58" ypos="3.61788" zpos="-594.042" type="mow.makers" GUID="FrpGyb10nUqKemoWwnSqZA==" fadeNear="1000" fadeFar="1300" info="[22'] Keep Going!
If you are tired of the jumping puzzle, there is a door out South of this cavern."/>
		<POI MapID="34" xpos="298.488" ypos="66.2397" zpos="-519.668" type="mow.makers" GUID="zNgwDiFQq02jTHwpd+nmLg==" fadeNear="1000" fadeFar="1300" info="[22'] Keep Go-... Done!!!
Now get down and loop back going on your right. We head towards [Wardenhurst Waypoint].
You might find events on your way by going on foot!
When in the village of Wardunhurst try to find a tunnel to the north."/>
		<POI MapID="34" xpos="398.371" ypos="8.17837" zpos="-596.174" type="mow.makers" GUID="bLT5iIx2KU2WjM4ILygTvA==" fadeNear="1000" fadeFar="1300" info="[22'] Jumping Puzzles are not for you, or at least not today, that's okay!
Just go back to [Wardenhurst Waypoint].
You might find events on your way by going on foot!
When in the village try to find a tunnel to the north."/>
		<POI MapID="34" xpos="-56.4812" ypos="17.4329" zpos="-678.882" type="mow.makers" GUID="SXwSQH6Bj06yWQrpMdzsNw==" fadeNear="1000" fadeFar="1300" info="[23] If you did not see Morgan's Spiral yet, do not go through that tunnel.
Otherwise, you are on the rails!"/>
		<POI MapID="34" xpos="-214.947" ypos="30.6483" zpos="-635.852" type="mow.makers" GUID="moWP0pq15EuOEFSrEkOGOQ==" info="[24] Get the Golotl Grounds point of interest and head to yet another
Sylvari village to grab Brigid's Overlook Waypoint.
(Stay south of the beach by going east then north)

Next Marker at the entrance of Bridgid's Overlook"/>
		<POI MapID="34" xpos="11.5087" ypos="25.2542" zpos="-311.536" type="mow.makers" GUID="WqL6VOJDK0awlbAfYBC4Vw==" info="[25] Now go west again through Sandycove Beach and towards the Lion's Guard Haven.

Next marker near the Eastern gate of the Haven.
And visible from far away."/>
		<POI MapID="34" xpos="-224.925" ypos="18.9019" zpos="-266.847" type="mow.makers" fadeNear="1700" fadeFar="2500" GUID="U8KY1y/yoEKkQ4rMODmDHg==" info="[26] You will want to start the event with the Soundless villager.
You have to speak to her to start the event. She will appear
here, and a yellow icon will signal her on your mini-map. She
will then go to the Village you see accross the water on the
island.

While she is not there, wait by doing one of the numerous events
on the beach. 

Next Marker in the Soundless Village."/>
		<POI MapID="34" xpos="-212.655" ypos="9.74578" zpos="-148.937" type="mow.makers" GUID="zxJC68jQWkuhZbmDjlil8A==" info="[27] Loop back to the last of the bridges you crossed with the Soundless Villager
and get the point of interest nearby.

Next market at the point of interest."/>
		<POI MapID="34" xpos="-369.871" ypos="13.7429" zpos="-37.3374" type="mow.makers" GUID="0qs3wMiLBEaE8qQoKYyIVg==" fadeNear="1000" fadeFar="1500" info="[28] Head north through the nightmare court camp.
Get the Town of Cathal Waypoint event further North.

Note that if you come back on the Soundless Island, there is an event
chain that will naturally leads you there.

Next marker at the waypoint."/>
		<POI MapID="34" xpos="-374.949" ypos="30.6032" zpos="99.4696" type="mow.makers" GUID="diRtcqDbfE2L/hAKOfYeoQ==" info="[28'] Yep, further north"/>
		<POI MapID="34" xpos="-425.404" ypos="37.2653" zpos="326.295" type="mow.makers" GUID="KCoGEe8UkkO7xC4bPf9R4g==" info="[29] Now venture east in some very mossy cave: the Ruins of the Unseen"/>
		<POI MapID="34" xpos="-327.128" ypos="38.8306" zpos="325.009" type="mow.makers" GUID="wF/T1nQtvk6wINBh8et2pw==" fadeNear="1000" fadeFar="1500" info="[29'] Yes indeed, into that mossy cave!

Next marker further in the mossy area,
Near an asura's lab."/>
		<POI MapID="34" xpos="-139.798" ypos="22.0941" zpos="215.676" type="mow.makers" GUID="cXwdp1/qrk6eldW0rjC0AA==" info="[30] Take your time there while waiting for the collect event
to start by getting the vista and listenning to NPCs.Then
do the collect event. As you will most likely be underleveled,
it might be quite a challenge. After the collect has ended,
follow the golem south to Mabon Market.

Next Marker at Mabon Market entrance, near the Mabon Waypoint."/>
		<POI MapID="34" xpos="-79.3937" ypos="2.38135" zpos="10.24" type="mow.makers" GUID="puMuS4rqpE6WfmkBvPj0Pg==" info="[31] While waiting for an event concerning experiments on Oozes
that have gone wrong, get to know a little bit about crafting.
(for instance, by doing one of the achievments for crafting in
the Tutorial section of the Achievements). You can also get
the vista on an island east before, during or after the Oozes event.

Next marker is still in Mabon Market, but in the Eastern part.
Near a Mossheart Caravan (which might have left)"/>
		<POI MapID="34" xpos="26.4984" ypos="5.87491" zpos="9.36143" type="mow.makers" GUID="GrM0E5MR70+L+Hfks2yrHw==" info="[32] A little while after the Oozes event ends, a new event
will spawn on the east side of the Mabon Market.You will
have to escort a Mossheart to a lab North.

Next market at the end of this escort."/>
		<POI MapID="34" xpos="59.641" ypos="67.3319" zpos="510.298" type="mow.makers" GUID="l+8fLaUPYEy16PchSNHhTg==" fadeNear="1000" fadeFar="2000" info="[33] Stay at the lab after the event, a final one will trigger.
Then get the vista south-east from there.

The next marker will be there, and will be pink!"/>
		<POI MapID="34" xpos="164.409" ypos="31.9673" zpos="444.93" type="mow.makerswaypoint" fadeNear="700" fadeFar="1000" GUID="SHeP0xEDVUqumA29XZKP8A==" info="[34] Travel to Brigid's Overlook Waypoint [&amp;BDgBAAA=].
Then head East, another Maker will reveal."/>
		<POI MapID="34" xpos="63.7789" ypos="28.6154" zpos="-322.048" type="mow.makers" GUID="ZnUWYZOZuE6i9p7n9swsKA==" fadeNear="1000" fadeFar="1500" info="[35] If you are in this area for the first time, wrong marker! Sorry...

Else, if you just waypointed from far away,
head straight toward east without stopping for the hero challenge.
Instead, look for a hut in the Glencarn Sperrins."/>
		<POI MapID="34" xpos="398.517" ypos="22.2266" zpos="-404.908" type="mow.makers" GUID="zfkcjgIJuUWT2D/q6zuc/g==" info="[36] Aside the hut is a chest that can be closed in that
case you may want to walk back to the hero point and do it
before launching the event.

Else wait for the chest to be closed again (except if there is
an event to return transformed hyleks to their true form, then it
is as if you just openned the chest).

While waiting you can grab the waypoint just north from the hut
so you can come back here quicly to check on the chest. Then, do
the hero point you just pass by, and also the hero points you could
not get in the beginning of your tour if you were levelling from 
level 2 

If there is still time for the chest and you have not done the 
event with Drugh at Morgan's Spiral, you can also check on them.

Next maker at the end of the Hylek Event."/>
<POI MapID="34" xpos="419.513" ypos="0.382211" zpos="-136.123" type="mow.makers" GUID="OaUWmpteqUy8RuLS7fzWeA==" info="[37] Go north while waiting for the Champion of the Sun Meta Event.
You have a lot of events and completion to do if you really want
to wait for this Meta. The waiting could be long. You can ignore
it if it is not up at the end of exploring the whole zone, but
if it is up that it is quite a fun one.

While you're doing that, look up on the time of the Wychmire 
Swamp Meta event on wiki using '/wiki timer' and checking for
the next Great Jungle Worm. You want to go ahead anyway if
this event is in less than 30 minutes. Head towards that bri-
gde in the distance.

Next marker on the bridge north in the distance."/>
<POI MapID="34" xpos="456.11" ypos="18.9718" zpos="229.423" type="mow.makers" GUID="sBCJPYieski+OHRURsrW5Q==" info="[38] After you meet with Tengus (!!!) continue north in the water.
Find the Quaggan village underwater, maybe will you play music there?
And a Marker?"/>
		<POI MapID="34" xpos="512.167" ypos="-60.4708" zpos="579.706" type="mow.makers" GUID="MM2s37a6VEWAVlpkDidkuw==" info="[39] Time to play music.
When you're done... Go west.
You'll have to find two Asura
progenies near a Hylek's Campto
to find the next marker.

Go now!
(Go West) Life is peaceful there
(Go West) In the open air
(Go West) Where the skies are blue
(Go West) This is what we're gonna do
Are you still there?"/>

		<POI MapID="34" xpos="170.123" ypos="12.4856" zpos="431.269" type="mow.makers" GUID="BCD217+GsUmwKGO9CFsfVw==" info="[40] Follow the road further west to Trader's Green. A Marker is at its door."/>
		<POI MapID="34" xpos="-216.4" ypos="55.9382" zpos="440.268" type="mow.makers" GUID="/DDH92sPV0Kpk62E9EfReQ==" fadeNear="1000" fadeFar="1500" info="[41] Visit the Haven then head to the Town of Cathal, West.
You might find this sylvari town undersieged by the Nightmare Court,
or find that a certain Gamarien is scouting the Wychmire Swamp.

Do these events. From now on, you really want to know when will
the Great Jungle Worm spawn so that you can waypoint back to
the swamp a few minutes before.

Next marker at one gate of Cathal."/>
<POI MapID="34" xpos="-308.412" ypos="44.288" zpos="416.943" type="mow.makers" GUID="fxmijxvqaE+mu4GNJpbM/g==" info="[42] If you are looking for a mossy cave, you missed it.
Turn back, sorry...

Go north until you find Falias Thorp Waypoint.
Where the next Marker will also be."/>

		<POI MapID="34" xpos="-332.924" ypos="2.87581" zpos="702.375" type="mow.makers" GUID="dn+bNT5BqUK7f7hKD8xaKA==" info="[43] Now east, and under the bridge.
An event where you have to extinguish fire can happen
after the bridge. In the end, you want to find [Hamlet
of Annwen Waypoint] somewhere even further East. 
Where the next Marker will also be.

But maybe should you explore the Hylek's village
a bit south first?

You can also speak to Gamarien nearby if he is ready!"/>
		<POI MapID="34" xpos="-443.972" ypos="0.557538" zpos="510.057" type="mow.makers" GUID="XkaESMpWLkK87IK9Wv2WjA==" info="[43'] Just imagine if you could find a way to go past it.
What's the best way to pass a door?"/>
<POI MapID="34" xpos="-465.859" ypos="0.852644" zpos="502.717" type="mow.makers" GUID="OeyeCzqffUyO7rj+wEG7ew==" info="[43'] Openning it! Oh right, you found it on your own, of course!"/>
		<POI MapID="34" xpos="191.209" ypos="9.43309" zpos="849.839" fadeFar="2000" type="mow.makers" GUID="Pe5KiadinkSRyKNtdreBvw==" info="[44] Now explore this North-East corner of the map on your own.
At this place, Valiant Sanna can start a cool event. Go and visit the Haven
and a Krait construction in the bay near the Haven. If you have the
roads active, you can simply follow the the tour I have traced to 
visit the area.

You are only waiting for the Great Jungle Worm, waypoint in the Swamp
a few minutes before it spawns, there will be people.

Next point at the Great Jungle Spawning Location."/>
		<POI MapID="34" xpos="-333.371" ypos="0.208009" zpos="855.192" type="mow.makers" GUID="4BimJo+pvE2iY7e0yLELCA==" fadeFar="1500" info="[45] Here take place the World Boss event.
After it is done, go get the waypoint
point at the entrance of the dungeon, north."/>
		<POI MapID="34" xpos="-384.56" ypos="0.333617" zpos="967.409" type="mow.makers" GUID="7jRSnJLdiUuqJ/u2OwlHgQ==" info="[46] You just did the world boss! Congrats!
Now run east, towards a little camp where
you'll find the [Lionguard Waystation Waypoint].

Next Marker's there."/>
		<POI MapID="34" xpos="-70.0294" ypos="15.6756" zpos="863.918" type="mow.makers" GUID="qVN1huAE+UmMglwqD6K2Cg==" info="[47] You did the world boss and got the [Twilight Arbor Waypoint].

You should find Merchant Remi and Merchand Trundle near there.
If there are not at the Waystation, they might already be on
their way on the cobblestone road to the north-west. They will
trigger an event involving a Troll Chieftain.

Next point around where the event takes place."/>
		<POI MapID="34" xpos="-272.279" ypos="1.21348" zpos="1083.34" type="mow.makers" GUID="tFGaZ41HjU+K7EadbChyEQ==" info="[48] There is where the event with Merchant Remi and Mer-
chand Trundle will finally trigger.
After that, continue your journey on the road north-west."/>
		<POI MapID="34" xpos="-457.767" ypos="6.02369" zpos="1132.87" type="mow.makers" GUID="wRVcv5XLf0a9tQjKSR6GGA==" info="[49] Here you are, finally! The hero of Caledon Forest.
You should take nap before going through the portal to Brisband Wildland!

-You can contact me In-Game under 'Euste Ylhes.1095' [EU server]"/>
	</POIs>
</OverlayData>