<OverlayData>
	<POIs>
		<POI MapID="19" xpos="-1068.26" ypos="51.712" zpos="232.287" type="mowpp.challenge.championslist" GUID="oftKXjlfNkuQSOa8ln05LQ==" info="[1] Oh oh! WELCOME CHALLENGER ON THE MOW CHAMPION OF TYRIA TOUR!
This is the first MAP!
Here are your foes:

1) Badazar's Champion [Martyr's Woods];

2) Flamme Legion Effigy [Igni Castrum];

3) Stonecrag Ogre Chieftain [Stonecrag Kraal];

4) Siegemaster Lormar [Foefire's Heart];

Good luck! See you in Diessa Plateau!"/>
		<POI MapID="19" xpos="-501.78" ypos="53.515" zpos="-400.951" type="mowpp.challenge.champions" GUID="sT5u09y++UuwF/6f5yPAwQ==" info="Flamme Legion Effigy"/>
		<POI MapID="19" xpos="-142.735" ypos="46.7993" zpos="384.514" type="mowpp.challenge.champions" GUID="KHxhgu1nrke62KPcWBVPYg==" info="Badazar's Champion"/>
		<POI MapID="19" xpos="1123.27" ypos="39.6492" zpos="207.204" type="mowpp.challenge.champions" GUID="4KdbypFFn0OIlQgohSTq6Q==" info="Stonecrag Ogre Chieftain"/>
		<POI MapID="19" xpos="814.005" ypos="40.0836" zpos="512.292" type="mowpp.challenge.champions" GUID="anndPcf2zES7HloE1aEw2A==" info="Siegemaster Lormar"/>
		<POI MapID="32" xpos="844.162" ypos="6.18898" zpos="-626.186" type="mowpp.challenge.championslist" GUID="GWdjjp9nckSPH8y4DpINxA==" info="Hey! How is it so far? Easy I hope!
Here are your new foes:

1) Seperatist Instigator [Camp Althea]

2) Giant [Town of Nageling]

3) Rhendak the Crazed [Font of Rhand]

4) Cave Spider [Spider Nest Cavern]

5) Plain Wurm [Halrunting Plains]

Have fun! Don't die! And see you in Wayfarer Foothills!"/>
		<POI MapID="32" xpos="284.386" ypos="25.8556" zpos="-588.518" type="mowpp.challenge.champions" GUID="tzE8wjykW0WjaRp7nYiGeQ==" info="Seperatist Instigator"/>
		<POI MapID="32" xpos="-246.098" ypos="36.6553" zpos="-397.988" type="mowpp.challenge.champions" GUID="Bg8mB+0a0ka/2HnJoOyZ+A==" info="Giant"/>
		<POI MapID="32" xpos="-830.252" ypos="56.1833" zpos="130.683" type="mowpp.challenge.champions" GUID="9abTculjuU+qEZdKPdiGEQ==" info="Plain Wurm"/>
		<POI MapID="32" xpos="147.46" ypos="69.9066" zpos="524.23" type="mowpp.challenge.champions" GUID="VNFA/AoJsk214seyI+X9wA==" info="Cave Spider"/>
		<POI MapID="32" xpos="251.491" ypos="-57.0584" zpos="576.033" type="mowpp.challenge.champions" GUID="nE+5sYi3L0S4k5LRhMJ7MA==" info="Rhendak the Crazed"/>
		<POI MapID="28" xpos="210.849" ypos="98.7244" zpos="982.382" type="mowpp.challenge.championslist" GUID="5LoiXPsoeUeHpPyrtDAI9w==" info="Wayfarer Foothills Welcomes YOU CHALLENGER!
Here are your foes.
On first passage on this map:

1) Svanir Marauder [Dragonblest Hold]

After that head to Snowden Drifts!

On second passage on this map:

2) Svanir Shaman Chieft (World Boss) [Heart of Corruption]

And head to Dredgehaunt Cliffs.

MAY WE TELL YOUR LEGEND FOR EONS!"/>
		<POI MapID="28" xpos="23.7468" ypos="188.233" zpos="1185.38" type="mowpp.challenge.champions" GUID="AUS6oDRerUixJ/OqcdB1qw==" info="Svanir Marauder"/>
		<POI MapID="28" xpos="396.986" ypos="71.5009" zpos="344.573" type="mowpp.challenge.champions" GUID="O7rt/ddrfUG5/2DKyMP6eg==" info="Svanir Shaman"/>
		<POI MapID="31" xpos="1123.61" ypos="56.2127" zpos="391.32" type="mowpp.challenge.championslist" GUID="QZqEm58xcku3EzEmE17nQQ==" info="WELL DONE CHALLENGER!
Now, let's see what hides in the snow:

1) Icebrood Goliath [Blasted Haven]

2) Imbued Aberration 1 [Dragon's Rising]

3) Imbued Aberration 2 [Hrothgar's Pass]

4) Icebrood Shaman [Jarmabakke Stead]

5) Modniir Leader [Darkhoof Heights]

6) Snow Troll Leader [Darkhoof Heights]

7) Imbued Aberration 3 [Skradden Slopes]

See you in the Gendarran Fields!"/>
		<POI MapID="31" xpos="483.522" ypos="51.8968" zpos="345.059" type="mowpp.challenge.champions" GUID="wAzwKWA2j0OP+ntwuqg8mA==" info="Imbued Aberration"/>
		<POI MapID="31" xpos="665.823" ypos="58.2658" zpos="238.355" type="mowpp.challenge.champions" GUID="ngTo0QY8OUGh9TZQZvVMTA==" info="Icebrood Goliath"/>
		<POI MapID="31" xpos="-24.9388" ypos="74.0193" zpos="-163.3" type="mowpp.challenge.champions" GUID="SIsyVDnk0ECF9pT0mXtYWA==" info="Imbued Aberration"/>
		<POI MapID="31" xpos="-735.078" ypos="72.6444" zpos="105.483" type="mowpp.challenge.champions" GUID="cmvDkBm8yEia9gtR0kW21Q==" info="Icebrood Shaman"/>
		<POI MapID="31" xpos="-721.341" ypos="73.8053" zpos="373.267" type="mowpp.challenge.champions" GUID="PIibe5lFtkSG0fK5nCJoXw==" info="Modniir Leader"/>
		<POI MapID="31" xpos="-675.417" ypos="100.815" zpos="527.683" type="mowpp.challenge.champions" GUID="U4gY4FlWq0Ww5+rd7l8jQw==" info="Snow Troll Leader"/>
		<POI MapID="31" xpos="-1143.34" ypos="77.7041" zpos="-54.7558" type="mowpp.challenge.champions" GUID="I8uMOm4clUe8nhcUodKXYg==" info="Imbued Aberration"/>
		<POI MapID="24" xpos="230.658" ypos="2.27576" zpos="-469.736" type="mowpp.challenge.championslist" GUID="yBERSs+JHku4ueWUF+fDpA==" info="Welcome in Kryta, land of Humans!
On your first time here, you're going to the Harathi's
Hinterlands, but before fight:

1) Cave Troll [Overlook Caverns]

2) Enraged Spider Queen [Almuten Mansion]

3) Captain Wiley [Provern Shore]

On your second passage, you're heading for Kessex Hills:

1) War Beast [Northfields]

2) Harathi Warrior [Ascalon Settlement]

3) Tamini Mogul [Stonebore Vaults]

4) Lenner the Eagle-Eyed [Talajian Piedmond]

5) Ketsurak [The Lawen Ponds]
"/>
		<POI MapID="24" xpos="1023.22" ypos="78.9907" zpos="-314.613" type="mowpp.challenge.champions" GUID="KdBH+48zd0Gf/cXszoQGjg==" info="Cave Troll"/>
		<POI MapID="24" xpos="692.261" ypos="20.8985" zpos="-144.089" type="mowpp.challenge.champions" GUID="4JbWilJ73kibx/k7oZ+OKw=="/>
		<POI MapID="24" xpos="143.195" ypos="-18.6081" zpos="353.527" type="mowpp.challenge.champions" GUID="STyGPH5hU02rM6jeEenlug==" info="Captain Wiley"/>
		<POI MapID="24" xpos="-148.558" ypos="-0.555226" zpos="382.162" type="mowpp.challenge.champions" GUID="DVMF2JvE6kukVcOzPUgSmA==" info="War Beast"/>
		<POI MapID="24" xpos="-343.853" ypos="3.8717" zpos="-19.4375" type="mowpp.challenge.champions" GUID="tlCzibfoy0yHmqjAxIavnA==" info="Harathi Warrior"/>
		<POI MapID="24" xpos="-526.551" ypos="-0.250854" zpos="-483.305" type="mowpp.challenge.champions" GUID="YgcFpiCqLUOzBQLE0HemdQ==" info="Ketsurak"/>
		<POI MapID="24" xpos="-1042.19" ypos="25.569" zpos="-135.663" type="mowpp.challenge.champions" GUID="PHWaL84HnEyLJfp0ma1/lA==" info="Lenner the Eagle-Eyed"/>
		<POI MapID="24" xpos="-1172.2" ypos="15.8494" zpos="66.7085" type="mowpp.challenge.champions" GUID="zeAKyHbigEqJtsgpUBus6Q==" info="Tamini Mogul"/>
		<POI MapID="17" xpos="445.343" ypos="27.4482" zpos="-756.83" type="mowpp.challenge.championslist" GUID="G91aNXsWokCbDGNbHLYLew==" info="You've made it to the Harathi's Lands! Next, you go back to Gendarran...
Here are your targets:

1) Modniir Overlord [Overwatch Camp]

2) Kol Skullsmasher [Hidden Ourobon]

3) Modniir Ulgoth (World Boss) [Modniir Gorge]

4) Modniir High Sage [Blackhold Mine Camp]

5) Ulssen the Anvil [Greenflin Plateau]

6) Sharky the destroyer [Arca Lakes]

7) Ezal the Quick [Wynchona Woods]

8) Gargantula [Wynchona Woods]

9) Modniir

THAT'S A LOT!!!"/>
		<POI MapID="17" xpos="159.367" ypos="96.2421" zpos="-381.558" type="mowpp.challenge.champions" GUID="4thsLa0eIU2hlv3syngrwg==" info="Modniir Overlook"/>
		<POI MapID="17" xpos="854.808" ypos="76.0757" zpos="59.9438" type="mowpp.challenge.champions" GUID="9Q0v92E2BkuIAPSw2hSPJg==" info="Kol Skullsmasher"/>
		<POI MapID="17" xpos="781.98" ypos="143.323" zpos="667.584" type="mowpp.challenge.champions" GUID="+3bxJ5BACEaBr8G570jKLA==" info="Modniir Ulgoth"/>
		<POI MapID="17" xpos="421.328" ypos="0.086309" zpos="257.914" type="mowpp.challenge.champions" GUID="f6ZIrOVk90ynW+TviiClYw==" info="Modniir High Sage"/>
		<POI MapID="17" xpos="-211.96" ypos="42.555" zpos="671.812" type="mowpp.challenge.champions" GUID="/Wutxs2ox0OyPk+CVtKAVw==" info="Ulssen the Anvil"/>
		<POI MapID="17" xpos="-300.475" ypos="53.1389" zpos="-268.143" type="mowpp.challenge.champions" GUID="SCA9Jk2T80GzV0+l9HPamw==" info="Ezal the Quick"/>
		<POI MapID="17" xpos="-286.795" ypos="52.7874" zpos="-341.244" type="mowpp.challenge.champions" GUID="X7wWD5fXNECumcujut6h2w==" info="Gargantula"/>
		<POI MapID="17" xpos="-606.637" ypos="-29.9126" zpos="545.638" type="mowpp.challenge.champions" GUID="hX2BKb6620+5F6dhz3RjGw==" info="Sharky the destroyer"/>
		<POI MapID="17" xpos="671.57" ypos="112.774" zpos="659.497" type="mowpp.challenge.champions" GUID="ZTxh53ZVKkG6gAuTMCDKJQ==" info="Modniir"/>
		<POI MapID="23" xpos="940.981" ypos="45.2994" zpos="309.376" type="mowpp.challenge.championslist" GUID="ajiiPmO1IkyElB7xADj24A==" info="Aaaaand a warm Welcome to you in Kessex Hills!
On your first time here:

1) Draithor the Drill [Draithor's Demernes]

2) Varre the Underhanded [Delanian Foothills]

3) Destroyer Harpy [Dominion Killing Zone]

4) Blood Witch [Viathan Lake]

5) Bandit Foreman [Mudbay Digs]

Then head to Caledon's Forest.

On your second passage do:

1) Ruye the Crimson [Fort Salma]

2) Harathi Overlord [Meremoot Hill]

3) Temway the Arrogant [Manefire Hills]

4) Toxic Spider Queen [Manefire Hills/Earthlord's Gap]

After that, it's North to Queensdale!"/>
		<POI MapID="23" xpos="1075.83" ypos="-0.680726" zpos="351.392" type="mowpp.challenge.champions" GUID="kPw8JgcWk0yzGPd/sf1CQQ==" info="Draithor the Drill"/>
		<POI MapID="23" xpos="1024.37" ypos="62.8694" zpos="146.663" type="mowpp.challenge.champions" GUID="3qLS7lKicUuPR4irX6TTlA==" info="Varre the Underhanded"/>
		<POI MapID="23" xpos="792.25" ypos="29.3501" zpos="-491.326" type="mowpp.challenge.champions" GUID="RNVupSnsnEyEr7IF5eYCkw==" info="Destroyer Harpy"/>
		<POI MapID="23" xpos="-413.518" ypos="-123.351" zpos="-175.757" type="mowpp.challenge.champions" GUID="AKWI1u5xt0uAnbu2NrAYRA==" info="Blood Witch"/>
		<POI MapID="23" xpos="-601.347" ypos="8.11226" zpos="-293.437" type="mowpp.challenge.champions" GUID="aTZo2x+Rm0iMYwfvH6Joaw==" info="Bandit Foreman"/>
		<POI MapID="23" xpos="-1049.14" ypos="87.3135" zpos="529.348" type="mowpp.challenge.champions" GUID="GwGzUJuwSk+awkuRP74IxA==" info="Ruye the Crimson"/>
		<POI MapID="23" xpos="-1059.13" ypos="41.5295" zpos="-11.325" type="mowpp.challenge.champions" GUID="xVb7vzuePUS1SdlM3sYEFA==" info="Harathi Overlord"/>
		<POI MapID="23" xpos="-168.739" ypos="13.4286" zpos="52.4898" type="mowpp.challenge.champions" GUID="uxGiM9spq069qP8sYCC8HA==" info="Toxic Spider Queen"/>
		<POI MapID="23" xpos="-134.471" ypos="88.7244" zpos="165.732" type="mowpp.challenge.champions" GUID="gBqsKqUmKk6aWY7hn4cycw==" info="Temway the Arrogant"/>
		<POI MapID="23" xpos="68.9764" ypos="38.2881" zpos="388.844" type="mowpp.challenge.champions" GUID="ZaCViHpak0mW9ah28NFBLw==" info="Toxic Spider Queen"/>
		<POI MapID="34" xpos="295.133" ypos="11.5048" zpos="982.735" type="mowpp.challenge.championslist" GUID="/8Z1SRhJLU6IXYsAmqrqHQ==" info="Ca-le-don. Sort of a lull on your journey. Enjoy!

1) Great Jungle Wurm (World Boss) [Wychmire Swamp]

2) Xolotl [Quetzal Bay]

3) Hylek Cuicani [Dengatl Grounds]

See you in Metrica Province..."/>
		<POI MapID="34" xpos="-358.199" ypos="0.322083" zpos="864.543" type="mowpp.challenge.champions" GUID="yUczO6xsnEy5UqVFVfNoiw==" info="Great Jungle Wurm"/>
		<POI MapID="34" xpos="276.69" ypos="1.00559" zpos="652.14" type="mowpp.challenge.champions" GUID="Q1kn8Rs5UUGXr7gRhqQzFg==" info="Xolotl"/>
		<POI MapID="34" xpos="-505.932" ypos="-0.00617866" zpos="349.257" type="mowpp.challenge.champions" GUID="jSER7crC8UmRyMbdhK9o0g==" info="Hylek Cuicani"/>
		<POI MapID="35" xpos="-219.402" ypos="16.3567" zpos="403.353" type="mowpp.challenge.championslist" GUID="AFVdEvvGgEClMixmZ1etDw==" info="Metrica already! I hope you're not waking from ash and dust
and that this challenge is not enough to make your system blow for now...
Because it's gonna get radioactive!

1) Fire Elemental (World Boss) [Thaumanova Reactor]

2) Steam Ogre [Thaumanova Reactor]

See you in Brisban Wildlands!"/>
		<POI MapID="35" xpos="-374.322" ypos="21.6336" zpos="887.741" type="mowpp.challenge.champions" GUID="uOkI17q5/k+dEFoAmLyGHg==" info="Fire Elemental (World Boss)"/>
		<POI MapID="35" xpos="-371.839" ypos="24.5876" zpos="739.562" type="mowpp.challenge.champions" GUID="bA8eu6dYyUiW6Pqpz6dDUA==" info="Steam Ogre (Above!)"/>
		<POI MapID="54" xpos="258.512" ypos="52.5596" zpos="-637.313" type="mowpp.challenge.championslist" GUID="AlClNnBfBUyb87dxRZRLzg==" info="HEY! YOU MADE IT UNTIL THE 10th MAP!!!
I'M IMPRESSED!
Still, good luck with local bandits:

1) Malfunctioning Golem [Lab in Venlin vale]

2) Unseen Hunter [Zinder Slope (Shore)]

3) Ogotl Priestess [Gotala Cascade]

4) Demagogue's Spirit [Aurora's Remains]

5) Sinister Triad [Vandal's Claim]

6) Robarri [Robarri's Bandits]

7) Flyrra the Remorseless [Scotta's Bandits]

Next step? Queensdale passing by Kessex Hills!"/>
		<POI MapID="54" xpos="611.134" ypos="43.3009" zpos="-599.194" type="mowpp.challenge.champions" GUID="efRYqCAvlUGY38JvBwGsLw==" info="Malfunctioning Golem"/>
		<POI MapID="54" xpos="649.18" ypos="5.02323" zpos="-438.19" type="mowpp.challenge.champions" GUID="+0vLnswDzkyiYUAvypDd3w==" info="Unseen Hunter"/>
		<POI MapID="54" xpos="112.959" ypos="4.16646" zpos="14.9774" type="mowpp.challenge.champions" GUID="v0qCeOvkNEmnzpNYbw6+8w==" info="Ogotl Priestess"/>
		<POI MapID="54" xpos="-950.251" ypos="0.0246547" zpos="-237.909" type="mowpp.challenge.champions" GUID="B99/VB++50KXy//MuALnDQ==" info="Demagogue Spirit"/>
		<POI MapID="54" xpos="-717.434" ypos="21.4508" zpos="-9.09759" type="mowpp.challenge.champions" GUID="W+bX1jcg3Eeo5x14xW1Z1A==" info="Sinister Triad"/>
		<POI MapID="54" xpos="-635.636" ypos="71.8856" zpos="274.801" type="mowpp.challenge.champions" GUID="wLOSBzPucEqE8CuOL+qQ3w==" info="Robarri"/>
		<POI MapID="54" xpos="230.805" ypos="100.322" zpos="702.815" type="mowpp.challenge.champions" GUID="wRHRNHi8SU+8c0L9Oulnsg==" info="Flyrra the Remorseless"/>
		<POI MapID="15" xpos="354.676" ypos="6.82604" zpos="-618.972" type="mowpp.challenge.championslist" GUID="8SaPRucTcEeFtqNrmaFn6Q==" info="At that point, Queensdale should be a walk in the park.
Although, some of the following foes will perhaps be surprisingly
difficult:

1) Shadow of Behemoth (World Boss) [Godlost Swamp]

2) Zirh the Venomous [Clayent Falls]

3) Vic the Iron [Eastern Divinity Dam]

After that, head to the Fields of Ruin, using the Asura Gate in
the Rurikton, in Divinity's Reach."/>
		<POI MapID="15" xpos="274.734" ypos="-0.71415" zpos="-392.692" type="mowpp.challenge.champions" GUID="hPrGXUtFi0KXTI5/UMpuww==" info="Shadow of Behemoth (World Boss)"/>
		<POI MapID="15" xpos="-943.918" ypos="14.6249" zpos="-572.268" type="mowpp.challenge.champions" GUID="ZnH1k2NZ2UGe0DS2gAIvpA==" info="Zirh the Venomous"/>
		<POI MapID="15" xpos="393.729" ypos="7.20358" zpos="665.056" type="mowpp.challenge.champions" GUID="Ogi8hkgCiki4MfeZtgvO9Q==" info="Vic the Iron"/>
		<POI MapID="21" xpos="-513.87" ypos="62.0747" zpos="-363.246" type="mowpp.challenge.championslist" GUID="l4kzPy1mJUiAR+UlRR2bRQ==" info="I hope you're in a very good shape! Because
this one is a huge one!

1) Seperatist Leader 1 [Stronghold of Ebonhawke]

2) Chief Otyugh [Otyugh's Kraal]

3) Foulbear &amp; Others [Foulbear Kraal]

4) Wasp Queen/Soldier [Ebonhawke Delegation]

5) Branded Earth Elemental [Dragonrot Domains]

6) Giant Branded Devourer [Sniper's Woods]

7) Separatist Leader 2 [Summit Peak]

8) Branded Griffon [Wreckage of Doomspy's Watch]

9) Branded Fish [Tenaebron Lake]

See you in Blazeridge Steppes!"/>
		<POI MapID="21" xpos="-673.843" ypos="51.0692" zpos="-605.441" type="mowpp.challenge.champions" GUID="LGfA+7DEsUakMQ2l4gNbhw==" info="Separatist Leader 1"/>
		<POI MapID="21" xpos="609.922" ypos="79.3467" zpos="-630.965" type="mowpp.challenge.champions" GUID="dA2oPT8iTU67y7gG02oPVg==" info="Chief Otyugh"/>
		<POI MapID="21" xpos="284.008" ypos="44.1055" zpos="-308.302" type="mowpp.challenge.champions" GUID="4VDCjlKWTk2yp5chaPcltA==" info="Foulbear &amp; Others"/>
		<POI MapID="21" xpos="95.3007" ypos="4.76255" zpos="146.625" type="mowpp.challenge.champions" GUID="/9Q/2NcSU0aYiB3hoauFdw==" info="Wasp Queen/Soldier"/>
		<POI MapID="21" xpos="-753.143" ypos="0.138011" zpos="211.658" type="mowpp.challenge.champions" GUID="er74VeMbQkCzwhnXWHm7WQ==" info="Branded Earth Elemental"/>
		<POI MapID="21" xpos="-611.399" ypos="8.47702" zpos="65.7964" type="mowpp.challenge.champions" GUID="cfC22GxEjUeoP3er6UdOjQ==" info="Giant Branded Devourer"/>
		<POI MapID="21" xpos="-6.34453" ypos="35.9287" zpos="410.238" type="mowpp.challenge.champions" GUID="FjanVclA5Ee7eb36gMPbeA==" info="Separatist Leader 2"/>
		<POI MapID="21" xpos="-469.961" ypos="4.29839" zpos="433.283" type="mowpp.challenge.champions" GUID="KMdqafjSL0632RbwrfFNmg==" info="Branded Griffon"/>
		<POI MapID="21" xpos="-475.257" ypos="-26.9084" zpos="711.166" type="mowpp.challenge.champions" GUID="rUoKfHEwREKTtzOlhtWuyA==" info="Branded Fish"/>
		<POI MapID="20" xpos="202.818" ypos="30.1675" zpos="-919.843" type="mowpp.challenge.championslist" GUID="2kKT17LYGE+oM2iYa/glaw==" info="The Blazeridge Steppes! This is a cool one before a true challenge!
Enjoy!

1) Ogre Beastmaster [Sootpan Kraal]

2) Ogre Chieftain [Behemian Grand Kraal]

3) Giant Plain Wurm [Terra Combusta]

4) The Shatterer (World Boss) [Lowland Burns]

Next map: Iron Marches! Ready yourself!"/>
		<POI MapID="20" xpos="184.022" ypos="52.0684" zpos="-588.668" type="mowpp.challenge.champions" GUID="T4tqPE8kSUaePn5VRLeo/A==" info="Ogre Beastmaster"/>
		<POI MapID="20" xpos="434.702" ypos="74.2189" zpos="-342.437" type="mowpp.challenge.champions" GUID="TXanSkNATE29cNtUCQi9Zw==" info="Ogre Chieftain"/>
		<POI MapID="20" xpos="117.107" ypos="13.1658" zpos="1038.49" type="mowpp.challenge.champions" GUID="80PiQhnauUWcEm047/Wwqg==" info="Giant Plain Wurm"/>
		<POI MapID="20" xpos="-230.38" ypos="12.3609" zpos="841.355" type="mowpp.challenge.champions" GUID="2lclrEH4ikC34M+oVbLnyA==" info="The Shatterer (World Boss)"/>
		<POI MapID="25" xpos="-271.872" ypos="2.563" zpos="-330.544" type="mowpp.challenge.championslist" GUID="A6bDf0H/Ck6Uv+IVOwdsiw==" info="Welcome to the Iron Marches!!! True challenges await you here.
If you overcome this map without dying you will already be
a true Hero of Tyria:

1) Mordrem Trasher [Monger's Sink]

2) Victurus [Crystalwept Groves]

3) Branded Devourer Queen [The Infestation]

4) Drakin Cinderspire (Fire Shaman) [Scorchlands]

After that, you'll be on fire and go to Fireheart Rise."/>
		<POI MapID="25" xpos="-368.389" ypos="19.2871" zpos="-188.373" type="mowpp.challenge.champions" GUID="3TyR5YF+LEGsVbhGdDuV5Q==" info="Mordrem Trasher"/>
		<POI MapID="25" xpos="355.391" ypos="12.1868" zpos="627.868" type="mowpp.challenge.champions" GUID="7bE4M7QiLEyC9lmWntROag==" info="Victurus"/>
		<POI MapID="25" xpos="190.29" ypos="2.53049" zpos="1137.45" type="mowpp.challenge.champions" GUID="NVBfs+S1L0COSMRzU1S1DA==" info="Branded Devourer Queen"/>
		<POI MapID="25" xpos="-470.575" ypos="46.8096" zpos="1159.9" type="mowpp.challenge.champions" GUID="BTqjPpPwnkegmoWs+jCSaA==" info="Drakin Cinderspire"/>
		<POI MapID="22" xpos="690.608" ypos="7.23027" zpos="-651.635" type="mowpp.challenge.championslist" GUID="4wJFAJZvRU+5m3rahFb5iA==" info="Welcome on Fireheart Rise! This After that we will head
to the Shiverpeaks, so enjoy the warm atmosphere while it last!

1) Brackish Skale [Sati Passage]

2) Vidius Flame Tribune [Buloh Crossing]

3) Spider King [Apostate Wastes]

3) Alpha Wolf [The Baelfire]

4) Undersea Ice Wurm [Highland Thaw]"/>
		<POI MapID="22" xpos="611.878" ypos="0.609537" zpos="-793.569" type="mowpp.challenge.champions" GUID="UhJzLSRp9kSDCzXzSbr0BA==" info="Brackish Skale"/>
		<POI MapID="22" xpos="-135.577" ypos="40.5052" zpos="-602.553" type="mowpp.challenge.champions" GUID="lAKVnEgLV02PdQVwH7D+Pg==" info="Vidius Flame Tribune"/>
		<POI MapID="22" xpos="937.16" ypos="31.1475" zpos="177.272" type="mowpp.challenge.champions" GUID="P/mzbwvT106QjTDG1IwT9w==" info="Alpha Wolf"/>
		<POI MapID="22" xpos="-446.798" ypos="40.9906" zpos="-693.436" type="mowpp.challenge.champions" GUID="bzP1NnMfmk6a3gcD67hWEA==" info="Spider King"/>
		<POI MapID="22" xpos="-744.998" ypos="-56.3172" zpos="392.495" type="mowpp.challenge.champions" GUID="wOOV/Rgp5EqRYrTJhZA5DA==" info="Undersea Ice Wurm"/>
		<POI MapID="30" xpos="816.028" ypos="52.4652" zpos="215.336" type="mowpp.challenge.championslist" GUID="K6pGL6X70k+55HrB5q4mFw==" info="Welcome back in the Shiverpeaks. Snow, ice and Jormag.
I hope you're warmly clothed!

1) Snow Troll [Trionic Lattice]

2) Claw of Jormag (World Boss) [Earthshake Basin]

3) Drakkar Spurs Champions [Drakkar Spurs]

4) Undersea Ice Wurm [Dimotiki Waters]

5) Icebrood Atrocity [Shattered Ice Floe]

6) Ice Drake Broodmother [Leopard's Tail Valley]

7) Icebrood Quaggan [Leopard's Tail Valley]

8) Blue Ooze [Arundon Vale]

After that head South to Wayfarer Foothills!"/>
		<POI MapID="30" xpos="508.854" ypos="12.8602" zpos="138.546" type="mowpp.challenge.champions" GUID="Fqun0ctUekyAF9ehN6EEWQ==" info="Snow Troll"/>
		<POI MapID="30" xpos="495.102" ypos="45.4295" zpos="352.996" type="mowpp.challenge.champions" GUID="w/CXJ1h1O0yOAzUCAWPc6w==" info="Claw of Jormag (World Boss)"/>
		<POI MapID="30" xpos="-673.973" ypos="-0.521969" zpos="744.482" type="mowpp.challenge.champions" GUID="tLONZrBgaE6O4ZOI7xUU+Q==" info="Drakkar Spurs Champions"/>
		<POI MapID="30" xpos="-579.973" ypos="-233.759" zpos="436.675" type="mowpp.challenge.champions" GUID="ML+sbSMrJUeRiIXNs/ej8w==" info="Undersea Ice Wurm"/>
		<POI MapID="30" xpos="-439.229" ypos="49.6904" zpos="552.775" type="mowpp.challenge.champions" GUID="/s7821+XWUW+JDvdNP986w==" info="Icebrood Atrocity"/>
		<POI MapID="30" xpos="-247.901" ypos="13.3161" zpos="-288.528" type="mowpp.challenge.champions" GUID="fV2i00uoh0KdXi8K+lKcDw==" info="Ice Drake Broodmother"/>
		<POI MapID="30" xpos="-101.837" ypos="-0.214845" zpos="-597.077" type="mowpp.challenge.champions" GUID="zRtJGkyzdEu5XQCtFWwB/g==" info="Icebrood Quaggan"/>
		<POI MapID="30" xpos="563.439" ypos="24.7955" zpos="-799.998" type="mowpp.challenge.champions" GUID="dqcIMBWGrUuiKEoUpx/K/g==" info="Blue Ooze"/>
		<POI MapID="26" xpos="104.708" ypos="89.4" zpos="181.967" type="mowpp.challenge.championslist" GUID="1EPk3l0Lx0GZHSEaKWWgBg==" info="Woooh! Frostgorge Sound was something; Let's take
a lull on this map:

1) Jotun Magekiller [Kenning Testing Ground]

2) Dredge Commissar [Tribulation Rift]

3) Ice Wurm [Steelbrachen]

After that it's Lornar's Pass you'll visit!"/>
		<POI MapID="26" xpos="100.437" ypos="89.0395" zpos="227.482" type="mowpp.challenge.champions" GUID="NGLDg3dtMkuDEYXXeKlXaA==" info="Jotun Magekiller"/>
		<POI MapID="26" xpos="-503.788" ypos="28.6482" zpos="-880.762" type="mowpp.challenge.champions" GUID="yQaRBUyq2Eyf0xJGVLLYPA==" info="Dredge Commissar"/>
		<POI MapID="26" xpos="-549.067" ypos="92.354" zpos="-164.262" type="mowpp.challenge.champions" GUID="Pkod0uls0UaSkhC349dwrA==" info="Ice Wurm"/>
		<POI MapID="27" xpos="431.833" ypos="123.127" zpos="-611.567" type="mowpp.challenge.championslist" GUID="6Yi4jQT+AkKzD+aSsmdTsw==" info="Lornar's Pass here we come! On your first passage, you'll slaugh:

1) Captain Jetsam [False Lake]

2) Frostmaw [Bouldermouth Vale]

3) Ice Wurm [Posternus Caverns]

4) Cave Troll [Posternus Caverns]

5) Optional: Ancient Creature [Frostgate Falls]

6) Steam Commander [Lake of Lamentation]

And you're going to the Bloodtide Coast!

On second passage, pay a visit to:

1) Lord Ignius the Eternal [Venison Pass]

2) Ettin [Venison Pass]

And enter Timberlane Falls, South."/>
		<POI MapID="27" xpos="-217.964" ypos="21.5759" zpos="-681.289" type="mowpp.challenge.champions" GUID="53W5VQwrm0SkQLBetTvDMg==" info="Captain Jetsam"/>
		<POI MapID="27" xpos="-393.176" ypos="65.9623" zpos="7.09101" type="mowpp.challenge.champions" GUID="bm8ND/bLbE23w/LyqxmLjQ==" info="Frostmaw"/>
		<POI MapID="27" xpos="-493.801" ypos="82.1091" zpos="622.151" type="mowpp.challenge.champions" GUID="qe8XvSt6wk6hHvgGpHAJQw==" info="Ice Wurm"/>
		<POI MapID="27" xpos="-408.85" ypos="93.4715" zpos="812.988" type="mowpp.challenge.champions" GUID="ZIA6qw3oFkKJxYdty+Thjw==" info="Cave Troll"/>
		<POI MapID="27" xpos="374.767" ypos="117.421" zpos="641.254" type="mowpp.challenge.champions" GUID="ok8cFqToQU6bEo5+YaVh3w==" info="Optional: Ancient Creature"/>
		<POI MapID="27" xpos="112.966" ypos="117.249" zpos="364.741" type="mowpp.challenge.champions" GUID="8lMRCxga2EmHyVzmY9lbRg==" info="Steam Commander"/>
		<POI MapID="27" xpos="295.522" ypos="81.9999" zpos="-1262.01" type="mowpp.challenge.champions" GUID="OBGNpXNle0yTh0jCwU+eEQ==" info="Lord Ignius the Eternal"/>
		<POI MapID="27" xpos="481.904" ypos="156.575" zpos="-1265.04" type="mowpp.challenge.champions" GUID="17fbKIrND024CF3h5dpCIQ==" info="Ettin [Venison Pass]"/>
		<POI MapID="73" xpos="175.365" ypos="6.95648" zpos="-58.9397" type="mowpp.challenge.championslist" GUID="zYCNJk+/XE6Tjv9Chu0Nzg==" info="Welcome here, Bloodtide Coast. I hope its name will not
be reinforced by your death!
You're so close from the end of your Journey throug Core Tyria!

1) Deep Sea Shark [Sorrowful Sound]

2) Champion Risen Covington Captain [Laughing Gull Island]

3) Admiral Taidha Convington (World Boss) [Laughing Gull Island]

4) Triple Trouble (World Boss) [Starts at Firthside Vigil]

5) Giant Blood Ooze [Mole's Head]

6) Canyon Spider Queen [Challdar Gorges]

7) Orrian Terror 1 [Mistarion Beach]

8) Orrian Terror 2 [Flooded Castavall]

9) Rampaging Jungle Troll [Risewild Hills]

Get back to Lornar's Pass after that!"/>
		<POI MapID="73" xpos="186.59" ypos="5.76633" zpos="-59.8632" type="mowpp.challenge.champions" GUID="f8VsYeBtI0aOYQ9Mrd2mxg==" info="Triple Trouble (World Boss)"/>
		<POI MapID="73" xpos="-332.902" ypos="-47.7974" zpos="749.903" type="mowpp.challenge.champions" GUID="4QaFL5LQDE6GGwmcBgfvFg==" info="Deep Sea Shark"/>
		<POI MapID="73" xpos="-267.857" ypos="1.45373" zpos="204.413" type="mowpp.challenge.champions" GUID="bd+jD8S/2EyfKIdo6a5M0A==" info="Champion Risen Covington Captain"/>
		<POI MapID="73" xpos="-267.755" ypos="1.06042" zpos="287.203" type="mowpp.challenge.champions" GUID="wOtJ8GN/BEC6FtWEs2Delw==" info="Admiral Taidha Convington (World Boss)"/>
		<POI MapID="73" xpos="-5.69347" ypos="65.9399" zpos="-393.469" type="mowpp.challenge.champions" GUID="JVrAhSUPl0u5IUXgcZkIMg==" info="Giant Blood Ooze"/>
		<POI MapID="73" xpos="89.0778" ypos="50.2783" zpos="-446.346" type="mowpp.challenge.champions" GUID="eBIW8WX9v0euvb6cfL49qQ==" info="Canyon Spider Queen"/>
		<POI MapID="73" xpos="320.457" ypos="0.8385" zpos="-685.238" type="mowpp.challenge.champions" GUID="gTMO2OVxkUiHvJ6TXi9FPQ==" info="Orrian Terror 1"/>
		<POI MapID="73" xpos="-79.2562" ypos="-208.583" zpos="-633.182" type="mowpp.challenge.champions" GUID="FbGNiTONfUmg3rkxwIMcEg==" info="Orrian Terror 2"/>
		<POI MapID="73" xpos="733.988" ypos="15.3652" zpos="183.389" type="mowpp.challenge.champions" GUID="PMxMAZtVl0yiIyNWb3k6kA==" info="Rampaging Jungle Troll"/>
		<POI MapID="29" xpos="-448.479" ypos="0.5" zpos="173.712" type="mowpp.challenge.championslist" GUID="S8xWNmrbWUuuh8Cq9OHnfA==" info="So? Bloodtide Coast? How was it? Nice? Great!

1) Ram [Krongar Pass]

2) Giant Destroyer Troll (Veteran) [Sector Zuhl]

3) Frainn [Guilty Tears]

4) Fleshreaver [Candle Chimney]

5) Risen Abomination [Serpent Stones]

6) Giant Shark [Nonmoa Lake]

6) Cave Troll [Tail of the Serpent]

7) Krait Witch [Nonmoa Lake]

After that, you'll visit that one map I love: Mount Maelstrom"/>
		<POI MapID="29" xpos="-587.515" ypos="57.0305" zpos="661.35" type="mowpp.challenge.champions" GUID="8Y9EsbN37U6jgUyd9qLB6Q==" info="Ram"/>
		<POI MapID="29" xpos="645.414" ypos="23.2204" zpos="979.698" type="mowpp.challenge.champions" GUID="E12kHvPC8UOV/UNyDdCiWQ==" info="Giant Destroyer Troll (Veteran)"/>
		<POI MapID="29" xpos="576.247" ypos="83.157" zpos="184.618" type="mowpp.challenge.champions" GUID="qIQHbGOLIEOW5UsadFPThQ==" info="Frainn"/>
		<POI MapID="29" xpos="-517.125" ypos="14.9159" zpos="-60.6423" type="mowpp.challenge.champions" GUID="iYRB28wudk2nB44GS0csUg==" info="Fleshreaver"/>
		<POI MapID="29" xpos="-53.9144" ypos="10.6886" zpos="-774.939" type="mowpp.challenge.champions" GUID="mczrCoAUu0aIlguwYoUSCw==" info="Risen Abomination"/>
		<POI MapID="29" xpos="378.838" ypos="-36.568" zpos="-583.205" type="mowpp.challenge.champions" GUID="MiqpiomwYk2KBRISj8OkmQ==" info="Giant Shark"/>
		<POI MapID="29" xpos="321.33" ypos="64.397" zpos="-527.857" type="mowpp.challenge.champions" GUID="KRR9WvXmIESYKHbIIQ6X/g==" info="Krait Witch"/>
		<POI MapID="29" xpos="677.896" ypos="32.3714" zpos="-559.952" type="mowpp.challenge.champions" GUID="rABOxm4NJEKT863aVBK/xA==" info="Cave Troll"/>
		<POI MapID="39" xpos="338.026" ypos="44.0194" zpos="652.546" type="mowpp.challenge.championslist" GUID="29kkeMOjvkWeiLMRgNpWSQ==" info="Hey! MOUNT MAELSTROM! You're getting closer to Orr!

1) Mark II Golem [Infinite Coil Reactor]

2) Infinity Coil Commander [Infinite Coil Reactor]

3) Golem Mark II (World Boss) [Whitland Flats]

4) Fluffy [Benthic Kelp Beds]

5) Terror-Seven Krewe Leader [Benthic Kelp Beds]

6) Krait Hypnoss [The Mire Sea]

7) Mysterious Fire Creature [Avernan Volatile]

8) Megadestroyer (World Boss) [Maelstrom's Bile]

9) Jungle Skelk Lurker [Sootberme]

I'll hopefully see you after that in Sparkfly Fen!"/>
		<POI MapID="39" xpos="682.473" ypos="6.77893" zpos="584.411" type="mowpp.challenge.champions" GUID="60jvRaG4pEKso8HpcR8UqQ==" info="Mark II Golem"/>
		<POI MapID="39" xpos="749.62" ypos="1.46196" zpos="454.991" type="mowpp.challenge.champions" GUID="gg4TZcPVQ0+QT6LtaH3sZg==" info="Infinity Coil Commander"/>
		<POI MapID="39" xpos="886.161" ypos="-27.9821" zpos="-340.655" type="mowpp.challenge.champions" GUID="ARofwa/pMkuffyxqPV1RXw==" info="Terror-Seven Krewe Leader

Fluffy"/>
		<POI MapID="39" xpos="910.546" ypos="9.45777" zpos="50.1124" type="mowpp.challenge.champions" GUID="hEBaGhLcWkyuFnUaNu1lTA==" info="Golem Mark II (World Boss)"/>
		<POI MapID="39" xpos="542.264" ypos="65.9256" zpos="-234.203" type="mowpp.challenge.champions" GUID="7NUEmTzRe0eJ1Y2/yO9UIQ==" info="Krait Hypnoss"/>
		<POI MapID="39" xpos="-245.666" ypos="131.924" zpos="-425.018" type="mowpp.challenge.champions" GUID="bLcPQdk4dUC4iexnZSisDg==" info="Mysterious Fire Creature"/>
		<POI MapID="39" xpos="-299.344" ypos="9.75646" zpos="-275.089" type="mowpp.challenge.champions" GUID="8GLZat7Ya0Si/Sesri5Dpg==" info="Megadestroyer (World Boss)"/>
		<POI MapID="39" xpos="-834.456" ypos="54.4344" zpos="16.8417" type="mowpp.challenge.champions" GUID="+kViuq2KD0OYT7ktyQXPhQ==" info="Jungle Skelk Lurker"/>
		<POI MapID="53" xpos="326.032" ypos="2.81271" zpos="-327.919" type="mowpp.challenge.championslist" GUID="ImmGML32C0mmtB3sT+ELpA==" info="Sparkfly Fen welcomes you! It's already the 20th map for you!!!
Now, enjoy the wildlife, because after that its only Devastation...

1) Jungle Troll [Thundertroll Swamp]

2) Risen Spider [Shimmerstone Cave]

3) Risen Megalodon [Ocean's Gullet]

4) Risen Lich [Orvanic Shore]

5) Risen Juggernaut [Aleem's Penance]

6) Krait Hypnoss [Wrathwave Deeps]

7) Tequatl (World Boss) [Splintered Coast]

After that, you guessed it: the Straits of Devastation."/>
		<POI MapID="53" xpos="204.816" ypos="2.17302" zpos="-502.068" type="mowpp.challenge.champions" GUID="UZKtVpkCmUOJgE1aAOQptw==" info="Jungle Troll"/>
		<POI MapID="53" xpos="477.41" ypos="66.3661" zpos="237.767" type="mowpp.challenge.champions" GUID="9gTdLjBD8k2JhIT1Vb8K3Q==" info="Risen Spider"/>
		<POI MapID="53" xpos="-230.028" ypos="-1.6442" zpos="743.023" type="mowpp.challenge.champions" GUID="hZ3vvlbdtEm5ySbgtH+wZw==" info="Risen Megalodon"/>
		<POI MapID="53" xpos="-485.367" ypos="35.1255" zpos="399.591" type="mowpp.challenge.champions" GUID="12UGnhnrY0eT7sWgxqOBPA==" info="Risen Lich"/>
		<POI MapID="53" xpos="-241.704" ypos="36.7531" zpos="-432.254" type="mowpp.challenge.champions" GUID="38kwO5kegEGzi+3D2+C/xA==" info="Risen Juggernaut"/>
		<POI MapID="53" xpos="-660.283" ypos="0.237472" zpos="-541.186" type="mowpp.challenge.champions" GUID="X93hU2tkfUe+TKiAdfxICA==" info="Krait Hypnoss"/>
		<POI MapID="53" xpos="-550.004" ypos="1.55044" zpos="-784.732" type="mowpp.challenge.champions" GUID="NoJ3TRZAj0OciFJxKczi+w==" info="Tequatl (World Boss)"/>
		<POI MapID="51" xpos="762.929" ypos="32.4433" zpos="127.289" type="mowpp.challenge.championslist" GUID="cPHtaslOnkq2K+bvCIefhA==" info="Here you are! Now straight to the Heart of Orr!
Well, we're taking some detours as you might have guessed:

-1) Risen Krait Nimross [Terzetto Bay]

0) Risen Megalodon [Terzetto Bay]

1) Risen Drake Broodmother [See of Elon]

2) Risen Hylek [Blighted Battleground]

3) Risen Abomination 1 [Waywarde Way]

4) Risen Giant [Xenarius Bayt]

5) Risen Abomination 2 [Triumph Plaza]

6) Eye of Zhaitan [Zho'qafa Catacombds]

7) Priest of Balthazar [Cathedral of Glorious Victory]

8) Risen Archmage [Elysium Beach]

9) Risen Captain [Chapel of Lady Glaive]

Next is Malchor's Leap!"/>
		<POI MapID="51" xpos="449.702" ypos="-1.05637" zpos="51.9149" type="mowpp.challenge.champions" GUID="Biapd+oAF0Gc6DIs8LS6hg==" info="Risen Megalodon"/>
		<POI MapID="51" xpos="610.37" ypos="0.601712" zpos="-298.465" type="mowpp.challenge.champions" GUID="4Fb4usr1AUiC8hatdJbCzA==" info="Risen Drake Broodmother"/>
		<POI MapID="51" xpos="130.829" ypos="14.3926" zpos="-746.61" type="mowpp.challenge.champions" GUID="xInimIX8602HTNtFHyLlfg==" info="Risen Hylek"/>
		<POI MapID="51" xpos="-636.129" ypos="116.718" zpos="-529.855" type="mowpp.challenge.champions" GUID="5vxsOHk8ZUaAZ+daPFCzZg==" info="Risen Priest of Balthazar"/>
		<POI MapID="51" xpos="97.0958" ypos="-111.543" zpos="327.291" type="mowpp.challenge.champions" GUID="DubcNFigTUKbGYuDRw3Qlg==" info="Risen Krait Nimross"/>
		<POI MapID="51" xpos="-932.632" ypos="23.6141" zpos="125.134" type="mowpp.challenge.champions" GUID="lm9nVD/dmUuqvfw5zeMLDg==" info="Risen Archmage"/>
		<POI MapID="51" xpos="-530.677" ypos="11.4676" zpos="-720.386" type="mowpp.challenge.champions" GUID="BShBOaw4vEuFSg+oetCq9w==" info="Risen Abomination"/>
		<POI MapID="51" xpos="-608.404" ypos="15.8811" zpos="-714.597" type="mowpp.challenge.champions" GUID="utWSgCAyg0iFJPj8yB96Ug==" info="Eye of Zhaitan"/>
		<POI MapID="51" xpos="-444.795" ypos="24.5293" zpos="-311.589" type="mowpp.challenge.champions" GUID="IwWqqjltx0+cYQ4dgc0RnQ==" info="Risen Giant"/>
		<POI MapID="51" xpos="-681.231" ypos="44.8441" zpos="-323.667" type="mowpp.challenge.champions" GUID="akphfvacRUS3Eo0f0ChfAw==" info="Risen Abomination 2"/>
		<POI MapID="51" xpos="-920.735" ypos="56.8348" zpos="-262.181" type="mowpp.challenge.champions" GUID="engtQ7yWe0S26tdYCSvPYQ==" info="Risen Captain"/>
		<POI MapID="65" xpos="1002.39" ypos="30.5352" zpos="-383.545" type="mowpp.challenge.championslist" GUID="KMvX3OiktE+TTuktgk2L7w==" info="Keep it up! As you saw, champions in Orr are harder to
repertoriate, since lot of events can scale and make some of
them spawn... Or not.

1) Mark II YF-Gold Golem [Pyrite Peninsula]

2) Risen Drake Broodmother [Crusted Shoals]

3) Risen Hylek Petmaster [Mirror Bay]

4) Priestess of Lyssa [Cathedral of Eternal Radiance]

5) Risen Putrifier [Blighted Arch]

6) Risen Giant [Whisper Bay]

7) Risen Wraith [Cathedral of Eternal Radiance]

Another list is at Doric Camp."/>
		<POI MapID="65" xpos="-335.625" ypos="51.5748" zpos="-445.359" type="mowpp.challenge.championslist" GUID="jYhpNwfcOUCzgZXcrPSD+Q==" info="After that, you'll go to the cursed shore!!!

1) Risen Knight [Karst Plains]

2) Risen Priestess of Dwayna [Cathedral of Zephyrs]

3) Risen Worshipper [Karst Plains]

4) Risen Vigil Tactician [Snaketail Inlet]

5) Trio of Risen Sea Monsters [Drowned Brine]

6) Mark V Golem [Jinx Isle]"/>
		<POI MapID="65" xpos="740.695" ypos="2.9859" zpos="0.21426" type="mowpp.challenge.champions" GUID="zxYN53FumUi7aYxBLKMt9A==" info="Risen Drake Broodmother"/>
		<POI MapID="65" xpos="930.299" ypos="45.2258" zpos="215.134" type="mowpp.challenge.champions" GUID="Ju/9Gsf89USx/NjNoFNNoA==" info="Mark II YF-Gold Golem"/>
		<POI MapID="65" xpos="499.189" ypos="1.83526" zpos="357.539" type="mowpp.challenge.champions" GUID="KJXtu3LAoUqBFausNNgd3g==" info="Hylek Petmaster (patrols)"/>
		<POI MapID="65" xpos="439.482" ypos="102.29" zpos="137.396" type="mowpp.challenge.champions" GUID="MOPZTP2ASEmuRQNn+petaw==" info="Priestess of Lyssa"/>
		<POI MapID="65" xpos="357.346" ypos="81.4661" zpos="244.092" type="mowpp.challenge.champions" GUID="MBMHlfmog0SyBv7IHY4dKg==" info="Risen Wraith"/>
		<POI MapID="65" xpos="65.9946" ypos="106.774" zpos="277.097" type="mowpp.challenge.champions" GUID="wUkjwfrIa0iuOokXxXmoiQ==" info="Risen Putrifier"/>
		<POI MapID="65" xpos="-242.215" ypos="115.009" zpos="-24.5537" type="mowpp.challenge.champions" GUID="syxjQpNtIEa+l0yDwgjDUA==" info="Priestess of Dwayna"/>
		<POI MapID="65" xpos="-368.895" ypos="18.6202" zpos="-329.665" type="mowpp.challenge.champions" GUID="1ixuscEh0kGgvV4dGwXcZA==" info="Risen Worshipper"/>
		<POI MapID="65" xpos="-114.697" ypos="43.2042" zpos="-410.77" type="mowpp.challenge.champions" GUID="n6euddZQdEqwO6SC37VupQ==" info="Risen Knight"/>
		<POI MapID="65" xpos="-903.651" ypos="-22.5032" zpos="-490.562" type="mowpp.challenge.champions" GUID="IjWN8j58Y0+RqNArCWdjfg==" info="Trio of Risen Sea Monsters"/>
		<POI MapID="65" xpos="-89.1895" ypos="36.8071" zpos="56.3024" type="mowpp.challenge.champions" GUID="Mj2HabXLTUqQsl7mmGsgHQ==" info="Risen Giant"/>
		<POI MapID="65" xpos="-566.551" ypos="0.709742" zpos="-383.866" type="mowpp.challenge.champions" GUID="qJqiTMhUTEewpOOPs/9LNw==" info="Risen Vigil Tactician"/>
		<POI MapID="62" xpos="79.2108" ypos="35.306" zpos="866.852" type="mowpp.challenge.championslist" GUID="ogbxAcBwIEWX+bq07gpvEA==" info="Now the last step before taking Zhaitan down!

1) Risen Archmage [Pursuit Pass]

2) Risen Abomination [Fields of Gold]

3) Risen Gladiator [Fields of Gold]

4) Risen Drake Broodmother [Winterknell Shore]

5) Risen Groundkeeper [Winterknell Isle]

6) Risen Spider-Putrifier-Plaguebearer [Penitent Path]

7) Risen Putrifier-Spider [Noose Road]

8) Priest of Melandru - Risen Gorilla-Spider [Cathedral of Verdance]

There is another list at Meddler's Summit."/>
		<POI MapID="62" xpos="-23.5256" ypos="28.9155" zpos="-88.5629" type="mowpp.challenge.championslist" GUID="mRs4bnLipUKZJZX83mrBmQ==" info="And... Second part of the list:

1) Risen Giant [Craven Blight]

2) Ooze King [Craven Blight]

3) Risen King [Azabe Qabar, the Royal Tombs]

4) Risen Spider-Wraith [Cathedral of Silence]

5) Priest of Grenth [Cathedral of Silence]

6) Risen Megalodon [Mausollus Sea]

7) Captain Rotbeard [Death's Anthem]

8) [Promenade of the Gods]"/>
		<POI MapID="62" xpos="362.913" ypos="38.999" zpos="936.024" type="mowpp.challenge.champions" GUID="Lq+u7v2Dd0aK0SMSCQQjhg==" info="Risen Archmage"/>
		<POI MapID="62" xpos="-69.6748" ypos="19.7147" zpos="925.608" type="mowpp.challenge.champions" GUID="9L3O4a8j0kK8ztpwV9X9TA==" info="Risen Abomination"/>
		<POI MapID="62" xpos="279.502" ypos="4.03798" zpos="-63.9893" type="mowpp.challenge.champions" GUID="twsCVKfClUW3u3VIux84tw==" info="Risen King"/>
		<POI MapID="62" xpos="-136.646" ypos="21.5798" zpos="-2.51351" type="mowpp.challenge.champions" GUID="rVtzQDKMkk2RC6nXB2NQww==" info="Ooze King"/>
		<POI MapID="62" xpos="-131.379" ypos="13.7303" zpos="119.802" type="mowpp.challenge.champions" GUID="bfaamlDiOUOsBo2RaO3n2g==" info="Champion Risen (patrols)"/>
		<POI MapID="62" xpos="94.1028" ypos="24.7524" zpos="348.27" type="mowpp.challenge.champions" GUID="sUf0UN43YU+/fi78P0RtVQ==" info="Priest of Melandru - Risen Gorilla-Spider"/>
		<POI MapID="62" xpos="51.7871" ypos="5.29724" zpos="452.527" type="mowpp.challenge.champions" GUID="ePcIlhz+KUKS0HKiwmSLng==" info="Risen Groundkeeper"/>
		<POI MapID="65" xpos="-813.482" ypos="-29.1424" zpos="292.789" type="mowpp.challenge.champions" GUID="oe/pLrWOb0a/p2YKvfJxdw==" info="Mark V Golem"/>
		<POI MapID="62" xpos="-197.733" ypos="5.67355" zpos="945.322" type="mowpp.challenge.champions" GUID="ESIwM8MFZ0iZzXXmHLILKw==" info="Risen Gladiator"/>
		<POI MapID="62" xpos="177.816" ypos="33.5358" zpos="674.565" type="mowpp.challenge.champions" GUID="QMcDyiNnT0+scM2pgrLkXg==" info="Risen Spider-Putrifier-Plaguebearer"/>
		<POI MapID="62" xpos="378.192" ypos="42.0798" zpos="395.756" type="mowpp.challenge.champions" GUID="ohwFcx4ENUe1Bw1jw/cjVQ==" info="Risen Spider-Putrifier"/>
		<POI MapID="62" xpos="133.628" ypos="45.7235" zpos="-390.865" type="mowpp.challenge.champions" GUID="xj4OB9v6C0GDwx146aDHJg==" info="[Promenade of the Gods]"/>
		<POI MapID="62" xpos="-459.437" ypos="35.0734" zpos="-859.136" type="mowpp.challenge.champions" GUID="KAzrvi4a5kqRhscZESjrOA==" info="Priest of Grenth"/>
		<POI MapID="62" xpos="-419.337" ypos="35.0734" zpos="-855.895" type="mowpp.challenge.champions" GUID="3KilIkw9dEOrrlpnlygv5A==" info="Risen Spider-Wraith"/>
		<POI MapID="62" xpos="318.989" ypos="-1.13402" zpos="-1077.23" type="mowpp.challenge.champions" GUID="XZqrucRAYkKy3HSisYAS/w==" info="Risen Megalodon"/>
		<POI MapID="62" xpos="272.407" ypos="4.50418" zpos="-954.856" type="mowpp.challenge.champions" GUID="fG9xJZyQE0K491tEGeHoCw==" info="Captain Rotbeard"/>
		<POI MapID="62" xpos="-345.996" ypos="8.93212" zpos="903.566" type="mowpp.challenge.champions" GUID="k4TjmCBH/0qVlY5Vj+MOfQ==" info="Risen Drake Broodmother"/>
	</POIs>
</OverlayData>
