<OverlayData>
	<POIs>
		<Trail trailData="Trails/Gendarran_Final.trl" animSpeed="0.5" alpha="1" type="mow.roads" fadeNear="500" fadeFar="1000"/>
		<POI MapID="24" xpos="-1095.73" ypos="8.63235" zpos="-442.966" type="mow.makersstart" GUID="vqP8amjoEEW0J8mjATxnaQ=="/>
		<POI MapID="24" xpos="-1095.73" ypos="8.63235" zpos="-442.966" type="mow.makers" GUID="JA2OmIz7+USVClWlOIm28A==" info="[1] Welcome on the Gendarran Fields!
I hope you like fighting Centaurs, because this is the main activity here...

Anyway, reach first Haven in front or you to start you adventure.

Next Marker near the trebuchet of first Haven."/>
		<POI MapID="24" xpos="-924.496" ypos="26.4556" zpos="-359.336" type="mow.makers" GUID="f8XdBQQ9JEOyOVvhUugHEQ==" info="[2] You are waiting in First Haven for Denton to start an excort.
While waiting you can roam the swamp south. Risens can also launch
attacks against the Haven, defend this place!

Next Marker near the fire camp at the end of Denton's Escort."/>
		<POI MapID="24" xpos="-443.97" ypos="0.389137" zpos="-346.594" type="mow.makers" GUID="uoJEvBmxN0qKNNXGwGNjvQ==" info="[3] Cross the water towards West. You will be back in the swamp.
Look for a small cavern South-East in the Swamp.

Next Marker in this cavern, by a chest. Bring some friends."/>
		<POI MapID="24" xpos="-509.558" ypos="0.0898663" zpos="-508.389" type="mow.makers" GUID="Fb3W+k8g60Kgwn00Wy01IQ==" info="[4] Ketsurak is usually roaming the area. If you did not face him
yet, know that he could be a cool challenge.

Next Marker up North in the plains at the Hero Challenge."/>
		<POI MapID="24" xpos="-684.714" ypos="12.0112" zpos="-160.462" type="mow.makers" GUID="b9UDNMTDfEyv8yVBuZ6QNg==" info="[5] After you get your Hero Point, head straight West. You will find
a mine entrance West of First Haven. Enter it

Next Marker at the Hero Challenge in the mine."/>
		<POI MapID="24" xpos="-1176.22" ypos="28.2766" zpos="-407.829" type="mow.makers" GUID="4JgefkLJOEODUkC91C4Wpw==" info="[6] Go north in the mine. Always foolow the rails.

Next Marker somewhere on the rails."/>
		<POI MapID="24" xpos="-1182.24" ypos="32.4377" zpos="-65.9486" type="mow.makers" GUID="F7wiBFR5OUiRYA08tFO7Hg==" info="[7] Go trough the tunnel East. You will get out of these caverns.

Next Marker at the ruins in front of the exit."/>
		<POI MapID="24" xpos="-977.115" ypos="7.35207" zpos="-125.201" type="mow.makers" GUID="1Jca3tp02k2Ce6XEsnSrYw==" info="[8] You can see Nebo Terrace village looking North-East. This is your goal.

A champion Bandit can appear on a hill just Souht. Help killing him
if available.

On your way you can get the Waypoint just north of here. You also want
to keep an eye out for Meta Events around you from now on.

Next Marker will be at the Vista in Nebo Terrace"/>
		<POI MapID="24" xpos="-745.985" ypos="44.1433" zpos="-8.57802" type="mow.makers" GUID="ESkQA8zsAEigeNs8kIhc+g==" info="[9] You will now get out of Nebo Terrace by the Western gate. From
There, you will be able to see yet another cave entrance
further West.

Next Marker at the entrance of this cave."/>
		<POI MapID="24" xpos="-1035.21" ypos="12.9255" zpos="103.421" type="mow.makers" GUID="IxzBF3IDnEWYidiI06MCeA==" info="[10] If you are coming from Nebo terrace, you are on tracks!

Enter this cavern. There can be an event of the Assault on Ascalon
Settlement in there. Do it if available.

Next Marker will be at Stoneguard Waypoint near the 
Northern exit of these caves."/>
		<POI MapID="24" xpos="-1154.16" ypos="9.06728" zpos="337.077" type="mow.makers" GUID="A96voBX8b0e3qhSipD1QOw==" info="[11] An ecort can start here as part of the Meta Event. The idea is to
follow this escort back to the Nebo Terrace. You can wait for it
or head straight to Nebo Terrace instead.

If you choose to wait, there is a cavern North-East where you can get
an Hero Point. If you don't wait, You'll have another chance to go 
in this cavern.

Next Marker at Nebo Terrace, by the well."/>
		<POI MapID="24" xpos="-783.73" ypos="31.8446" zpos="82.4479" type="mow.makers" GUID="guUIhXKz+0mfhShWeGJVTw==" info="[12] If this is you first time in Nebo Terrace, ignore this Marker.
Else, you can continue by going through the Northern gate of this
place. Note that an event of the Assault on Ascalon Settlement can
happen in this village.

Next Marker will be past the Northern gate in a small field hospital."/>
		<POI MapID="24" xpos="-672.123" ypos="15.8446" zpos="94.0047" type="mow.makers" GUID="HTQW9OhTy02r34DJVPn1RQ==" info="[13] Further East is a waypoint you can see, get it if you want to.

After that, head north into the Centaurs' Camp. There will be a lot of
events from the Meta to do there. Your aim is the Blood Hill Waypoint.

Next Marker at the Waypoint."/>
		<POI MapID="24" xpos="-677.679" ypos="51.2207" zpos="569.548" type="mow.makers" GUID="Kl/cqqOykkiesZyldG6paw==" info="[14] If you didn't do it already, go West and get the Hero Point in a
Cave North. After that, continue exploring the Centaurs' Camp.

Next Marker in a cavern full of bones in the Centaurs' Camp Area"/>
		<POI MapID="24" xpos="-887.38" ypos="26.6721" zpos="410.486" type="mow.makers" GUID="E3yw5l5oQkmLIPulRGvjEA==" info="[15] Ew!

Now you'll cross the Centaurs' Camp again, but straigh East.
At the Eastern end of the camp is a river. Find the hanging
bridge to cross it.

Next Marker over said Bridge."/>
		<POI MapID="24" xpos="-333.703" ypos="13.4332" zpos="339.394" type="mow.makers" GUID="QXOxcv4bKkmlrhbtbB5s/g==" info="[16] Keep going East. There are still Centaurs there. You will find a 
strange cage with huge fences. Go in there with some friends
or alone if you seek some challenge!

Next Marker within the cage, where the beast sleeps."/>
		<POI MapID="24" xpos="-116.543" ypos="0.333153" zpos="385.226" type="mow.makers" GUID="eMjVtFg3KEG+PjLQcD4m0w==" info="[17] Keep going East. Bypass the water North.

Avoid foes on your way as you will likely be overlevelled!

Next Marker at Provern Shore Waypoint. "/>
		<POI MapID="24" xpos="187.338" ypos="7.30326" zpos="502.143" type="mow.makers" GUID="IxVacdl9Jka4dIkDTd9SUw==" info="[18] Keep going East. You will soon see Vigil Keep, a huge fortress.

Next Marker on the fortress, at Vigil Keep Waypoint."/>
		<POI MapID="24" xpos="758.087" ypos="78.971" zpos="455.814" type="mow.makers" GUID="l54bM3k+vE2iRa8L0qo04g==" info="[19] Go South, yes South, on the grass covered rocks just here.

Next Marker as soon as you will be on these."/>
		<POI MapID="24" xpos="767.802" ypos="83.1225" zpos="431.422" type="mow.makers" GUID="7bR8HZId5EWyVXZOsSge9w==" info="[20] Under these rock, somewhere through the cliff is a cavern.

You can try to reach this cavern by jumping from the edge and
aiming properly.

Else, you can directly find Next Marker at the fire camp down below."/>
		<POI MapID="24" xpos="788.648" ypos="61.468" zpos="426.716" type="mow.makers" GUID="aZrM5uXffE2/0pk/Z4u2Qg==" info="[21] You can directly find Next Marker at the fire camp down below.

Also, when you'll be at the very end of this map tour remember
to explore around the end point. There will be a waterfall and an
additionnal Marker for you! :p"/>
		<POI MapID="24" xpos="754.492" ypos="26.6069" zpos="374.099" type="mow.makers" GUID="jVnwNtwx0kGaLjgVgLBYGw==" info="[22] Go through the tunnel East.

Next Marker at the Heart NPC on the other side!"/>
		<POI MapID="24" xpos="978.018" ypos="29.6085" zpos="314.862" type="mow.makers" GUID="rZd9UiViY0uqu452jazZMA==" info="[23] An event can take place in the batlle pit accross the road.
Speak to Kyrs the Bold to start it when available.

After you're done keep going West and find Next Marker
at Winter Haven Waypoint."/>
		<POI MapID="24" xpos="1142.82" ypos="68.9345" zpos="315.051" type="mow.makers" GUID="NN736hPnxEe1ezSCIKLTqg==" info="[24] You can now follow the road down South.

An escort with Engineer Dauphan can automatically start here.
I advise to wait for it. It is also possible that this escort
needs to be revived on the road further South!

Next Marker at the end of the escport at Junction Haven gate."/>
		<POI MapID="24" xpos="1073.96" ypos="74.207" zpos="-187.98" type="mow.makers" GUID="LsMTXlbbX0SmAReVf8gVbg==" info="[25] Dredge events can happen around here. I there are not
active, I advise not to wait as you will come back here
latter. 

Instead, wait for Bamm to ask for gathering components.

Next Maker will be by the Hero Challenge in the 
Janusian Cave, OR you'll find it while doing Bamm's Event."/>
		<POI MapID="24" xpos="1253.5" ypos="81.5373" zpos="-337.837" type="mow.makers" GUID="zCeSbiHhOUmxAA9TPQzOnw==" info="[25'] When you end Bamm's event, continue South on the road.

Next Marker will be at Icegate Waypoint."/>
		<POI MapID="24" xpos="1052.67" ypos="73.0778" zpos="-504.309" type="mow.makers" GUID="j//1cOVTuEiuBUzIybsR6g==" info="[26] Go over the icy bridge, and find the Vista outside the
Overlook Caverns.

Next Marker will be at the Vista."/>
		<POI MapID="24" xpos="878.532" ypos="63.5007" zpos="-372.333" type="mow.makers" GUID="33d6g7t8xEaajBRMN8Mdlw==" info="[27] You will now find Next Marker at a Giant Troll Lair back in 
the Overlook Carverns.

You can go there by turning back and exploring the caverns.

Or you can try to get up the green slope just here that goes
over the cavern. If you do so, a series of Markers will lead you."/>
		<POI MapID="24" xpos="911.671" ypos="78.6599" zpos="-343.144" type="mow.makers" GUID="Pj2VdR5BWESixBKZLfq8+A==" info="[27'] Continue on this slope until you reach the top where you'll
find another Marker."/>
		<POI MapID="24" xpos="947.276" ypos="104.107" zpos="-357.856" type="mow.makers" GUID="8s60zmng/kqDDAbY9u2SiQ==" info="[27'] Keep going North and stay on the rocks"/>
		<POI MapID="24" xpos="982.625" ypos="104.724" zpos="-352.565" type="mow.makers" GUID="JD2gWKkApUyW2tMKsbjglg==" info="[27'] Keep going North and stay on the rocks"/>
		<POI MapID="24" xpos="1005.11" ypos="102.1" zpos="-336.529" type="mow.makers" GUID="GhgoTZ5rDUeykZeu/fNuqA==" info="[27'] Keep going North and stay on the rocks"/>
		<POI MapID="24" xpos="1015.92" ypos="101.524" zpos="-320.459" type="mow.makers" GUID="nHFnnHEXy0uQWRkIfcGkjQ==" info="[27'] You can jump in that hole. Next Marker down there."/>
		<POI MapID="24" xpos="1053.73" ypos="77.7871" zpos="-307.789" type="mow.makers" GUID="R+IwnNsnVUWc0dkrdQwo8Q==" info="[28] When you exit the Overlook Caverns, you will be back at
Junction Haven.

From there, find a Dredge Mine. You might wait for the Dredge
events at the Haven to naturally hint at where the Dredges are.

Next Marker in the Dredge Mine."/>
		<POI MapID="24" xpos="980.935" ypos="45.658" zpos="-133.133" type="mow.makers" GUID="pDjtV5wucEGUSOqVEiFm5g==" info="[29] Continue Nsorth through the Mine.

Next Marker will be out of the Mine further North,
north of Vollym's Battle Pit, near an Iron Ore."/>
		<POI MapID="24" xpos="1038.77" ypos="69.1253" zpos="485.828" type="mow.makers" GUID="801u91munkeNVyv7S/GW7g==" info="[30] Continue West along the northern edge of the Map. You are going to
meet Vigil Keep again.

Next Marker at the foot of the Metallic Crane there."/>
		<POI MapID="24" xpos="886.495" ypos="101.78" zpos="473.223" type="mow.makers" GUID="Wa1q+KP0eUObCt2qnYKXDg==" info="[31] Explore Vigil Keep until you find diving goggles.

Next Marker near them."/>
		<POI MapID="24" xpos="603.939" ypos="66.7423" zpos="533.857" type="mow.makers" GUID="TFshgZcHKkeIoJmfZ8cUxQ==" info="[32] If you already explored the snow area of this map: You can dive!

You can do the Hero Challenge down there, and then head towards the Vista.

Next Marker at the Vista South-West."/>
		<POI MapID="24" xpos="485.535" ypos="45.4818" zpos="383.504" type="mow.makers" GUID="htRH6KT0L0+gdQHVjM4wpQ==" info="[33] Say good bye to the Keep, and hello to the Pirates!

Next Marker under, in Wiley's Cove, near a chest."/>
		<POI MapID="24" xpos="452.305" ypos="0.415249" zpos="348.664" type="mow.makers" GUID="zFshn66SLkGevkUaPlD4kA==" info="[34] Two choices:

1) Head out of here, and follow the side of the Lake towards South.
You will arrive at a Mansion.

2) Return to Vigil Keep and wait for a Traveling Merchant on the
Keep, near NPC Cenedra. You'll have a 30 min wait at worst. Next Marker
near Cenedra for ensuring you're waiting at the right place.


Next Marker at the Almuten Waypoint, near the Mansion."/>
		<POI MapID="24" xpos="665.089" ypos="18.252" zpos="-82.8057" type="mow.makers" GUID="XzQHVOk7NESz21Dj9jaO9w==" info="[35] Cross the Bridge West to reach Applenook Hamlet Waypoint. Where 
Next Marker will be.

Note that you will come back to this Mansion latter, but there
are a lot of events going on here. Do some of them, except 
for rescuing Miss Mipp."/>
		<POI MapID="24" xpos="731.343" ypos="66.6725" zpos="412.768" type="mow.makers" GUID="nmHp2rcJl0mT8g1e7EKSYw==" info="[34'] After having visited Wiley' Cove, you might have made the
choice to come here and wait: you're ain the right place.
A pack bull with lionguards and a traveling Merchant
will soon go (you have 30 min wait at worst).

Next Marker at the Applenook Hamlet Waypoint where their
journey ends."/>
		<POI MapID="24" xpos="375.112" ypos="11.873" zpos="-164.113" type="mow.makers" GUID="9b3QHLP5bEC9X8vF9rhgeg==" info="[36] Take some time to visit the Hamlet, get the Cornucopian
Fields Waypoint South, and get the Vista.

When you're all set, come back here and go check the house with
the straw roof accross the road. Near this house, you will find
children.

Next Marker near the children."/>
		<POI MapID="24" xpos="393.847" ypos="13.8971" zpos="-241.009" type="mow.makers" GUID="6gzgvs9avESy334oXpgRUw==" info="[37] These young people will ask you to help them find a treasure. 
Help them.

Next Marker where the event ends."/>
		<POI MapID="24" xpos="652.644" ypos="1.96855" zpos="-462.729" type="mow.makers" GUID="N1eBmh889EyxxXD2vo7xpg==" info="[38] When you're done with the event, you can explore the cliffs South.

If you are not interested by these cliffs, just head straight
to the Mansion you see North accross the water.

Next Marker at the Vista of the Mansion."/>
		<POI MapID="24" xpos="716.016" ypos="5.03038" zpos="-525" type="mow.makers" GUID="2wJr0+j3/Ua+ARsnl5oe3w==" info="[38'] Seems like these cliffs make you curious...

Well! Enjoy!"/>
		<POI MapID="24" xpos="623.949" ypos="23.8971" zpos="-555.249" type="mow.makers" GUID="cWPTbldvkECsH5a5NLxKDg==" info="[38'] If the cliffs startled you interest, I can tell this will make you super excited!"/>
		<POI MapID="24" xpos="672.327" ypos="-38.19" zpos="-607.542" type="mow.makers" GUID="5kntcmxvuU6DaJ4/BK+HUQ==" info="[38'] Did you open the chest?
Can't you read sign?"/>
		<POI MapID="24" xpos="469.919" ypos="4.59485" zpos="-604.573" type="mow.makers" GUID="T2jiYzZXfEetoBlkoWv+Og==" info="[38'] Hey, not bad! Well done!

Don't forget after you're at the end of this puzzle, Next Marker
will be at the Visit on the Mansion North and accross the water."/>
		<POI MapID="24" xpos="516.439" ypos="23.5803" zpos="-573.697" type="mow.makers" GUID="c4aTF8pML0an3xsNCiusMQ==" info="[38'] Shake Shook Shaken
''You walk straight ahead, straight ahead
That was your last call
You walk straight ahead, straight ahead
Right into the wall''"/>
		<POI MapID="24" xpos="574.239" ypos="40.048" zpos="-563.895" type="mow.makers" GUID="Cw7gl6tjEEO0TgfmbRSKXw==" info="[38'] Don't forget after you're at the end of this puzzle, Next Marker
will be at the Visit on the Mansion North and accross the water."/>
		<POI MapID="24" xpos="692.1" ypos="27.6127" zpos="-552.333" type="mow.makers" GUID="q9aKIHkGmUqYKmfHpg+jjQ==" info="[38'] Next Marker
will be at the Visit on the Mansion North and accross the water."/>
		<POI MapID="24" xpos="661.811" ypos="44.7976" zpos="-133.818" type="mow.makers" GUID="vyYgUTJFFk6qrYqvduQaxg==" info="[39] If you are here but have not visited Applenook Hamlet yet...
just ignore that marker.

Else, you can take some time to do the events here. You can especially
find spider eggs and smash them, just to see what that does.

If you manage to fail the Stop pirates raiding the mansion event,
you will be offered to rescue Miss Mipp, do it! You'll have the Next
Marker at the end of this event especially for you.

Else, Next Marker will be North West on an island in the middle of 
Lake, at Brigantine Waypoint."/>
		<POI MapID="24" xpos="248.199" ypos="1.27247" zpos="151.387" type="mow.makers" GUID="GHgOe4K/rUO4kYmbpJ8hrQ==" info="[39'] Such a white knight! Miss Mipp will now be safe.

Next Marker is North on this island at Brigantine Waypoint."/>
		<POI MapID="24" xpos="232.549" ypos="2.37065" zpos="250.44" type="mow.makers" GUID="qVbVMkLWnUi3INAmUxycfg==" info="[40] Make a loop to the beach on the other side of the lake north, and
check if the event where Pirates steal artefacts is active in
this area, if do do it.

After that, come back and head up-hill South, to reach the Vista."/>
		<POI MapID="24" xpos="114.45" ypos="23.7885" zpos="86.4364" type="mow.makers" GUID="yOuy2a2R80yf5tClyGAbXQ==" info="[41] Stay on top of this hill, and find the Diving Goggles."/>
		<POI MapID="24" xpos="119.164" ypos="29.7337" zpos="161.291" type="mow.makers" GUID="9Pp5bBFREkum/dtEso7TCw==" info="[42] Don't forget to get the vista first.

Use the Diving Goggle and go back in the pirate camp by swiming
underneath this hill.

Next Marker will be at the Hero Challenge South-East on this archipelago."/>
		<POI MapID="24" xpos="254.832" ypos="7.78777" zpos="31.5723" type="mow.makers" GUID="VbS3LtBwRkaaNMXAWwTDfw==" info="[43] Swim West then South to reach the South-West corner of Lake
Gendarr.

Next Marker will be at Oogooth Waypoint."/>
		<POI MapID="24" xpos="-106.002" ypos="-32.686" zpos="-111.188" type="mow.makers" GUID="Stm+nwUBI0q4B7TyI+v/sw==" info="[44] Swim through the Quaggan village, and further South.

Next Marker on your way."/>
		<POI MapID="24" xpos="-343.108" ypos="-25.4759" zpos="-317.95" type="mow.makers" GUID="5Ty3aT2h9Eyg12DZNjb6LA==" info="[45] After you are out out this tunnel, surface and head
North.

Your aim is the Ascalon Settlement, it is a big village,
you can't miss it.

Next Marker will be at the settlement, near the Tomb
of the Unknown Soldier."/>
		<POI MapID="24" xpos="-361.34" ypos="56.4974" zpos="126.559" type="mow.makers" GUID="YcRocrFM80mczVNfY5oPFw==" info="[46] If you're doing a MoW challenge, take a minute to think about all 
these toons who did not make it to the end of their quest.
Maybe will you be luckier.

You can now leave the Ascalon Settlement and find Next Marker
North-East at Northfields Waypoint, on the shore of Lake Gendarr."/>
		<POI MapID="24" xpos="-18.571" ypos="1.72512" zpos="214.977" type="mow.makers" GUID="hQucOgS+EkSlmWSjxjaHLg==" info="[47] Now, it's straight North. You will find ruins.

Next marker at the bottom of these ruins."/>
		<POI MapID="24" xpos="41.3762" ypos="-0.12993" zpos="585.742" type="mow.makers" GUID="peZkJrWR+0Okc2yTjmyD4A==" info="[48] After you use the Mysterious Rock to get out, Head a bit 
North-West. There, you'll get the vista.

Next Marker by the Vista, near the campfire."/>
		<POI MapID="24" xpos="-202.414" ypos="25.3257" zpos="556.198" type="mow.makers" GUID="0KJ2TAgZRUOEgPYKKDKRnA==" info="[49] This the end of your tour on this map!

I hope you're not bored of fighting Centaurs!
Because next map might be the Harathi Hinterlands...

Maybe you remember you could look for something near this place?
If not, maybe return to Vigil Keep and find that hardly reachable
cavern in the cliffs...

-You can contact me In-Game under 'Euste Ylhes.1095' [EU server]"/>
		<POI MapID="24" xpos="-238.067" ypos="16.0256" zpos="617.785" type="mow.makers" GUID="MYUB4uSttU+K1Cr4cDDkoQ==" info="[50] Wooo! Well done!

Almost exactly south from here, at the opposite side of the map
is the Broadhollow Waypoint.

Next Marker at this Waypoint."/>
		<POI MapID="24" xpos="-141.203" ypos="4.81765" zpos="-425.567" type="mow.makers" GUID="GlgnS+8ME0+XxI1NuJSuDA==" info="[50'] If you are here but you did not end the tour... You must ignore 
this Marker.

Else, continue South-East, and find the point of interest.

Next Marker there."/>
		<POI MapID="24" xpos="-69.2739" ypos="41.6897" zpos="-595.684" type="mow.makers" GUID="C/OiFT6ud0aR2Y4gwFG3PA==" info="[50'] Maybe could you use these things?"/>
		<POI MapID="24" xpos="-63.4955" ypos="57.9982" zpos="-604.588" type="mow.makers" GUID="0B5zSFrBcEaA3hpoKdJZmw==" info="[50'] Easy, rigth? Keep going!"/>
		<POI MapID="24" xpos="-120.424" ypos="83.8578" zpos="-600.339" type="mow.makers" GUID="6YqxyUHXHU2NqSaVwHhbQQ==" info="[50'] I promise it does not end here."/>
		<POI MapID="24" xpos="-156.592" ypos="70.624" zpos="-581.146" type="mow.makers" GUID="fOcFPmPi006TkKSxUtccew==" info="[50'] Seems you're good at it!"/>
		<POI MapID="24" xpos="-229.932" ypos="72.0514" zpos="-552.003" type="mow.makers" GUID="W0r5nSxeCUSokMR5XVfT4Q==" info="[50'] I mean, yea. That's a good start."/>
		<POI MapID="24" xpos="-305.06" ypos="37.6664" zpos="-453.855" type="mow.makers" GUID="SWdkt+fZM0ynJGL+UgS86A==" info="[50'] If you want to get out of here, you can walk in the blue
technological spiral there.

But, as I said, this was only warm-up"/>
		<POI MapID="24" xpos="-307.557" ypos="53.8196" zpos="-422.618" type="mow.makers" GUID="M5F8azJkFEGAsV5pCg/d1A==" info="[50'] Did you manage to jump over these pipes in one go?"/>
	</POIs>
</OverlayData>