<OverlayData>
	<POIs>
		<Trail trailData="Trails/Kessex_Final.trl" animSpeed="0.5" alpha="1" type="mow.roads" fadeNear="500" fadeFar="1000"/>


		<POI MapID="23" xpos="616.715" ypos="38.2322" zpos="508.201" type="mow.makersstart" GUID="g2SuR/b9+EicN8g6uGG2lg=="/>
		<POI MapID="23" xpos="616.715" ypos="38.2322" zpos="508.201" type="mow.makers" GUID="DhApqWtmxkCu8d5vG1oCEw==" info="[1] Welcome on this new map tour for Kessex Hills!
I hope you are enjoying your journey so far!
Start here by exploring the bandit camp just North-East.
The next marker will be somewhere on a suspension bridge."/>
		<POI MapID="23" xpos="722.449" ypos="56.5886" zpos="533.634" type="mow.makers" GUID="FO/+KbGHO0CYuVZfH+75BQ==" info="[2] That's a good start! But, this map will offer you some
harder foes, I promise. For the next point, head
south-east to Black Haven. Next marker at the Vista there."/>
		<POI MapID="23" xpos="936.376" ypos="84.1003" zpos="290.503" type="mow.makers" GUID="xtB2Q4Y4QU+j+4LQ6RjHcg==" info="[3] Before you leave to the next marker, meet the two
Lionguards Thetan and Morris at the entrance of the Haven.
They will go on a patrol, follow them.

After that, rest a moment in front of the Haven and 
speak to the Cavaran Guard to launch an escort.

Next marker at the repairs NPC at the end of the escort."/>
		<POI MapID="23" xpos="438.936" ypos="51.3912" zpos="94.1535" type="mow.makers" GUID="lOwORqdqR02gZT/E1BF9Ow==" info="[4] At the entrance of this Haven, will be Antonius.
Follow him when he goes away.
Next marker at the next Haven, near the Waypoint."/>
		<POI MapID="23" xpos="359.99" ypos="67.5006" zpos="-338.243" type="mow.makers" GUID="lKdXLtfVfUuHs/CKPa6YIA==" info="[5] You will now head back north, towards the Heart NPC.
Next Marker in an Ettin cavern, just north-east."/>
		<POI MapID="23" xpos="558.153" ypos="102.396" zpos="-178.325" type="mow.makers" GUID="iOtOLJlAkUuyUffLCQEVyA==" info="[6] There is a complete event chain here that ends by killing
an Ettin chieftain.
After that, next marker is at the Vista just North."/>
		<POI MapID="23" xpos="505.788" ypos="107.936" zpos="-55.1196" type="mow.makers" GUID="Wp3q0b7fh0O1+U6dmmOlAw==" info="[7] See this strange structure north in the distance?
Well that's where you find the next marker,
On a woodeen platform."/>
		<POI MapID="23" xpos="636.627" ypos="73.177" zpos="302.883" type="mow.makers" GUID="IYyuwb/zjkKKpLBBinb3nw==" info="[8] In the vast area that you are going to roam next,
the Meta event Battle for the Northeast Kessex Hills
happens. I advise to keep an eye out for it. And
to do events as they show up.

For next marker cross the battle fields in front of you toward North-West.
The marker will be in a cavern that is part of the Meta: Cavernhold Camp.
Near some Silver Ore."/>
		<POI MapID="23" xpos="205.145" ypos="93.2189" zpos="584.048" type="mow.makers" GUID="GiZjdAhS7kyZ7cXeZzRNNw==" info="[9] After you get out of the cavern, Head south on
a grass slope. You will get to a village named Quarryside.
It is also part of the Meta Event.
Next point is at the second floor of a house there.

If you find a spider event, be careful."/>
		<POI MapID="23" xpos="174.193" ypos="66.2237" zpos="106.764" type="mow.makers" GUID="WC8V8JJoG0apxHnvupo3/Q==" info="[10] Without forgetting to get the vista in the quarry, continue your run
south. There will be a  fishermen village.

Next marker will be even further South,
Under a Krait structure in the middle of the water."/>
		<POI MapID="23" xpos="125.791" ypos="-46.6419" zpos="-336.408" type="mow.makers" GUID="ms7Pis1kpk6G7Y27/53NAg==" info="[11] These Obelisk are part of Krait's Religion.
You might learn more about it on your journey on Tyria.
They apparently do a lot of sacrificing around here.

You better head to the next Marker quickly!
You'll find it by swimming to the island Norht-West, near a Gummo Sapling.

"/>
		<POI MapID="23" xpos="-4.00563" ypos="5.89469" zpos="-115.328" type="mow.makers" GUID="icSTY3vRF02/UliHN6NfFQ==" info="[12] Kessex Hills is a very peculiar map as it has been
modified several times since launch. This luminescent creatures that you see
are the result of a long story which I keep for another day.

THERE IS A POINT OF INTEREST ON THIS ISLAND, BUT NOW
IS NOT TIME TO FIND IT, WE WILL COME BACK LATTER.

Just swim in the water towards the [Viathan Waypoint] north-west."/>
		<POI MapID="23" xpos="-194.765" ypos="2.11498" zpos="40.2051" type="mow.makers" GUID="fBd515oX/0GXGC6+E8Lohg==" info="[13] Follow the path East to get to the tree at the top of the hill 
you see just above you.If there is a spider Event, be careful.
Next marker near Supply Crates, it might be protected by Temvay,
one of the numerous bandits of these lands."/>
		<POI MapID="23" xpos="-142.68" ypos="88.5557" zpos="165.313" type="mow.makers" GUID="Pzc9nZMnsUyfscdC+0kt9g==" info="[14] Continue north. There will be a Centaur camp.
Next maker in the largest tent there."/>
		<POI MapID="23" xpos="-154.193" ypos="46.6795" zpos="355.356" type="mow.makers" GUID="58EmVwR2fUC6I+3xvOvahQ==" info="[15] Get out of this camp by the Eastern gate.
Then head north following the trail.
At the crossroads, look at the cliffs and find at small cave.
Next marker in there."/>
		<POI MapID="23" xpos="-174.419" ypos="59.0699" zpos="53" type="mow.makers" GUID="wPfJdw9iwEC7Mx2/g9oh9Q==" info="[16] When you get out of here, go East.
You will meet the [Gap Waypoint].
When you are at this Waypoint. Just head north
in yet another cave to find the next maker."/>
		<POI MapID="23" xpos="51.1266" ypos="44.6295" zpos="491.171" type="mow.makers" GUID="u7IVSuWInkeTkIFCy6PqOg==" info="[17] Keep going, next point at the bottom of this cavern."/>
		<POI MapID="23" xpos="-32.8052" ypos="43.7675" zpos="552.916" type="mow.makers" GUID="9EQSQyp9DEaY0mOdW7R+aQ==" info="[18] You are now going back to Black Haven. You can use the
Delanian Waypoint.

Once there, head North in the swamp area and find a Graveyard and Hammon, its keeper."/>
		<POI MapID="23" xpos="995.596" ypos="2.32582" zpos="561.582" type="mow.makers" GUID="tzPd2pIw5UefaNkst5gSjA==" info="[19] Wait for Hammon and speak to him!
After that, you can check around the Hero point just East.
An event will take place in this area involving Merchants.
Save the Merchants and do the full event chain.
Next marker at the bottom of the cave where the event ends."/>
		<POI MapID="23" xpos="1153.98" ypos="0.0529111" zpos="552.884" type="mow.makers" GUID="hBFh27w8J0CkcfE6l4QelA==" info="[19'] This is not the next marker. It is just a Marker to tell you that
the event involving Merchants that you are waiting for happens a
little bit south of here. Still in the swamp, under the bridge."/>
		<POI MapID="23" xpos="1151.05" ypos="0.487489" zpos="300.175" type="mow.makers" GUID="IXV7t9eN+EmR83eTZlTy2A==" info="[20] After you get out of this cavern, cross the Delanian Foothills
towards West. When you meet water, follow it to the south.
You have a long way until you reach a waterfall."/>
		<POI MapID="23" xpos="830.763" ypos="-0.680729" zpos="-144.823" type="mow.makers" GUID="lI8RomINeUmni6k67Y6nIg==" info="[21] If you look up, you can see an
Entrance to a cave on the left of the waterfall.
Next Marker is there, near a Rich Iron Vein."/>
		<POI MapID="23" xpos="760.154" ypos="20.6511" zpos="-293.422" type="mow.makers" GUID="rcp49d/2z0Snrz3mMc706A==" info="[22] You can get out of this cave using another way.
Back at the foot of the waterfall find a way to reach  the Vista on the waterfall."/>
		<POI MapID="23" xpos="815.567" ypos="48.9261" zpos="-208.932" type="mow.makers" GUID="K/3kI06mn0yMQMmlY/KVeA==" info="[23] Get to the top of the waterfall and unlock Cereboth Waypoint.
After that, go back to Overlake Waypoint and wait for a Pack Bull escort at its gate.
Lionguard's Melid will tell you when the event is ready to launch.

Next Marker at the end of the escort.

If you don't want to wait, just follow the road south of the haven. You will naturally find the next marker.
"/>
		<POI MapID="23" xpos="-2.47894" ypos="36.1772" zpos="-514.26" type="mow.makers" GUID="3uReqX5XOkKuGvarFCchpQ==" info="[24] Finish the escort and unlock Ireko Tradecamp Waypoint.
Then come back here.
You already went on the Island norht-west of Viathan's Arm.
There is a point of interest there. Time to find it.
The next marker it at the point of interest."/>
		<POI MapID="23" xpos="-147.846" ypos="-50.1566" zpos="-87.8866" type="mow.makers" GUID="1ZWlL5n1a0eLn0te5xIOrw==" info="[25] By Balthazar! What did take you so long?
You can now go back to Ireko Tradecamp and find
a Sylvari settlement South-West of it.
Next marker is by the Heart NPC there."/>
		<POI MapID="23" xpos="-811.307" ypos="27.2354" zpos="-571.122" type="mow.makers" GUID="6t2oLk5l2kaw18hyWKCYpQ==" info="[26] You can wait for an event to defend the village.

After that, head straight north to the other end of the map.
You will find Fort Salma.
Next point on a bridge there.

Do not stop on your way to Fort Salma."/>
		<POI MapID="23" xpos="-913.253" ypos="94.7903" zpos="467.211" type="mow.makers" GUID="jIXTfNYT8E+Iw/3TQQ9RSw==" info="[27] Just north-west on the grass, you can find an
event involving another bandit: Ruye the Crimson.
Next marker near the Supply Crates there."/>
		<POI MapID="23" xpos="-1052.82" ypos="92.1711" zpos="546.323" type="mow.makers" GUID="N6ndK7UIdEuAqZjAzrLxkg==" info="[28] The next segment is all about the Battle for Fort
Salma Meta event. You will want to keep
an eye out for the events of this Meta.

Next point is South of Wallwatcher Camp,
At the top of a Hill."/>
		<POI MapID="23" xpos="-1000.02" ypos="74.175" zpos="135.317" type="mow.makers" GUID="VkcWB2xMeku1DxIBoM9Idg==" info="[29] The centaur camp you see in front of you, down
the hill is where the Meta event ends.
This is also where you will find the next Marker.
In the largest tent."/>
		<POI MapID="23" xpos="-1105.3" ypos="42.2796" zpos="20.7576" type="mow.makers" GUID="mFFG45KyaUCjfVDa1rHHKA==" info="[30] Head South and find the hero challenge
in a small cave.
Next marker by the hero challenge."/>
		<POI MapID="23" xpos="-1002.18" ypos="22.7401" zpos="-347.998" type="mow.makers" GUID="UNyNhRn7LE+50u8P/MPfxA==" info="[31] Continue South, and you will be back the the swamp with
the Sylvari village. There, wait for the risen kraits event 
and do it.
Next marker in the swamp at the foot of a tree."/>
		<POI MapID="23" xpos="-1062.21" ypos="7.44848" zpos="-466.651" type="mow.makers" GUID="LmFeLRYkmkua+VQsh8P78A==" info="[32] Go East and a bit north to find some humans bandits
who have settled among ruins.
Next maker will be under a collapsed dome there."/>
		<POI MapID="23" xpos="-554.356" ypos="9.70456" zpos="-291.173" type="mow.makers" GUID="TL7ZkLhQuEKwbm4y7TS3XA==" info="[33] There is an event chain here that ends by fighting
a golem. You can wait for it.

After that go back to Ireko Tradecamp and find 
A Quaggan NPC named Gatherer Flipdroop. 

Gather friends and go where he tells. You might
have to wait a little before the event starts."/>
		<POI MapID="23" xpos="-385.772" ypos="4.47151" zpos="-413.911" type="mow.makers" GUID="Tw9cmSaGu0yrUn6JCytJyA==" info="[34] If you are waiting for Gatherer Flipdroop, help him
gathering people by advertising for Krait Blood Witch in the '/map' chat.
After that go where he tells when the event starts.
(Speak to him often to know.)

Next maker in the Krait Blood Witch lair."/>
		<POI MapID="23" xpos="-416.52" ypos="-124.226" zpos="-173.181" type="mow.makers" GUID="H/mW/LdVQk2aALbXPNvCow==" info="[35] to Cereboth Waypoint (West).
And find a hole in the ground south of it."/>
		<POI MapID="23" xpos="862.354" ypos="55.8017" zpos="-346.534" type="mow.makers" GUID="L1Di0xr4JUO6IGOinBjDog==" info="[36] A yound lady can be lost in that cave. Help her if so.

Else, or after, find the other Maker in these tunnels."/>
		<POI MapID="23" xpos="797.015" ypos="31.296" zpos="-452.564" type="mow.makers" GUID="swWB7vB0zkS8vAL+m1sJGg==" info="[37] There is an event to defeat the destroyer Harpy here.

After that, you can come back the Cereboth Waypoint
And follow the river South to find the next Marker."/>
		<POI MapID="23" xpos="866.17" ypos="113.119" zpos="-542.271" type="mow.makers" GUID="hVYKEnQHtkKQPN5vE9oUmA==" info="[38] If you did not visit a cave full of lava already,
this is not the way to go.

Else, try to complete this puzzle. If you fail, don't worry,
You will get to the end anyway.
Next marker at the exit of this cave."/>
		<POI MapID="23" xpos="952.299" ypos="76.0234" zpos="-596.689" type="mow.makers" GUID="RqLa3KQ0okiUkm1/AYlM7w==" info="[38'] Honestly? I did not think you could make it.

For final marker find your way out."/>
		<POI MapID="23" xpos="917.014" ypos="47.7834" zpos="-602.121" type="mow.makers" GUID="y5tHFvOpmkiiVqE6xuKg+w==" info="[38'] Either you manage to end the jumping, but you are
not managing to find the exit. It's very disappointing.

Or you didn't manage to jump. No comment. 

Just find your wait out and the next marker will be there."/>
		<POI MapID="23" xpos="1041.99" ypos="92.3145" zpos="-526.191" type="mow.makers" GUID="l7lH8tRPIUGKE444Qru+oQ==" info="[39] Next Marker in the town of Isgarren.
Don't forget to check the view before you
jump down to the town."/>
		<POI MapID="23" xpos="1136.46" ypos="54.8066" zpos="-309.593" type="mow.makers" GUID="GYIO9SUu3UmSVygnGBLqNg==" info="[40] When you leave the town, go left at the top of these stairs.
Follow the hollow passage up north-west and try
to find the cavern of a Giant.
Next market in there."/>
		<POI MapID="23" xpos="1007.19" ypos="82.6122" zpos="-318.057" type="mow.makers" GUID="X18oTBfFV0uniIoixNO+SQ==" info="[40'] Did you know Ettins are not giants?
Are you one of those who didn't manage to complete the jumping puzzle?
Get back on track! The cavern of the Giant is further north."/>
		<POI MapID="23" xpos="971.219" ypos="50.5826" zpos="22.9276" type="mow.makers" GUID="dsWbXpVSQESaSpV1A3wGGw==" info="[41] Yay!
There is an event here to discover Gort's Treasure.
It is ran very often and might be done already...

You can get out of the cave by the Eastern exit, just there."/>
		<POI MapID="23" xpos="1074.48" ypos="33.7567" zpos="47.1618" type="mow.makers" GUID="YbbVc35+6UqpQVxLm2dztA==" info="[42] Follow the trail South and look for graves."/>
		<POI MapID="23" xpos="1239.96" ypos="45.6762" zpos="-68.1002" type="mow.makers" GUID="lArWIdpF+Uq7wjsr/4ChFQ==" info="[43] Congrats!
Here is the end of this map tour.
If you are a human player on your levelling adventure, you
can go back to Black Haven and head East to the Gendarran Fields.

You might have  remarked that you didn't see the whole map
in this tour. This is because some parts of the map tells a story
that is about Living World Season 1. Even if you actually did
see a portion of it, this will be a story for another time.

-You can contact me In-Game under 'Euste Ylhes.1095' [EU server]"/>
	</POIs>
</OverlayData>