<OverlayData>
	<POIs>
			<POI MapID="39" xpos="-74.4066" ypos="14.5983" zpos="721.862" type="mow.makersstart" GUID="1gGlHxN+T0yQAymlH4bV0w=="/>
		<POI MapID="39" xpos="-74.4066" ypos="14.5983" zpos="721.862" type="mow.makers" GUID="mOdrq2mqvkKNKZly3E6vAQ=="/>
		<POI MapID="39" xpos="-177.623" ypos="5.37988" zpos="692.453" type="mow.makers" GUID="arr7Nv/+MUGztZNmWyBIlg=="/>
		<POI MapID="39" xpos="-177.177" ypos="14.2086" zpos="574.46" type="mow.makers" GUID="6M+Mi/EuO0SRgmK1ufhvqA=="/>
		<POI MapID="39" xpos="-389.102" ypos="0.768806" zpos="465.04" type="mow.makers" GUID="ljfDGOoVPEmQ+blJDsqlQA=="/>
		<POI MapID="39" xpos="-421.111" ypos="51.6572" zpos="568.586" type="mow.makers" GUID="3XSMJdw/x0uFME5DZ2AWHg=="/>
		<POI MapID="39" xpos="-595.098" ypos="88.0961" zpos="547.343" type="mow.makers" GUID="U5As7hdX6E+BIMSS49a/Gg=="/>
		<POI MapID="39" xpos="-814.307" ypos="59.9125" zpos="586.596" type="mow.makers" GUID="rbvr+8zq7UCOiC+dFZ3lMg=="/>
		<POI MapID="39" xpos="-1076.94" ypos="37.4866" zpos="560.39" type="mow.makers" GUID="Yf3s2Wm1bEWM4OfTn+3Jjg=="/>
		<POI MapID="39" xpos="-1056.48" ypos="61.098" zpos="222.809" type="mow.makers" GUID="c1xOyQAmc0iGCJ9wr/E1Xw=="/>
		<POI MapID="39" xpos="-999.254" ypos="51.9433" zpos="96.5543" type="mow.makers" GUID="Ma6yezvLSE+WyXDHN8hGoQ=="/>
		<POI MapID="39" xpos="-950.88" ypos="57.3228" zpos="42.2016" type="mow.makers" GUID="Zbygel0u8Umn6ebENmzRtw=="/>
		<POI MapID="39" xpos="-886.393" ypos="57.6065" zpos="63.4524" type="mow.makers" GUID="W5GGpOUflUmAEmmz+IFZzA=="/>
		<POI MapID="39" xpos="-739.93" ypos="53.3603" zpos="49.39" type="mow.makers" GUID="VBdckyR9yUqXqGZTX6Lh2A=="/>
		<POI MapID="39" xpos="-725.678" ypos="59.8632" zpos="-198.036" type="mow.makers" GUID="1nfP1xT5N0qZhRdEYprC7w=="/>
		<POI MapID="39" xpos="-813.487" ypos="34.524" zpos="-377.089" type="mow.makers" GUID="VfWfXN06EEm+dShRA5vX8w=="/>
		<POI MapID="39" xpos="-1056.02" ypos="41.1012" zpos="-388.458" type="mow.makers" GUID="25KWfZyq+UWP2mmoo6Fndg=="/>
		<POI MapID="39" xpos="-969.566" ypos="0.771051" zpos="-407.672" type="mow.makers" GUID="QvbrHCKlpUqjllivUfPxWQ=="/>
		<POI MapID="39" xpos="-1016.16" ypos="16.6333" zpos="-0.795825" type="mow.makers" GUID="Tmd559gp1E+YICsUHhpl5g=="/>
		<POI MapID="39" xpos="-965.115" ypos="18.1595" zpos="133.848" type="mow.makers" GUID="8OoaJ+fLckWRdPGVBH2N/w=="/>
		<POI MapID="39" xpos="-923.556" ypos="66.8328" zpos="222.294" type="mow.makers" GUID="3vrMX7DUKk6H8NNZouMrAg=="/>
		<POI MapID="39" xpos="-903.992" ypos="73.0491" zpos="362.909" type="mow.makers" GUID="f0z5lRpbgUeBQs7Z61QjYg==" info="Criterion Waypoint"/>
		<POI MapID="39" xpos="-931.052" ypos="137.979" zpos="464.198" type="mow.makers" GUID="DSyH439EDEafbqzUM1rUQw==" info="So. I can't make you climb all the way up there and give you nothing...
Here is something for you then: there is a small hole in the cliffs
exactly North of [Govoran Waypoint]!"/>
		<POI MapID="39" xpos="-99.5947" ypos="78.1427" zpos="12.1035" type="mow.makers" GUID="SKvnI/7i8kqsNm/lcC1EEg=="/>
		<POI MapID="39" xpos="-115.633" ypos="61.3593" zpos="130.891" type="mow.makers" GUID="LDVtvnpm/k+eZE+BcAi+IQ=="/>
		<POI MapID="39" xpos="-346.643" ypos="230.468" zpos="-108.927" type="mow.makers" GUID="2KoIL9xN20i3vuUEGVfCtw=="/>
		<POI MapID="39" xpos="-88.779" ypos="51.8902" zpos="-248.306" type="mow.makers" GUID="KnvAocKVJEO8BnN4i1fWHw=="/>
		<POI MapID="39" xpos="-164.737" ypos="16.5931" zpos="-445.606" type="mow.makers" GUID="YTTFkMoYvUeU8/gysTvhew=="/>
		<POI MapID="39" xpos="-167.151" ypos="16.6443" zpos="-576.377" type="mow.makers" GUID="0NEYABemaEi8yVhLfom9BA=="/>
		<POI MapID="39" xpos="-168.139" ypos="73.4387" zpos="-608.912" type="mow.makers" GUID="eRaJVpxnAUCNCdfT1nQgxQ=="/>
		<POI MapID="39" xpos="-436.121" ypos="90.8434" zpos="-518.11" type="mow.makers" GUID="9bjuL7rJ2kmFohzyxv9fDQ=="/>
		<POI MapID="39" xpos="-16.6507" ypos="77.4712" zpos="-313.96" type="mow.makers" GUID="DhP3pkUUpEuK0Y6cCRlS+A=="/>
		<POI MapID="39" xpos="-100.168" ypos="76.8317" zpos="-303.827" type="mow.makers" GUID="n371Con5aUGGDMeOmPLaHA=="/>
		<POI MapID="39" xpos="-244.364" ypos="132.082" zpos="-427.7" type="mow.makers" GUID="MSeK+1T7xkGQcFvbeR7c+g=="/>
		<POI MapID="39" xpos="-460.031" ypos="90.8208" zpos="-478.982" type="mow.makers" GUID="6qzIXQ+b1EGV/jbZA/p7OA=="/>
		<POI MapID="39" xpos="-390.549" ypos="83.9446" zpos="-584.701" type="mow.makers" GUID="kTdxVptemUS8laJA5bKUSQ=="/>
		<POI MapID="39" xpos="-322.185" ypos="22.8565" zpos="-581.265" type="mow.makers" GUID="XEK1rurFYE2CeuZkyUU1iw=="/>
		<POI MapID="39" xpos="-306.096" ypos="10.1266" zpos="-289.125" type="mow.makers" GUID="//2DtYYAvkGZMjptGrFxaA=="/>
		<POI MapID="39" xpos="-425.159" ypos="52.1465" zpos="-117.03" type="mow.makers" GUID="suI2yQL/6kipdnCIqVnxLA=="/>
		<POI MapID="39" xpos="-466.148" ypos="71.6836" zpos="90.9169" type="mow.makers" GUID="H4BQ02ghGEamJYEoLJhd2Q=="/>
		<POI MapID="39" xpos="-390.45" ypos="70.807" zpos="202.801" type="mow.makers" GUID="kZucN9G+Oka61sGx5Iz9vQ=="/>
		<POI MapID="39" xpos="-198.569" ypos="62.549" zpos="303.422" type="mow.makers" GUID="htwd93hGI0yVjEr2jY4TRw=="/>
		<POI MapID="39" xpos="-6.03711" ypos="-0.42567" zpos="312.845" type="mow.makers" GUID="GrBnCZBG60OkRsyzbV/AkQ=="/>
		<POI MapID="39" xpos="178.502" ypos="5.92409" zpos="203.357" type="mow.makers" GUID="WQbxxz0xGkCq06Nr8pv1tQ=="/>
		<POI MapID="39" xpos="190.674" ypos="3.68713" zpos="35.1374" type="mow.makers" GUID="CBNwRGriy026vcs6ShfIxA=="/>
		<POI MapID="39" xpos="216.356" ypos="38.036" zpos="-160.257" type="mow.makers" GUID="PNI5ms7Fqk+Frgxws8HNrg=="/>
		<POI MapID="39" xpos="111.837" ypos="6.67588" zpos="-409.093" type="mow.makers" GUID="YlH7k+/wyU2ZI3AkhR3NGA=="/>
		<POI MapID="39" xpos="-0.927342" ypos="62.1483" zpos="-205.839" type="mow.makers" GUID="A4mXdjI5JEajcwFwx/2eWw=="/>
		<POI MapID="39" xpos="650.822" ypos="22.2866" zpos="-474.989" type="mow.makers" GUID="+6in5cwtbkW20g3CPk4+Tw=="/>
		<POI MapID="39" xpos="721.234" ypos="58.8274" zpos="-663.826" type="mow.makers" GUID="YvhJ7blTu0mjtizN8AsyGw=="/>
		<POI MapID="39" xpos="505.122" ypos="12.5477" zpos="-559.609" type="mow.makers" GUID="8RQYyKb4mUW/8uu2QX3txQ=="/>
		<POI MapID="39" xpos="440.335" ypos="17.1123" zpos="-352.613" type="mow.makers" GUID="m03lc0zU00e9hDPdQ8/8Ew=="/>
		<POI MapID="39" xpos="239.438" ypos="-57.1208" zpos="-392.898" type="mow.makers" GUID="3HMVmBVft0eAWTTpxYu3vw=="/>
		<POI MapID="39" xpos="553.04" ypos="65.1515" zpos="-237.957" type="mow.makers" GUID="htqbd4trkU2B7yvPCt4FFg=="/>
		<POI MapID="39" xpos="607.056" ypos="-52.6232" zpos="35.6816" type="mow.makers" GUID="nIZddyBo5kamWX6EgLZIww=="/>
		<POI MapID="39" xpos="267.235" ypos="0.506406" zpos="295.133" type="mow.makers" GUID="XYFZ+TcHEU2I2b+TN0nfGw=="/>
		<POI MapID="39" xpos="120.166" ypos="55.2118" zpos="382.85" type="mow.makers" GUID="gry5jUiP50yhR4QMbU6qRw=="/>
		<POI MapID="39" xpos="82.9774" ypos="27.7359" zpos="670.339" type="mow.makers" GUID="TvjUd1L+E0O+7s55KuxCAw=="/>
		<POI MapID="39" xpos="302.546" ypos="55.6092" zpos="661.709" type="mow.makers" GUID="iA6/FqzYrE2QhkCDFBbahQ=="/>
		<POI MapID="39" xpos="764.972" ypos="11.8018" zpos="443.646" type="mow.makers" GUID="zLkZBU6jHk2wEUfNfU6fLQ=="/>
		<POI MapID="39" xpos="768.272" ypos="15.9463" zpos="242.43" type="mow.makers" GUID="CuYOtnmiUkSQF6uUkb6bEg=="/>
		<POI MapID="39" xpos="773.259" ypos="11.5145" zpos="207.421" type="mow.makers" GUID="+vX3Bd3BxEKpOG/dnED//w=="/>
		<POI MapID="39" xpos="1134.7" ypos="3.42538" zpos="37.4606" type="mow.makers" GUID="cUAWwlDhCEKUYuUvdN0XqQ=="/>
		<POI MapID="39" xpos="913.946" ypos="15.3447" zpos="-178.122" type="mow.makers" GUID="B88730DXfUqeYpKiDkvzMg=="/>
		<POI MapID="39" xpos="817.421" ypos="34.1784" zpos="-235.549" type="mow.makers" GUID="4+SQvgwiWUG+Dst3zslYaw=="/>
		<POI MapID="39" xpos="889.252" ypos="-27.5804" zpos="-366.136" type="mow.makers" GUID="beW+evonXUOQdvYqv6sSzA=="/>
		<POI MapID="39" xpos="1060.06" ypos="1.03049" zpos="-610.396" type="mow.makers" GUID="8GtYEGXwRE+CyMuUUTGDWA=="/>
		<POI MapID="39" xpos="1015.02" ypos="22.3444" zpos="423.429" type="mow.makers" GUID="R9wKy26x5UyaTD5odWf1aA==" copy="Use the Portal of Wind" info="Portal of Light (JP-Light)

When you reenter this zone by this Portal, get the Light element and keep
it in your inventory.

Then get out using the Portal of Wind."/>
		<POI MapID="39" xpos="1099.81" ypos="0.75612" zpos="345.565" type="mow.makers" GUID="3NL8VdTpb0ypa/jyt0OAPw==" info="Portal at the falls (JP-Water)"/>
		<POI MapID="39" xpos="1031.02" ypos="25.4402" zpos="582.281" type="mow.makers" GUID="ANJPsGXAokG4q/eU3a5LGg==" info="Portal of Wind (JP-Wind)

When you re-enter this zone by this portal, get the Wind element and you
should be all set to open the chest!"/>
		<POI MapID="39" xpos="1154.98" ypos="17.5652" zpos="577.969" type="mow.makers" GUID="ZIzEeRsCeUqvb+rG3Fwf5A==" copy="Use the Portal of Light" info="Portal of Earth (JP-Earth)

The idea of this place is to gather 4 elements to open the chest.
This time, you will get the earth element, keep it in your inventory
until the end of this map tour.

Then find the Light portal, to continue."/>
		<POI MapID="39" xpos="-841.634" ypos="49.4016" zpos="321.616" type="mow.makers" GUID="6//PtAFOxEqHCz3kHWsIXg==" info="Kill the Earth Keeper and enter the portal that will open then."/>
	</POIs>
</OverlayData>
