<OverlayData>
	<POIs>
		<Trail trailData="Trails/Queensdale_Final.trl" animSpeed="0.5" alpha="1" type="mow.roads" fadeNear="500" fadeFar="1000"/>
		<POI MapID="15" xpos="-426.946" ypos="34.0088" zpos="439.849" type="mow.makersstart"/>
		<POI MapID="15" xpos="-426.946" ypos="34.0088" zpos="439.849" type="mow.makers" GUID="CB200ID5N0Oo1rRhh+qcmA==" info="[1] Welcome on this Queensdale map tour!
To get started, cross the bridge in front
and head towards the windmill.

Next Marker near the Heart NPC by the windmill."/>
		<POI MapID="15" xpos="-706.786" ypos="22.046" zpos="355.29" type="mow.makers" GUID="9l+OKX16ZE6G9SxSUWNbpg==" info="[2] Here two events can trigger do them.

Visit the inside of the windmill while you are at it,
next Marker is near one of its doors."/>
		<POI MapID="15" xpos="-803.086" ypos="46.1658" zpos="413.477" type="mow.makers" GUID="8YA09wZQnkGbI7q2UlfneA==" info="[3] There is a lady threaten by a bear just under the tree 
on the hill north of the windmill... Want to help?
In anycase, head to the Orchard north in the distance.

Next Marker near the waypoint."/>
		<POI MapID="15" xpos="-938.06" ypos="13.7764" zpos="488.158" type="mow.makers" GUID="dnVhFjjEkEyTVA1nuj45ig==" info="[4] Wait for the spiders event to be active.
Complete the heart thanks to it!
Then go North towards the dam.

Next Marker on top of thestairs on the other side of
this Orchard."/>
		<POI MapID="15" xpos="-939.892" ypos="14.2596" zpos="623.218" type="mow.makers" GUID="YZA3ayBg1EyFTTfwP2n/qA==" info="[5] Travel to the dam, grab the vista, and walk along
the river. You may find several events there involving
harpies, elementals or a drake broodmother. Do them if
they are active. Complete both the fisher's and foreman's
hearts!

Find the next Marker where the drake are nesting."/>
		<POI MapID="15" xpos="-671.741" ypos="0.182259" zpos="515.724" type="mow.makers" GUID="i5n18BqUbECyg4ida0J3Lg==" info="[6] Go back to Shaemoor up the green slope.
Find the cave with children on your way!

This is where is next Marker too."/>
		<POI MapID="15" xpos="-537.465" ypos="42.1197" zpos="532.435" type="mow.makers" GUID="RZM1Yosagk+CI015ZizoGA==" info="[7] Leave the cave, then cross the bridge again,
then take a turn left to the pumping station.

You will find a Marker on the trail towards
the pumping station."/>
		<POI MapID="15" xpos="-639.133" ypos="27.8561" zpos="296.849" type="mow.makers" GUID="yzRU2fCtq0W825IVZwRL0g==" info="[8] Follow the trail to the pumping station.
Once up there, go on your right (West) and
go down the hill to find a big house with bandits.

Explore the house, and find a secret passage.
Next marker after you find the passage."/>
		<POI MapID="15" xpos="-765.579" ypos="17.8486" zpos="109.698" type="mow.makers" GUID="AtS8qII0ZU2f9V8qj5ydnQ==" info="[9] Get the vista, there is also sometimes an event here.
Then go on."/>
		<POI MapID="15" xpos="-820.22" ypos="17.5113" zpos="75.7399" type="mow.makers" GUID="kX731hQ6eUmPvYb2SYTXxw==" info="[10] Climb the wooden slope in front of you, then try to
globally run on your right (North)."/>
		<POI MapID="15" xpos="-939.108" ypos="24.7974" zpos="159.3" type="mow.makers" GUID="uzZANY5Oy0OhJ/Eo4jiceA==" info="[11] Get out of this cave by the passage right in front of you"/>
		<POI MapID="15" xpos="-956.543" ypos="25.3692" zpos="251.918" type="mow.makers" GUID="a7rreUCjT0eGThmpCfEPpg==" info="[12] If you are trying to enter the cave... Wrong way!

Else, if you are on your way out, go on.
Pass Mepi's Ranch. An event can happen there.
Then continue, but make a turn-about on your
left before getting back to the Orchar.There
are some houses and behind them a trail going up.

Next Maker there."/>
		<POI MapID="15" xpos="-1064.79" ypos="38.9327" zpos="310.949" type="mow.makers" GUID="hhTcGhMxXEO6/iYWsJcoyQ==" info="[13] Follow this trail (Pinion trail) until the next point.
Learn to fight Ettins on your way!"/>
		<POI MapID="15" xpos="-972.133" ypos="71.8594" zpos="-198.316" type="mow.makers" GUID="g3WHEC88/UieBJcTHWCviA==" info="[14] Still alive? That was a triumph!
Now go down the Pinion trail by the zigzag road
and get both the vista and waypoint.

Next marker at waypoint."/>
		<POI MapID="15" xpos="-860.158" ypos="20.8506" zpos="-235.845" type="mow.makers" GUID="NSWQfS/H7kiJeYpZTyZjbA==" info="[15] Walk along the cliffs South West and find a cavern with a warning sign."/>
		<POI MapID="15" xpos="-927.672" ypos="19.7195" zpos="-313.41" type="mow.makers" GUID="FB7codQ5c0mMgMinM9e1lQ==" info="[16] There should be a lot of grubs here, you might want
to kill them before facing the veteran troll.

Do not do the collect event, you will come back latter for it.
If the veteran Troll event is not active, just pick up the
Embedded Troll Runestone in the cave to make it spawn.
Considering your current level, you might want bringing an ally,
although it can be done alone if you know what you are doing.

Next Marker in the cavern."/>
		<POI MapID="15" xpos="-1010.56" ypos="20.2935" zpos="-299.663" type="mow.makers" GUID="Wx8A+utohE+p9qI5Jwqgkw==" info="[17] Quit the cave this way (North)"/>
		<POI MapID="15" xpos="-889.196" ypos="32.6228" zpos="-126.336" type="mow.makers" GUID="96ynnLPOMUWg7G9DxgGX1w==" info="[18] If you are trying to get in, this is not the intended way.
Else, go forward and find Bar Curtis Ranch point of interest.

Next Marker at the interactible door there."/>
		<POI MapID="15" xpos="-776.554" ypos="14.3302" zpos="-222.896" type="mow.makers" GUID="C9F3Y3s7/0i5+0p/QJNvDA==" info="[19] There is an hero challenge a bit north.
In any case, just go north east along the cliffs.

Next Maker in the grass at crossing waypoint
near the wooden watchtower which is perhaps visible
in the distance East."/>
		<POI MapID="15" xpos="-534.43" ypos="4.3867" zpos="-134.301" fadeFar="1500" type="mow.makers" GUID="xQBTAe2HCEin6M7ypwL43g==" info="[20] If the Altar Brook Crossing event is active,
or if there is not wooden watchtower around,
you may want to help defending or rebuilt the tower.
(look around, there might be a fortified camp
in the distance to go and find help!)

You will have another chance to do this event chain.

In any case, after that and from here, go north,
there is a green slope leading you back to the pumping station"/>
		<POI MapID="15" xpos="-581.941" ypos="69.0612" zpos="70.8781" type="mow.makers" GUID="GjdVG2p8/US1/PBp+1kFmA==" info="[21] You are now back to Dalin's Pumping Station.
You might have a chance to catch a new event here!
Get the vista while you're at it."/>
		<POI MapID="15" xpos="-517.854" ypos="68.1232" zpos="199.202" type="mow.makers" GUID="tZ7ZVLZSZUKqI8J8pDrAOQ==" info="[22] If you have already defeated a Troll, (or you pretend you have)
then go down where this pipe you stand on is also going. (don't jump!)

If you did not fight a Troll... remember that you are on a quest to
find a bandit house just north-west."/>
		<POI MapID="15" xpos="-478.262" ypos="1.02683" zpos="227.717" type="mow.makers" GUID="Fzhuw22T4Ea6HTqgJTT+sQ==" info="[23] Did you jump?
Anyway, follow the river towards East.

Next Marker is between three trees."/>
		<POI MapID="15" xpos="-314.2" ypos="2.04012" zpos="246.566" type="mow.makers" GUID="n/mA6vZYDUGSal7pvijmGQ==" info="[24] Continue in the water to Bypass Shaemoor Garrison by south 
(Just pass under the bridge you see right in front).
After that, you will walk on a green slope towards Ojon's Lumbermill"/>
		<POI MapID="15" xpos="-87.9618" ypos="3.26092" zpos="264.08" type="mow.makers" GUID="HMmbBN8eKU6eb8R5jxArUA==" info="[25] The green slope indeed.
After you're up, keep going straight ahead.
You will find the Lumbermill.
The next point will be there, next to the heart NPC."/>
		<POI MapID="15" xpos="109.718" ypos="5.11466" zpos="346.301" type="mow.makers" GUID="z9HlWcctF0On0+2ZkoDnpw==" info="[26] There is a skritt cave near the Lumbermill.
Do the skritts event chain here and help Mikhart destroy the skritt cave.
STAY IN THE CAVE while the NPCs runs away."/>
		<POI MapID="15" xpos="83.5628" ypos="13.6897" zpos="223.028" type="mow.makers" GUID="+bu5SWX1GE+2xgn17yZaRw==" info="[27] STAY ON THIS SIDE OF THE CAVE when the NPC runs away.
After that, find your way out, to the south of the cave."/>
		<POI MapID="15" xpos="13.0201" ypos="43.2663" zpos="205.338" type="mow.makers" GUID="vWvwoKUVVU+2haVh2j1DRw==" info="[28] The ruin on your left hosts 
an hero challenge that you might want to do."/>
		<POI MapID="15" xpos="49.851" ypos="61.4207" zpos="171.387" type="mow.makers" GUID="/QFF/mghekuU3lFWu9f2Gg==" info="[29] Just go back to the Lumbermill.

The next point is under a tree, next to the high building in the Lumbermill"/>
		<POI MapID="15" xpos="216.227" ypos="0.794742" zpos="367.156" type="mow.makers" GUID="jS/EBNcXc0eO7P5g61tPeg==" info="[30] You can do heart completion here while waiting for the Queen Wasp,
or carry on with your adventure by hiking through the forest
until you find the Hunting Lodge.

The next point will be in the stables of the hunting lodge."/>
		<POI MapID="15" xpos="520.622" ypos="37.8587" zpos="427.668" type="mow.makers" GUID="LE8kCF21gUaBcWAro1J/Pw==" info="[31] Wait for the Giant Boar event while doing heart completion.
Then head north-west towards the Eastern Divinity Dam.

The next point is by a weeping willow, and visible from far away."/>
		<POI MapID="15" xpos="379.742" ypos="0.859217" zpos="627.371" type="mow.makers" GUID="K5wy/6JwTkmB9DSrVTRpXQ==" fadeNear="4000" fadeFar="5000" info="[32] If you have not find the Hunter Lodge yet, go find it!
Else, perhaps will you be lucky enough to find a bandit leader accross the river.
Do not attempt to kill him on your own.
Try map chat if nobody seems to come around.

After that, swim west, the next point is on the wooden platform
in the middle of the water."/>
		<POI MapID="15" xpos="279.039" ypos="0.399778" zpos="675.675" type="mow.makers" GUID="Im+fUosHrUGpuyF3huulpA==" info="[33] Continue swiming west.
When you'll get to the land and pay attention to the foot of the cliff.
You want to find a door guarded by bandits and enter this."/>
		<POI MapID="15" xpos="20.7223" ypos="2.08951" zpos="640.627" type="mow.makers" GUID="xpqNo57120qne/S2p1kF2g==" info="[34] Rampage then steal valuables in the Splendid Chest.
Depending on your current level, this can be a bit of a challenge.
Get out of the Burrow by the upper entrance,
and meet some new players that are trying to find their way in..."/>
		<POI MapID="15" xpos="-86.3935" ypos="58.1142" zpos="588.958" type="mow.makers" GUID="2/NJyjvxSkqnLQztb2X01w==" info="[35] You are now in a cemetery. It is a good time to learn about... Time.
Type '/time' in your chat and find out the current time in Tyria.
A full 24h in game is equivalent to 2h in real world.
Day is from 6:00 to 20:00, and night from 21:00 to 5:00.
Intervals are for Dusk and Dawn. One hour in Tyrian time is 5 minutes real world.
If you are there in the day and do not mind waiting for a bit,
find and speak to the Priest of Grenth in the Cemetery,
then wait for night to come and do the Lady in White event.

Next point is by the entrance of the cemetary."/>
		<POI MapID="15" xpos="-219.051" ypos="48.1981" zpos="523.681" type="mow.makers" GUID="qxQw88hYZ0K0YK9sS/MqZQ==" info="[36] Go down to the Shaemoor Garrison!
(where you did your first steps in the game as a human)
The next point will be by the vista in the Garrison."/>
		<POI MapID="15" xpos="-168.145" ypos="44.278" zpos="287.551" type="mow.makers" GUID="e0SOFAf1+EO9ClTuCBR0uA==" info="[37] If you can get the Barthol event, good for you!
Else, get the hero challenge in front of you.
Then find Scaver Waypoint of bit forward.
After that, you will be near a camp with a wooden walls that is on an island.
Go there."/>
		<POI MapID="15" xpos="-200.202" ypos="6.20945" zpos="-8.37533" type="mow.makers" GUID="vA+KXexroECyC8qQ3gbLvg==" info="[38] Two events can trigger there.
I advise to wait for one or the other.
The first is the one you may already have done when you first went by Altar Brook Crossing, involving Centaurs.
The other is an escort to Claypool which is where you are heading.

In any case, just follow the road South-West. Next point at Claypool!"/>
		<POI MapID="15" xpos="-592.385" ypos="29.3964" zpos="-362.385" type="mow.makers" GUID="Gl5lofqQwEefbb5oYy3XSQ==" info="[39] Get the waypoint,
then go throught the field towards the lake South-West.
You will find Duran Brother's Docks there, and the next point too!"/>
		<POI MapID="15" xpos="-786.636" ypos="1.16767" zpos="-497.964" type="mow.makers" GUID="awDq9Qbuqku9Wt0sV7OABQ==" info="[40] Ensure you have underwater weapons ahead of doing the following -you gain them as reward from reaching level 8.
You can speak to Ine and volunteer for collecting grub remains,
collect them and come back with her at the docks.
A veteran Barracuda will spawn, kill it.

Go to downtown Claypool after that."/>
		<POI MapID="15" xpos="-564.845" ypos="33.2394" zpos="-453.518" type="mow.makers" GUID="AfNvuG/gPU+v/rH5ZLRJng==" info="[41] If you have beaten the Baracuta, then it's all good.
Else, go to the lake south-west and talk to Ine.

The next point will be on the city walls."/>
		<POI MapID="15" xpos="-450.276" ypos="48.6043" zpos="-453.302" type="mow.makers" GUID="3HjOFQZjNU6F1Qm04l65nQ==" info="[42] Now you want to look at the timer for Behemoth on wiki using '/wiki timer' in chat.
Depending on how much time you have, you will want to adapt your pace.
If there is only a few minutes before Behemoth, then go straight ahead.
You will find a huge tree in a clearing with Veteran Oakhearts. That's where you wait.

There will be a pink marker there, that you could see from far away.
Else, if you got time, come back into Claypool and look for a passage
at the Orchard in the southern part of the town."/>
		<POI MapID="15" xpos="-446.1" ypos="35.73" zpos="-569.003" type="mow.makers" GUID="bwxVv0ymh0ejwYO8HhN+rA==" info="[43] Go through this tunnel"/>
		<POI MapID="15" xpos="-349.239" ypos="34.5524" zpos="-519.253" type="mow.makers" GUID="0SVcBM4tE0u4aW2O4PThPg==" info="[44] Keep going forward and take a turn right as soon as you can
to enter Heartwood Pass camp and get the waypoint"/>
		<POI MapID="15" xpos="-190.036" ypos="25.7339" zpos="-478.225" type="mow.makers" GUID="GzWLLr1fKU+s8qmWTX08vw==" info="[45] Do the event chain here at Heartwood Camp and get the waypoint.
After that, quit this place the same way you came in and go down the trail to the heart NPC."/>
		<POI MapID="15" xpos="-209.701" ypos="6.80944" zpos="-346.481" type="mow.makers" GUID="ZYVAsvfm6kWXdx8X1c1m8Q==" info="[46] Head a bit north to the clearing.
You should already see a big tree with red leaves in the distance.
This is where you are heading."/>
		<POI MapID="15" xpos="-107.565" ypos="2.49938" zpos="-244.034" type="mow.makers" GUID="re6GVFQYSE6lD8KOV/uf+A==" info="[42'][47] So this is where you wait for the world boss. 
While waiting, you can do the Corrupted Veteran Oakheart event.
You can also visit the Ettin cave which contains a lot of copper ores and a veteran.
If there is still time to pass, go towards Altar Brook Trading and do the scales eggs event.

The pink marker will tell you more about the World Boss Event."/>
		<POI MapID="15" xpos="-66.6626" ypos="4.57224" zpos="-219.315" type="mow.makerswaypoint" GUID="xAWqwW2flEapqm8Oi0nsGA==" fadeNear="4000" fadeFar="5000" info="[42'][47] You want to be chilling and spawning emotes at here five minutes before the Behemoth Timer.
Gather some people as portals from the underworld will spawn.
Destroy these portals and kill the creatures that went through.
When done, everybody will most likely go east using badass mounts that you don't own (yet).

Don't mind those cavalier people, and just wait for another portal to spawn.
You will be able to interact with this last portal to TELEPORT straight to the right place."/>
		<POI MapID="15" xpos="208.828" ypos="-0.242079" zpos="-402.695" type="mow.makerswaypoint" GUID="qqHGuxky0UW4XwEq+rC1Vg==" fadeNear="4000" fadeFar="5000" info="[48] Have fun with Behemoth.
You will most likely be underleveled so stay where most people are and do not flit around.
After the world boss, grab the point of interest and vista,
then head north-east to the Eldvin Monastery. 
NEXT POINT WILL BE NEXT TO THE SCOUTT IN THE MONESTARY!
If you leaved Claypool in a rush to come here, maybe come back there to gain some level
before heading to the monastery."/>
		<POI MapID="15" xpos="412.142" ypos="48.9985" zpos="59.3607" type="mow.makers" GUID="F8+M1Fiq2EWjnW8hC1QtTw==" info="[49] You come from the Behemot, and have completed Claypool.
Now get the waypoint and the vista as well as Kappa's Corral point of interest (north of the vista).
Two escort events, from which you want to do either one or the other, start in this area.

1) The Moa's one starts by herding the pygmy moas in the pen after speaking to Moa Trainer Kappa.

2) The carnival caravan starts directly after interacting with Charice.
I would personnally prefer the Moa's one if available 
as it involves the Moas dancing in Beetletun at the end if you follow the NPC!"/>
		<POI MapID="15" xpos="500.622" ypos="35.0495" zpos="238.246" type="mow.makers" GUID="GU2JwS8/bEu2e8vjuQOQ1A==" info="[49'] You are doing an escort.

Next point will be in Beetletun. Near the waypoint."/>
		<POI MapID="15" xpos="368.606" ypos="38.28" zpos="222.971" type="mow.makers" GUID="gjY9YRrek0uqcLq0MfXsXQ==" info="[49'] This is where the Moa's Trainer spawn to start the escort."/>
		<POI MapID="15" xpos="407.665" ypos="32.4032" zpos="277.718" type="mow.makers" GUID="9Z2EIIyQrUCJXHaSAdMQzQ==" info="[49'] You are doing an escort.

Next point will be in Beetletun. Near the waypoint."/>
		<POI MapID="15" xpos="950.905" ypos="20.8513" zpos="541.899" type="mow.makers" GUID="eaO9eYfOpUysVKqviDuAaA==" info="[50] You can leave by the west entrance openning on a small lake.
If you did the Moa escort, find the pipe in the lake and enter it.
Else, if you escorted Charice make a detour back at the Hunter Lodge
before using the trail back towards Beetletun.

In any case, go South of Beetletun in a camp to get the [Tunwatch Redoubt Waypoint]"/>
		<POI MapID="15" xpos="781.664" ypos="29.8192" zpos="98.2369" type="mow.makers" GUID="g4q5buoHz0iikkpBp7UiFg==" info="[51] From here, continue further South East towards Salma Heath.
There is a centaur camp there, with the next point.
In this last corner of the meta, keep an eye out for the Meta Event,
of the Battle for Beetletun and do the respective events."/>
		<POI MapID="15" xpos="992.897" ypos="74.9648" zpos="-148.063" type="mow.makers" GUID="VoAapdOGO0Kn7wJyI2sttQ==" info="[52] Now get out of the camp by the southern entrance.
Then follow the trail and try to find a caver."/>
		<POI MapID="15" xpos="887.637" ypos="71.8198" zpos="-375.703" type="mow.makers" GUID="ynelp2jeTkGFe1DLDkHo/w==" info="[53] Continue looking for the cavern..."/>
		<POI MapID="15" xpos="1000.83" ypos="66.462" zpos="-435.487" type="mow.makers" GUID="5kGkpI7dpU6NeZd3K8HoZQ==" info="[54] I guess you finally found it.
Now find you way out. 
You might try to be smarter than this NPC though."/>
		<POI MapID="15" xpos="1069.05" ypos="50.3772" zpos="-591.64" type="mow.makers" GUID="Gk7TL4VxhUO9uDlA6McCbg==" info="[55] Keep going!"/>
		<POI MapID="15" xpos="1053.02" ypos="41.519" zpos="-651.784" type="mow.makers" GUID="Hhjc5OlvsUejK+RbYvvNLg==" info="[56] Open that chest and find a way out.
Don't turn back."/>
		<POI MapID="15" xpos="1015.38" ypos="70.3688" zpos="-640.228" type="mow.makers" GUID="567PkQ6rM0iY0CffHlUwkw==" info="[57] Alright!
After you're out, get the hero challenge,
then run along the southern cliffs and find a door to Bonegrinder's Gully."/>
		<POI MapID="15" xpos="699.968" ypos="56.5796" zpos="-578.532" type="mow.makers" GUID="YnezXgV78ku6MHJSWFYvvA==" info="[58] This is the door.
You have to use an emote to open it!

Next point is at the heart NPC just north."/>
		<POI MapID="15" xpos="752.974" ypos="52.9777" zpos="-458.76" type="mow.makers" GUID="Ypwv1JRBTUq7LueAHWt+bA==" info="[59] Go north, you'll find a scout, Delilah 
(You can ask her about the region, but don't ask her 'why why why Delilah'. She does not know.)
After that head further north, there is yet another Centaur Camp on top of a hill.

Next point will be in a tent in the camp, next to a chest!"/>
		<POI MapID="15" xpos="749.245" ypos="92.0195" zpos="-164.349" type="mow.makers" GUID="kLZ2HDbf1kiPfWIPXtaDpQ==" info="[60] When you get out of the tent, go left.
There is a centaur stair to go down the hill."/>
		<POI MapID="15" xpos="719.029" ypos="67.2699" zpos="-103.711" type="mow.makers" GUID="0jlVSOizs0GJkZTXISgOSA==" info="[61] The next point is in a camp just north.
Head towards the monastery, and go on your right as soon as you see 
a kind of a hollow passage. Next point is in the camp."/>
		<POI MapID="15" xpos="670.984" ypos="44.143" zpos="22.6209" type="mow.makers" GUID="Iviora35ZEmjUzY+ukFWpA==" info="[62] Now go back to Eldvin Monastery.
You will check if there if a brew shipment to escort 
near the southern gate of the monastery.
Else, just do the events invovling Centaurs and Kegs of ale at the Monastery,
they chain into the shipment.

There will be no other point until you reach
the end of the escort of the brew shipment."/>
		<POI MapID="15" xpos="339.76" ypos="6.27707" zpos="-619.12" type="mow.makers" GUID="W4qA7O2vmU6dKMQPZo4Sng==" info="[63] Here you are at the end of your adventure in Queensdale!
Next on the list might be Kessex Hills?
See you there!
-You can contact me In-Game under 'Euste Ylhes.1095' [EU server]"/>

	</POIs>
</OverlayData>