<OverlayData>
	<POIs>
		<Trail trailData="Trails/Snowden_Final.trl" animSpeed="0.5" alpha="1" type="mow.roads" fadeNear="500" fadeFar="1000"/>


		<POI MapID="31" xpos="1144.79" ypos="56.627" zpos="402.661" type="mow.makersstart" GUID="r9mxUrkw6UyLE25VueqmnA=="/>
		<POI MapID="31" xpos="1144.79" ypos="56.627" zpos="402.661" type="mow.makers" GUID="sptIcO4dg0KSCxVKel0Brg==" info="[1] Hello and welcome to this Snowden Drifts map tour!
I hope you took warm clothes!
Now. I know you think we are going to that haven... But, you're wrong.

Head north and find next marker at a dead-end,
Near an Aspen Sapling."/>
		<POI MapID="31" xpos="1047.55" ypos="76.1529" zpos="518.921" type="mow.makers" GUID="KYZFyipJ+0+L1rYoWKcfng==" info="[2] Hunt the Black Moa in this approximate area. Can be a bit South, a bit East,...
After that yea...
Next Marker at Highpass Haven, up the Walls!"/>
		<POI MapID="31" xpos="1146.89" ypos="74.0937" zpos="373.074" type="mow.makers" GUID="HMudMqnF1UO1mZGip+Hhkw==" info="[3] You are now going to follow the road West.

At the crossroad, choose the detour.
Next Maker at Snowhawk Waypoint."/>
		<POI MapID="31" xpos="729.607" ypos="55.3884" zpos="66.7122" type="mow.makers" GUID="vXjEogcU9UGFh/6VYMnSKw==" info="[4] You are now going North-West to the heart NPC named Bulsa.
Speak to the scout in this camp to get better direction about where
is this heart NPC.

Next maker near her."/>
		<POI MapID="31" xpos="536.056" ypos="52.7196" zpos="106.891" type="mow.makers" GUID="obVTPFJvTE6CFqHt8KJF+w==" info="[5] Foo! Here Quaggan could require your help.
Help Quaggans and find Next Marker at the end of the
event chain. Foooo!"/>
		<POI MapID="31" xpos="307.747" ypos="2.2119" zpos="-185.883" type="mow.makers" GUID="0wGPScgKmkOaDWGg3HOQgw==" info="[6] Woo! You did well! 
Now, look West. Do you see that stone bridge?
You will find next marker there."/>
		<POI MapID="31" xpos="203.365" ypos="24.5074" zpos="-176.424" type="mow.makers" GUID="1EWoWWihFkebghLafUJlbQ==" info="[7] Follow the trail towards North-East.
Next Marker will naturally appear."/>
		<POI MapID="31" xpos="293.679" ypos="32.7665" zpos="-48.8277" type="mow.makers" GUID="IDIVYzSppE6SFd88zqqU3A==" info="[8] If there is nobody there, just wait.
Else Varren should already have yelled at you!
Don't worry, he's a good guy. I mean. I think.

Next Marker will reveal naturally while doing the event."/>
		<POI MapID="31" xpos="511.635" ypos="38.1305" zpos="-41.1289" type="mow.makers" GUID="V39Bc+PKS0CbMEWn2wu7rw==" info="[9] After you're back at Snowhawk landing, get on the trail south.

You will find Next Marker at the bottom of a polar bear's
cavern."/>
		<POI MapID="31" xpos="731.25" ypos="36.7204" zpos="-99.9447" type="mow.makers" GUID="HridckR3Fk2BnrT/wefuig==" info="[10] When you get out of here, continue South-West.
You will go down a slope towards the Walslake.

The next Marker is near a Norn Familly."/>
		<POI MapID="31" xpos="502.008" ypos="2.54845" zpos="-314.477" type="mow.makers" GUID="Y2fG845NhEWidHPVJ2XAvw==" info="[11] Speak to them if you are curious.

After that, continue South-West to the Kodan Village.
Next marker in the village. On a bridge."/>
		<POI MapID="31" xpos="269.683" ypos="64.8265" zpos="-524.803" type="mow.makers" GUID="LW0yxynFF0SgGRh+d+Ve0A==" info="[12] In this vast area of Vaslake and the Village takes place the
Kodan Claw Meta Event. If you are levelling it will be hard.
But keep an eye out for it!

Next Marker in a small cave where you'll also find the Voice
of this village."/>
		<POI MapID="31" xpos="493.969" ypos="51.6216" zpos="-413.836" type="mow.makers" GUID="GwSli+m05UCWD2xaMPeN0w==" info="[13] Continue further East until you find a Sons of Svanir's Settlement.

Next Marker at the front of their homestead's door."/>
		<POI MapID="31" xpos="685.448" ypos="58.9434" zpos="-317.963" type="mow.makers" GUID="RmEGzA/ihUqxV2M7vyYwng==" info="[14] Continue further East and find Reaver's Waypoint."/>
		<POI MapID="31" xpos="914.739" ypos="90.3164" zpos="-255.709" type="mow.makers" GUID="KReF6fRGw0qxWurEI0E2ng==" info="[15] You should see a great building in the distance
South-East.
That's your destination. Event to defend it can happen!

Next marker there, by the Hero Challenge."/>
		<POI MapID="31" xpos="1111.48" ypos="112.634" zpos="-505.859" type="mow.makers" GUID="/rzvAmmp00Srqp+BU0zgRA==" info="[16] Next Maker will be at a Vista North-West of the
Highpass Haven, where you started your adventure on this map.

Before that, you can try to show me your jumping skills
By getting to the Owl at the top of this Shrine!
Will you even try?"/>
		<POI MapID="31" xpos="1031.42" ypos="168.711" zpos="-382.461" type="mow.makers" GUID="x3CupMxZdUSZg1iIOfKswQ==" info="[16'] Oh! By the spirits of the Wild! That's Wild! Well Done!

Now, look North-East. There is a large valley.
Go in there, and stick to the cliffs on your right.
It will lead you north. But after you go through another Svanir camp,
you will find an entrance to a cavern in this right side.
Get in there.

Next Marker after having jump on rusted pipes, near a Chest!"/>
		<POI MapID="31" xpos="1222.94" ypos="27.5684" zpos="154.991" type="mow.makers" GUID="+YnADn1wMkmmjcPnsCN5Lw==" info="[16'] Next Maker will be at a Vista North-West of the
Highpass Haven, where you started your adventure on this map."/>
		<POI MapID="31" xpos="874.396" ypos="60.406" zpos="358.632" type="mow.makers" GUID="fZWFBO5VPke2yy5r/rVQzw==" info="[!] Read signs! The road is closed!!!"/>
		<POI MapID="31" xpos="999.889" ypos="64.3821" zpos="528.134" type="mow.makers" GUID="DxnuxvSeqkC/oWprhW/w4w==" info="[17] Look up, you can see the sun!

Seriously. Get out of this tunnels by the Western exit.
Next Marker at the exit."/>
		<POI MapID="31" xpos="719.596" ypos="39.5557" zpos="451.584" type="mow.makers" GUID="PfANn89nQkWbJnZ30moZtg==" info="[18] Follow the trail South (on your left).
Next Marker is at Blasted Haven. An Haven that is no more."/>
		<POI MapID="31" xpos="649.4" ypos="58.506" zpos="239.147" type="mow.makers" GUID="1u84ryPAUk2fKqwMwS4Txg==" info="[19] A champion Goliath can appear here.

After that, continue West on the road, and take the
first turn rigth.

Next Marker will indicate you when to turn."/>
		<POI MapID="31" xpos="491.01" ypos="53.4903" zpos="224.315" type="mow.makers" GUID="Fg+QYxS120iRNWujEN67Ow==" info="[20] This is where you turn righ.
Follow the path but quit toward West before reaching the Homestead.
And find Next Maker near Brina the Tanner."/>
		<POI MapID="31" xpos="336.769" ypos="61.2736" zpos="251.062" type="mow.makers" GUID="NaLGE95hzEenAPQFrIC7EQ==" info="[21] You can play a mini-game here!!!

For Next Marker, keep going East to Torstvedt Homestead Waypoint.
On your way pay attention to any NPC who might require your help."/>
		<POI MapID="31" xpos="226.651" ypos="81.2307" zpos="144.591" type="mow.makers" GUID="eva6eTCemUWssujoamtCfw==" info="[22] There is a stone bridge South, that you don't see from here.
A scout is also near this bridge.

Next Marker near the Scout named Brilliant Dawn."/>
		<POI MapID="31" xpos="241.409" ypos="37.3036" zpos="27.7865" type="mow.makers" GUID="7MRSPjGQTkSL0swB0h8y0g==" info="[23] You will now follow the Road West until you will be
at Snowdrift Haven.

Next Marker at the Haven, near Repair NPC.

While on the road, you might find an escort event. You can
also wait for it to reset as it starts around here. Be aware
that the reset might take a while, as the NPCs of the event
are most likely dead somewhere on the road."/>
		<POI MapID="31" xpos="-297.822" ypos="47.1198" zpos="-64.0429" type="mow.makers" GUID="Y5WinDbm5k6N5VuV7Y2zEw==" info="[24] Run around the Haven. make sure the Bridge a bit West is still up.
Else, speak to the NPOs to start an event to rebuilt it.

After that, continue exploring the Haven and find a Secret Door.

Next Marker after you pass through this door."/>
		<POI MapID="31" xpos="-430.053" ypos="0.257584" zpos="-114.112" type="mow.makers" GUID="6hqtgnxdJUuDPOmPNjuE0w==" info="[25] Wait here for Agent Briathell. Then launch the Event.

Next Marker at the end of the event."/>
		<POI MapID="31" xpos="-738.793" ypos="71.3853" zpos="129.769" type="mow.makers" GUID="6F4K9vpLc0GTb5MAx99Stw==" info="[26] South behind this mountain is Frozen Sweeps Waypoint.
Next Maker is there too."/>
		<POI MapID="31" xpos="-747.93" ypos="44.016" zpos="-34.6869" type="mow.makers" GUID="3mB87FD4ZEWbZjeCqe7ADA==" info="[27] Turn back and run towards North-West. You should see tents 
in the distance. This is your goal.

Next Marker at the Seraph Outriders' Waypoint."/>
		<POI MapID="31" xpos="-1088.53" ypos="85.0835" zpos="105.198" type="mow.makers" GUID="hgbS3Txyg0yaWd7+qC+Lyw==" info="[28] he Heart here is not very fast to complete. Except that you can
talk to NPCs and repeat the same dialog again and again
to quickly fill the heart.

After that, continue on that trail further North-West.

You will find next Marker in the dormitory of Scholar's Cleft
Waypoint."/>
		<POI MapID="31" xpos="-1172.18" ypos="154.271" zpos="350.592" type="mow.makers" GUID="7blMB9S1v0KCSO0HPFcPrw==" info="[29] There is nothing to do here. But, after you leave, just
go along the mountains North and try to find a cave.

Next marker at the bottom of the Cave, near an Hero
Challenge!"/>
		<POI MapID="31" xpos="-897.545" ypos="84.3444" zpos="511.285" type="mow.makers" GUID="kQ2n/OOpdkmahGOGziMw2g==" info="[30] Well done! After that you can just leave this cave using the
portal and head to the Centaur Camp West.

Next Marker is either in the Centaur Camp or in a Troll Camp
North of the Centaurs. In both cases, you can find a
Champion in the camps. Bring some friends to kill them.

Good Luck!"/>
		<POI MapID="31" xpos="-671.471" ypos="103.483" zpos="541.214" type="mow.makers" GUID="XU+HGdwDnEyNNJNxFqoRtQ==" info="[31] Continue furhter West and find Isenfall Waypoint. There will
be an Homestead there.

Find a duo around this homestead. Next Marker is where greatest
Fear is also to be found."/>
		<POI MapID="31" xpos="-798.282" ypos="86.2518" zpos="369.791" type="mow.makers" GUID="HWAON1iY2E6H7h/JYZkluQ==" info="[32] Continue further West and find Isenfall Waypoint. There will
be an Homestead there.

Find a duo around this homestead. Next Marker is where greatest
Fear is also to be found."/>
		<POI MapID="31" xpos="-489.34" ypos="51.4475" zpos="575.682" type="mow.makers" GUID="2PVVtqbo6UuTcEB/m70sBw==" info="[33] You can now help the Quaggans in Isenfall Lake.

Next Maker in a Grawl lair South of the lake."/>
		<POI MapID="31" xpos="-255.46" ypos="1.61388" zpos="183.686" type="mow.makers" GUID="XDiWBMWzlUS531YOUCNiVw==" info="[34] Continue South along the Lake. You will find a way to reach
Valsake further South.

Next Marker on your way to Valslake. If you didn't find it,
you probably didn't take the right path."/>
		<POI MapID="31" xpos="-205.527" ypos="-1.04527" zpos="-90.1083" type="mow.makers" GUID="e0hiyubP3ESiutwNZQU+tg==" info="[35] Nicely done! Beautiful place don't you think?

Keep swiming on the surface to have some Quaggan judging your
swimming skills.

Next Marker at Valslake Waypoint further South."/>
		<POI MapID="31" xpos="-64.5422" ypos="3.38662" zpos="-353.094" type="mow.makers" GUID="dH93acjYFUGrcVs6Az6NhQ==" info="[36] Just north is a Dredge Cave. Next marker there.
Each time you die in that cave, you can perhaps waypoint
at Snowdrift Haven and check on the bridge to see if
it is still up or not. Help rebuild if possible!

You can also check on the Meta Event of the Kodan Claw.

Next Maker at the bottom of the Dredge Cave.
In truth? Good luck."/>
		<POI MapID="31" xpos="-54.3222" ypos="16.3731" zpos="-270.485" type="mow.makers" GUID="KWuoypNUP0GV1ynOKQIQVg==" info="[37] You now want to reach a settlement at the
South-East corner of the Map. You can leave from
Sbnowdrift Haven and follow the road East. It will
naturally guide you there.

Next Marker at Podaga Steading Waypoint in the
settlement."/>
		<POI MapID="31" xpos="-980.471" ypos="58.4762" zpos="-387.436" type="mow.makers" GUID="ZAYIj736w0GRjHDoBapXYA==" info="[38] You are now waiting for the dredge's events
to occur in the cave just East, Molengrad.
While you wait, get the Vista, the Hero Challenge
and also the Waypoint further West.

Next Marker is at the camp in front of the
Eastern entrance of Molengrad"/>
		<POI MapID="31" xpos="-567.963" ypos="60.1974" zpos="-432.429" type="mow.makers" GUID="EinjFp4fM02xLITTJTgeCg==" info="[39] If you did do the dredge events in Molengrad, I ad-
vise to wait for them.

Else, you can simply end this map tour by reaching
the Lornar's Waypoint East from here."/>
		<POI MapID="31" xpos="-402.457" ypos="28.466" zpos="-419.664" type="mow.makers" GUID="6KWZ0DRd2EOG9KPvGXswfw==" info="[40] You did it! The full tour of what is often
considered as the less interesting map in Core Tyria!
Next step for you if you are a Norn levelling my be Diessa
Plateau to gain more levels. Else, you can directly
Jump south to Lornar's Pass!!!

-You can contact me In-Game under 'Euste Ylhes.1095' [EU server]"/>
	</POIs>
</OverlayData>