<OverlayData>
	<POIs>
		<POI MapID="53" xpos="-344.964" ypos="12.2172" zpos="901.761" type="mow.makersstart" GUID="efbECJO5hEmTR3xg0wGtdg=="/>
		<POI MapID="53" xpos="-344.964" ypos="12.2172" zpos="901.761" type="mow.makers" GUID="aVopvG2wyk+tr6F0292VWw==" info="[1] "/>
		<POI MapID="53" xpos="-502.273" ypos="36.8667" zpos="410.214" type="mow.makers" GUID="w/lh5NUfbEWZzfGMSuuA2Q==" info="[2] "/>
		<POI MapID="53" xpos="-344.736" ypos="21.5995" zpos="525.316" type="mow.makers" GUID="Ga3BJLGEhEOoq9qgpx5AGA==" info="[3] "/>
		<POI MapID="53" xpos="-543.832" ypos="89.5233" zpos="513.968" type="mow.makers" GUID="S7pm3Cm1XkuppZHvUheAmg==" info="[4] "/>
		<POI MapID="53" xpos="-518.116" ypos="76.9615" zpos="352.174" type="mow.makers" GUID="SYCj5fcTA0ucK/tdqW5R7A=="/>
		<POI MapID="53" xpos="-660.457" ypos="65.941" zpos="340.709" type="mow.makers" GUID="QEv9Psh5SE2mm/uK9rlhXw=="/>
		<POI MapID="53" xpos="-246.966" ypos="34.0548" zpos="293.797" type="mow.makers" GUID="7dh3uGh66ESF0n/xPPoQ2w=="/>
		<POI MapID="53" xpos="-176.257" ypos="1.70453" zpos="415.594" type="mow.makers" GUID="dP3ZylyOUE2aCKlM5D9f+w=="/>
		<POI MapID="53" xpos="-14.1744" ypos="12.571" zpos="576.801" type="mow.makers" GUID="dbdImCd6O0iXbz7yz+huwg=="/>
		<POI MapID="53" xpos="19.2773" ypos="33.3567" zpos="483.083" type="mow.makers" GUID="zPzCBrqYCka1lqErwmot1g=="/>
		<POI MapID="53" xpos="169.481" ypos="5.21669" zpos="566.361" type="mow.makers" GUID="RB9e33Zsl0SoBXy4wDvezg=="/>
		<POI MapID="53" xpos="212.17" ypos="3.09765" zpos="709.881" type="mow.makers" GUID="3or57LalOUSZSJyWvJyKaA=="/>
		<POI MapID="53" xpos="134.138" ypos="23.2897" zpos="757.285" type="mow.makers" GUID="8POGX0ET3Eezs+NmW29fqA=="/>
		<POI MapID="53" xpos="186.254" ypos="40.7301" zpos="848.795" type="mow.makers" GUID="n1hhWRizs0+zPGn+f/rcWA=="/>
		<POI MapID="53" xpos="279.447" ypos="33.7872" zpos="999.005" type="mow.makers" GUID="/YO/7m237ke7cb4y/WVb4A=="/>
		<POI MapID="53" xpos="264.301" ypos="-0.450921" zpos="947.569" type="mow.makers" GUID="3uGp9P9MKEKhRNtMp+jlHg=="/>
		<POI MapID="53" xpos="520.064" ypos="5.40637" zpos="807.31" type="mow.makers" GUID="ViNel7aeO0q27ZiIYxXEtQ=="/>
		<POI MapID="53" xpos="607.87" ypos="27.7936" zpos="666.951" type="mow.makers" GUID="aa8MfCVtNUCFTq0YaciyWQ=="/>
		<POI MapID="53" xpos="491.874" ypos="34.6994" zpos="539.674" type="mow.makers" GUID="cnRJ6Z0LF0WUzqPRFP2OyQ=="/>
		<POI MapID="53" xpos="540.405" ypos="64.0219" zpos="410.075" type="mow.makers" GUID="VRaaFq8S6E6DrwyUz7QZiA=="/>
		<POI MapID="53" xpos="577.717" ypos="74.7741" zpos="130.504" type="mow.makers" GUID="G7YfIQV5AUCu36b4q3al0Q=="/>
		<POI MapID="53" xpos="372.386" ypos="54.0923" zpos="336.77" type="mow.makers" GUID="a7ocjxChy0i+1SZQyFtumg=="/>
		<POI MapID="53" xpos="581.218" ypos="40.3526" zpos="16.5204" type="mow.makers" GUID="gPtpOD5IfUe9YItZTSJfkw=="/>
		<POI MapID="53" xpos="489.457" ypos="6.37915" zpos="61.2718" type="mow.makers" GUID="hvWcClop40iBRuOAM1T4JA=="/>
		<POI MapID="53" xpos="682.959" ypos="70.4054" zpos="10.2035" type="mow.makers" GUID="w6CZNBAdq0KDHnLXuGhH3Q=="/>
		<POI MapID="53" xpos="-44.7472" ypos="7.58168" zpos="212.783" type="mow.makers" GUID="8fk4NLUKeE+Ft5A3gA/kgA=="/>
		<POI MapID="53" xpos="-204.522" ypos="-22.3028" zpos="89.5367" type="mow.makers" GUID="H3JCBXDArUOd/5CLkZpdow=="/>
		<POI MapID="53" xpos="-595.721" ypos="5.94458" zpos="61.2296" type="mow.makers" GUID="39+AUJBYZEWuKgXkvlkE5g=="/>
		<POI MapID="53" xpos="-233.52" ypos="30.1553" zpos="-265.918" type="mow.makers" GUID="QwZhvwr+/kOgEiodXN4ZfQ=="/>
		<POI MapID="53" xpos="-239.239" ypos="36.7651" zpos="-432.349" type="mow.makers" GUID="UmBf+iZG7kqNOwiDaqMJzA=="/>
		<POI MapID="53" xpos="-154.926" ypos="2.86803" zpos="-286.799" type="mow.makers" GUID="7T8z2OJwxUOndcUziEowpw=="/>
		<POI MapID="53" xpos="-68.1681" ypos="-30.092" zpos="-49.543" type="mow.makers" GUID="xnPNphXfMUC8k/nmwFRRAg=="/>
		<POI MapID="53" xpos="72.6156" ypos="2.67875" zpos="30.2786" type="mow.makers" GUID="I005gOaWFUe/j2+usGZSzg=="/>
		<POI MapID="53" xpos="706.415" ypos="69.542" zpos="-315.907" type="mow.makers" GUID="xWsXNkKm5kal3o2qD81xIQ=="/>
		<POI MapID="53" xpos="532.425" ypos="49.476" zpos="-277.683" type="mow.makers" GUID="AU6xBx2HCkSzuIl87VGc1A=="/>
		<POI MapID="53" xpos="316.223" ypos="2.88085" zpos="-341.449" type="mow.makers" GUID="P4D62KUfz0u253I2LPZHHg=="/>
		<POI MapID="53" xpos="167.162" ypos="3.19746" zpos="-301.088" type="mow.makers" GUID="JUvk1UfCQU2RC9/UcsGiFw=="/>
		<POI MapID="53" xpos="279.781" ypos="3.83595" zpos="-668.038" type="mow.makers" GUID="9ZPidX5ztkqnAfW25sKalw=="/>
		<POI MapID="53" xpos="205.331" ypos="27.2141" zpos="-869.933" type="mow.makers" GUID="S7uh9joP7kyWV1MD/khIWg=="/>
		<POI MapID="53" xpos="72.5287" ypos="29.2461" zpos="-824.225" type="mow.makers" GUID="8bMF/LGyd0udhkh/sUhOfg=="/>
		<POI MapID="53" xpos="-119.902" ypos="69.5811" zpos="-827.276" type="mow.makers" GUID="HE2+a6ymgEOeCsCEGJx8VQ=="/>
		<POI MapID="53" xpos="-390.079" ypos="8.30289" zpos="-760.23" type="mow.makers" GUID="1SvY6PepUkyChSKV4rTE6A=="/>
		<POI MapID="53" xpos="-382.971" ypos="10.9358" zpos="-598.406" type="mow.makers" GUID="Ki7B3cWYzkazxYqVpRar5g=="/>
		<POI MapID="53" xpos="-552.942" ypos="-47.1019" zpos="-386.934" type="mow.makers" GUID="Ty4j/zqygUGGIRBT4T2hJw=="/>
		<POI MapID="53" xpos="-682.87" ypos="21.6094" zpos="-549.901" type="mow.makers" GUID="IrzixEZzDEi1rembAaRyGQ==" info="After you kill Tequatl, you will be able to dive in the sea and find a hole.
Get into that, but be careful as the water will be poisonned.
There is a chest at the bottom of the cave, after that, you will be able to swim
to the surface to exit the poisonnous water."/>
		<POI MapID="53" xpos="-17.299" ypos="0.481483" zpos="-664.856" type="mow.makers" GUID="TKZKjZ6zBUmUG+RJ3dg/rQ=="/>
		<POI MapID="53" xpos="573.687" ypos="32.4477" zpos="-614.433" type="mow.makers" GUID="ZjH9YcSMAUe2R2EX2LjcbQ=="/>
		<POI MapID="53" xpos="645.093" ypos="40.6689" zpos="-770.606" type="mow.makers" GUID="5PrEixFJakGmZDFAgBLsjw=="/>
		<POI MapID="53" xpos="748.845" ypos="29.4659" zpos="-860.647" type="mow.makers" GUID="MSxYosPjFUqGOMBe82RQEA==" info="WELL DONE!
Whooo! This is such a cool place to end this map tour!
Thank you so much for using this pack.

Next on your list should be Mount Maelstrom.

Anyway, if you have some feedback, you can still join me in-game
at [Euste Ylhes.1095]!

Have fun!!! o/"/>
	</POIs>
</OverlayData>
