<OverlayData>
	<POIs>
		<POI MapID="51" xpos="897.378" ypos="36.6148" zpos="120.498" type="mow.makersstart" GUID="axvAuVk3JkeBxxG/5yNLAA=="/>
		<POI MapID="51" xpos="897.378" ypos="36.6148" zpos="120.498" type="mow.makers" GUID="0o5CpYcwNUWNssNdJAP0Ag=="/>
		<POI MapID="51" xpos="809.744" ypos="15.0523" zpos="437.539" type="mow.makers" GUID="xFDGn+G4Q0un/OQ3L04MIQ=="/>
		<POI MapID="51" xpos="720.481" ypos="9.33113" zpos="554.357" type="mow.makers" GUID="NeD/KmFoQk+Y2GLO30juBA=="/>
		<POI MapID="51" xpos="815.979" ypos="57.0037" zpos="689.166" type="mow.makers" GUID="hmVJu5W4eEONhTpFHZuNgQ=="/>
		<POI MapID="51" xpos="655.301" ypos="52.6104" zpos="746.741" type="mow.makers" GUID="0d3eDJ2LI0WBzTZc1R4cSQ=="/>
		<POI MapID="51" xpos="515.415" ypos="71.3179" zpos="728.891" type="mow.makers" GUID="H6RjT3n9sEukeiPRqowr8g=="/>
		<POI MapID="51" xpos="312.025" ypos="20.6407" zpos="764.803" type="mow.makers" GUID="rgmasNrsz0K5kpisyMBW9w=="/>
		<POI MapID="51" xpos="515.915" ypos="0.365425" zpos="558.252" type="mow.makers" GUID="+tEBXOjYaU68Up0Pf+ZGLw=="/>
		<POI MapID="51" xpos="653.8" ypos="4.63525" zpos="101.114" type="mow.makers" GUID="gPMDQ5anPUi7Kzp93G/u/g=="/>
		<POI MapID="51" xpos="627.8" ypos="5.12572" zpos="-135.117" type="mow.makers" GUID="1ZkWwwxIjE2w70Su/zxA3A=="/>
		<POI MapID="51" xpos="425.639" ypos="15.1923" zpos="-361.465" type="mow.makers" GUID="QXmxNDvIK0qUSirVAWTUTg=="/>
		<POI MapID="51" xpos="30.1493" ypos="1.6009" zpos="-309.29" type="mow.makers" GUID="I6mqbs/xikKxN8Dj1dmwsA=="/>
		<POI MapID="51" xpos="-92.9209" ypos="6.51452" zpos="-426.644" type="mow.makers" GUID="4FmgslJb1kSSiSEM3sgN/w=="/>
		<POI MapID="51" xpos="-199.737" ypos="4.49088" zpos="-393.299" type="mow.makers" GUID="jPVZpoS4kE6i/FLwzZC3hw=="/>
		<POI MapID="51" xpos="-339.485" ypos="0.380644" zpos="-506.125" type="mow.makers" GUID="ANQl1gR9/0qv33nOxIQSUw=="/>
		<POI MapID="51" xpos="-336.671" ypos="22.3631" zpos="-634.056" type="mow.makers" GUID="tGosl7XfzEKxGdrszkQPRg=="/>
		<POI MapID="51" xpos="-217.712" ypos="25.1716" zpos="-682.931" type="mow.makers" GUID="PPIPEl3xbkm1WzghUpBHpA=="/>
		<POI MapID="51" xpos="-127.794" ypos="36.9401" zpos="-573.669" type="mow.makers" GUID="5WCY9UD9DEOxSi6d08Fcdg=="/>
		<POI MapID="51" xpos="-16.494" ypos="24.3125" zpos="-555.7" type="mow.makers" GUID="1gq0qrVpcUuLdKzkOUE0BQ=="/>
		<POI MapID="51" xpos="63.8755" ypos="26.9989" zpos="-451.583" type="mow.makers" GUID="cVmJzsjMJ0e8ZxJlysfAOA=="/>
		<POI MapID="51" xpos="167.549" ypos="37.7654" zpos="-380.899" type="mow.makers" GUID="R0sFqN+nykqVrjOdbp4b3w=="/>
		<POI MapID="51" xpos="176.568" ypos="77.9261" zpos="-317.318" type="mow.makers" GUID="Y0AuwT3y+0SPcwnR6xa+iA=="/>
		<POI MapID="51" xpos="291.157" ypos="0.388416" zpos="-464.245" type="mow.makers" GUID="L12DgS1bOUamXUeyVmAoPw=="/>
		<POI MapID="51" xpos="538.177" ypos="1.56532" zpos="-512.568" type="mow.makers" GUID="cd1y7smBzkq0jrDWW1im6w=="/>
		<POI MapID="51" xpos="852.368" ypos="2.56563" zpos="-320.498" type="mow.makers" GUID="esg2BdAgpUm5vVuqCQLBFw=="/>
		<POI MapID="51" xpos="905.608" ypos="52.7908" zpos="-220.907" type="mow.makers" GUID="v1lfHHCArE2rlXJzvZDOPw=="/>
		<POI MapID="51" xpos="863.276" ypos="46.3466" zpos="-123.804" type="mow.makers" GUID="S4SP/NbsR0unHTI29A1VKQ=="/>
		<POI MapID="51" xpos="847.994" ypos="46.5785" zpos="-70.2293" type="mow.makers" GUID="MTl0GFc6vUC63Y59rCKTkg=="/>
		<POI MapID="51" xpos="734.365" ypos="8.18125" zpos="315.229" type="mow.makers" GUID="KtJYzXoSHEOPoVBjX64zyA=="/>
		<POI MapID="51" xpos="62.3764" ypos="16.4874" zpos="627.274" type="mow.makers" GUID="eW5L1TjoskuNRZ7Chqu4cg=="/>
		<POI MapID="51" xpos="-333.966" ypos="0.199494" zpos="212.487" type="mow.makers" GUID="hnS7yqtwL0iaqUpe6455bg=="/>
		<POI MapID="51" xpos="-721.569" ypos="-20.7026" zpos="419.291" type="mow.makers" GUID="s9gtUEnISkSfK1Y1ouogsg=="/>
		<POI MapID="51" xpos="-789.832" ypos="0.170733" zpos="354.884" type="mow.makers" GUID="ZJ8TAOnycE6J0tE+dSgRlQ=="/>
		<POI MapID="51" xpos="-788.948" ypos="32.7996" zpos="-42.1968" type="mow.makers" GUID="d6UdCmyY5EGvssR+W6Y/3w=="/>
		<POI MapID="51" xpos="-929.727" ypos="57.8247" zpos="-263.142" type="mow.makers" GUID="8gZCesUpwEumnp4nY4NxpA=="/>
		<POI MapID="51" xpos="-941.058" ypos="22.5371" zpos="127.085" type="mow.makers" GUID="zMmJYAT+mkmmRPpxMWPtSQ=="/>
		<POI MapID="51" xpos="-914.777" ypos="23.0452" zpos="277.007" type="mow.makers" GUID="LObwQKNzCUCgaHDq3jK4RQ=="/>
		<POI MapID="51" xpos="-599.493" ypos="-121.816" zpos="678.14" type="mow.makers" GUID="L/Zfo2JbckyiJe2RdPInww=="/>
		<POI MapID="51" xpos="-364.948" ypos="-115.418" zpos="662.691" type="mow.makers" GUID="bVzik/g6eUq1VgXTUgG5Pg=="/>
		<POI MapID="51" xpos="577.965" ypos="3.77672" zpos="213.615" type="mow.makers" GUID="G8EdaYxubEiqkN2hDUbuBA=="/>
		<POI MapID="51" xpos="187.042" ypos="21.3247" zpos="181.093" type="mow.makers" GUID="1oeo5HlgnUigPygxsTyX9Q=="/>
		<POI MapID="51" xpos="-219.104" ypos="0.417646" zpos="-86.3628" type="mow.makers" GUID="mdXmoAitlEOFeQk0LHXT1A=="/>
		<POI MapID="51" xpos="-502.657" ypos="40.7429" zpos="-114.735" type="mow.makers" GUID="QQVnu5oBZUi6kSudqfJSRA=="/>
		<POI MapID="51" xpos="-658.069" ypos="95.7807" zpos="-463.124" type="mow.makers" GUID="XKRWGefKaEakw0K1AG5n9g=="/>
		<POI MapID="51" xpos="-894.804" ypos="37.0907" zpos="-375.322" type="mow.makers" GUID="cHSaKEu6MUSUpgBOEGCgsw=="/>
		<POI MapID="51" xpos="-777.387" ypos="41.2905" zpos="-649.673" type="mow.makers" GUID="x1AELbW+D0aGr1zCbv672g=="/>
		<POI MapID="51" xpos="10.6364" ypos="0.253991" zpos="-682.31" type="mow.makers" GUID="Jin58IQA8E2k7JDMsYSWWA=="/>
		<POI MapID="51" xpos="-580.815" ypos="15.6743" zpos="-716.977" type="mow.makers" GUID="TRuCBAnHw0SIP8QZDFkzgA=="/>
	</POIs>
</OverlayData>
